timestamp,state,wp_idx,heading_deg,target_heading_deg,rel_alt,vfr_alt,fwd_pwm,yaw_pwm,duration_left,zed_x,zed_y,zed_yaw_deg,cube_ax,cube_ay,cube_az,cube_gx,cube_gy,cube_gz,zed_ax,zed_ay,zed_az,zed_gx,zed_gy,zed_gz,ekf_x,ekf_y,ekf_z,ekf_yaw_deg,zed_fps,zed_diag
1787114151.422,ARMING,0,112.00,21.61,-0.08,-0.23,1500,1500,0.00,4.249,-3.937,-131.50,0.235,-1.736,9.650,-0.000,0.002,-0.008,-9.635,-1.791,0.308,-0.002,-0.000,0.001,0.000,0.000,0.000,0.00,0.0,OK
1787114151.472,DIVING,0,112.00,21.61,-0.08,-0.23,1500,1500,0.00,4.249,-3.937,-131.50,0.235,-1.736,9.650,-0.000,0.002,-0.008,-9.628,-1.781,0.291,-0.003,-0.000,-0.002,0.000,0.000,0.000,0.00,0.0,OK
1787114151.522,DIVING,0,112.00,21.61,-0.08,-0.23,1500,1500,0.00,4.249,-3.936,-131.45,0.235,-1.736,9.650,-0.000,0.002,-0.008,-9.620,-1.800,0.324,-0.002,-0.002,-0.003,0.000,0.000,0.000,0.00,0.0,OK
1787114151.573,DIVING,0,112.00,21.61,-0.08,-0.23,1500,1500,0.00,4.250,-3.934,-131.49,0.235,-1.736,9.650,-0.000,0.002,-0.008,-9.630,-1.801,0.322,-0.003,-0.001,-0.004,0.000,0.000,0.000,0.00,0.0,OK
1787114151.622,DIVING,0,112.00,21.61,-0.08,-0.23,1500,1500,0.00,4.249,-3.934,-131.53,0.235,-1.736,9.650,-0.000,0.002,-0.008,-9.635,-1.798,0.312,-0.003,-0.003,-0.001,0.000,0.000,0.000,0.00,0.0,OK
1787114151.672,DIVING,0,112.00,21.61,-0.08,-0.23,1500,1500,0.00,4.249,-3.934,-131.53,0.235,-1.736,9.630,-0.003,-0.001,-0.008,-9.632,-1.786,0.315,-0.006,-0.001,-0.002,0.000,0.000,0.000,0.00,0.0,OK
1787114151.722,DIVING,0,112.00,21.61,-0.08,-0.23,1500,1500,0.00,4.248,-3.933,-131.50,0.235,-1.736,9.630,-0.003,-0.001,-0.008,-9.616,-1.810,0.334,-0.003,-0.004,-0.003,0.000,0.000,0.000,0.00,0.0,OK
1787114151.773,DIVING,0,112.00,21.61,-0.08,-0.23,1500,1500,0.00,4.244,-3.931,-130.98,0.235,-1.736,9.630,-0.003,-0.001,-0.008,-9.627,-1.815,0.310,-0.002,-0.004,0.001,0.000,0.000,0.000,0.00,0.0,OK
1787114151.822,DIVING,0,112.00,21.61,-0.08,-0.23,1500,1500,0.00,4.243,-3.930,-130.95,0.235,-1.736,9.630,-0.003,-0.001,-0.008,-9.642,-1.822,0.315,-0.004,-0.002,-0.003,0.000,0.000,0.000,0.00,16.0,OK
1787114151.872,DIVING,0,112.00,21.61,-0.08,-0.23,1500,1500,0.00,4.243,-3.930,-130.95,0.235,-1.736,9.630,-0.003,-0.001,-0.008,-9.623,-1.822,0.324,-0.003,-0.001,-0.001,0.000,0.000,0.000,0.00,16.0,OK
1787114151.923,DIVING,0,111.00,21.61,-0.08,-0.23,1500,1500,0.00,4.241,-3.928,-130.63,0.226,-1.746,9.640,-0.001,0.000,-0.007,-9.642,-1.798,0.331,-0.001,0.001,-0.002,0.000,0.000,0.000,0.00,16.0,OK
1787114151.973,DIVING,0,111.00,21.61,-0.08,-0.23,1500,1500,0.00,4.240,-3.928,-130.60,0.226,-1.746,9.640,-0.001,0.000,-0.007,-9.623,-1.812,0.317,-0.001,-0.002,0.001,0.000,0.000,0.000,0.00,16.0,OK
1787114152.022,DIVING,0,111.00,21.61,-0.08,-0.23,1500,1500,0.00,4.240,-3.927,-130.67,0.226,-1.746,9.640,-0.001,0.000,-0.007,-9.625,-1.805,0.319,-0.003,0.001,0.001,0.000,0.000,0.000,0.00,16.0,OK
1787114152.073,DIVING,0,111.00,21.61,-0.08,-0.23,1500,1500,0.00,4.240,-3.927,-130.67,0.226,-1.746,9.640,-0.001,0.000,-0.007,-9.503,-1.856,0.315,-0.004,0.002,-0.007,0.000,0.000,0.000,0.00,16.0,OK
1787114152.123,DIVING,0,111.00,21.61,-0.08,-0.23,1500,1500,0.00,4.240,-3.928,-130.82,0.226,-1.746,9.640,-0.001,0.000,-0.007,-9.401,-1.831,0.327,-0.004,0.004,0.042,0.000,0.000,0.000,0.00,16.0,OK
1787114152.173,DIVING,0,111.00,21.61,-0.08,-0.23,1500,1500,0.00,4.241,-3.927,-130.92,0.235,-1.736,9.630,0.040,0.005,-0.005,-9.532,-1.811,0.305,-0.007,0.009,0.078,0.000,0.000,0.000,0.00,16.0,OK
1787114152.223,DIVING,0,111.00,21.61,-0.08,-0.23,1500,1500,0.00,4.241,-3.927,-131.19,0.235,-1.736,9.630,0.040,0.005,-0.005,-9.344,-1.931,0.260,-0.012,0.008,0.306,0.000,0.000,0.000,0.00,16.0,OK
1787114152.272,DIVING,0,111.00,21.61,-0.08,-0.23,1500,1500,0.00,4.241,-3.927,-131.19,0.235,-1.736,9.630,0.040,0.005,-0.005,-9.501,-1.536,0.313,-0.016,0.023,0.656,0.000,0.000,0.000,0.00,16.0,OK
1787114152.323,DIVING,0,111.00,21.61,-0.08,-0.23,1500,1500,0.00,4.240,-3.925,-130.76,0.235,-1.736,9.630,0.040,0.005,-0.005,-9.658,-0.914,0.296,-0.025,0.031,0.754,0.000,0.000,0.000,0.00,16.0,OK
1787114152.373,DIVING,0,111.00,21.61,-0.08,-0.23,1500,1500,0.00,4.248,-3.909,-127.78,0.235,-1.736,9.630,0.040,0.005,-0.005,-9.673,-0.727,0.329,-0.020,0.037,0.751,0.000,0.000,0.000,0.00,16.0,OK
1787114152.423,DIVING,0,111.00,21.61,-0.09,-0.23,1500,1500,0.00,4.249,-3.893,-122.71,0.235,-1.814,9.444,0.750,0.040,0.018,-9.718,-0.336,0.336,-0.018,0.031,0.670,0.000,0.000,0.000,0.00,16.0,OK
1787114152.473,DIVING,0,111.00,21.61,-0.09,-0.23,1500,1500,0.00,4.249,-3.893,-122.71,0.235,-1.814,9.444,0.750,0.040,0.018,-9.666,-0.012,0.300,-0.008,0.015,0.499,0.000,0.000,0.000,0.00,16.0,OK
1787114152.523,DIVING,0,111.00,21.61,-0.09,-0.23,1500,1500,0.00,4.237,-3.890,-114.63,0.235,-1.814,9.444,0.750,0.040,0.018,-9.704,0.232,0.240,0.012,-0.002,0.359,0.000,0.000,0.000,0.00,16.0,OK
1787114152.573,DIVING,0,111.00,21.61,-0.09,-0.23,1500,1500,0.00,4.223,-3.910,-106.83,0.235,-1.814,9.444,0.750,0.040,0.018,-9.778,0.558,0.269,0.001,-0.006,0.279,0.000,0.000,0.000,0.00,16.0,OK
1787114152.623,DIVING,0,111.00,21.61,-0.09,-0.23,1500,1500,0.00,4.207,-3.916,-79.64,0.235,-1.814,9.444,0.750,0.040,0.018,-9.682,0.713,0.283,-0.007,0.001,0.215,0.000,0.000,0.000,0.00,16.0,OK
1787114152.673,DIVING,0,110.00,21.61,-0.10,-0.23,1500,1500,0.00,4.207,-3.916,-79.64,0.216,-0.549,9.748,0.212,0.006,-0.001,-9.694,0.583,0.238,-0.017,0.019,0.114,0.000,0.000,0.000,0.00,16.0,OK
1787114152.723,DIVING,0,110.00,21.61,-0.10,-0.23,1500,1500,0.00,4.207,-3.916,-56.20,0.216,-0.549,9.748,0.212,0.006,-0.001,-9.756,0.652,0.197,-0.034,0.034,0.052,0.000,0.000,0.000,0.00,16.0,OK
1787114152.773,DIVING,0,110.00,21.61,-0.10,-0.23,1500,1500,0.00,4.429,-3.799,172.08,0.216,-0.549,9.748,0.212,0.006,-0.001,-9.759,0.432,0.269,-0.041,0.046,-0.036,0.000,0.000,0.000,0.00,16.0,OK
1787114152.823,DIVING,0,110.00,21.61,-0.10,-0.23,1500,1500,0.00,4.370,-3.750,-40.44,0.216,-0.549,9.748,0.212,0.006,-0.001,-9.828,0.431,0.185,-0.037,0.051,-0.078,0.000,0.000,0.000,0.00,15.0,OK
1787114152.873,DIVING,0,110.00,21.61,-0.10,-0.23,1500,1500,0.00,4.370,-3.750,-40.44,0.216,-0.549,9.748,0.212,0.006,-0.001,-9.713,0.251,0.157,-0.029,0.048,-0.111,0.000,0.000,0.000,0.00,15.0,OK
1787114152.922,DIVING,0,110.00,21.61,-0.11,-0.23,1500,1500,0.00,4.370,-3.750,-40.44,0.186,0.696,9.826,-0.113,0.052,0.023,-9.900,0.356,0.161,-0.016,0.047,-0.131,0.000,0.000,0.000,0.00,15.0,OK
1787114152.972,DIVING,0,110.00,21.61,-0.11,-0.23,1500,1500,0.00,4.343,-3.736,-49.29,0.186,0.696,9.826,-0.113,0.052,0.023,-9.957,0.350,0.137,-0.014,0.036,-0.110,0.000,0.000,0.000,0.00,15.0,OK
1787114153.023,DIVING,0,110.00,21.61,-0.11,-0.23,1500,1500,0.00,4.288,-3.703,-33.51,0.186,0.696,9.826,-0.113,0.052,0.023,-9.905,0.310,0.106,-0.011,0.023,-0.101,0.000,0.000,0.000,0.00,15.0,OK
1787114153.073,DIVING,0,110.00,21.61,-0.11,-0.23,1500,1500,0.00,4.288,-3.703,-33.51,0.186,0.696,9.826,-0.113,0.052,0.023,-9.904,0.255,0.103,-0.010,0.009,-0.042,0.000,0.000,0.000,0.00,15.0,OK
1787114153.123,DIVING,0,110.00,21.61,-0.11,-0.23,1500,1500,0.00,4.252,-3.690,-40.38,0.186,0.696,9.826,-0.113,0.052,0.023,-9.869,0.277,0.125,-0.009,0.001,-0.033,0.000,0.000,0.000,0.00,15.0,OK
1787114153.173,DIVING,0,110.00,21.61,-0.13,-0.23,1500,1500,0.00,4.229,-3.685,-45.38,0.039,0.471,9.807,-0.028,0.003,-0.002,-9.938,0.343,0.118,-0.011,-0.014,0.028,0.000,0.000,0.000,0.00,15.0,OK
1787114153.223,DIVING,0,110.00,21.61,-0.13,-0.23,1500,1500,0.00,4.229,-3.685,-45.38,0.039,0.471,9.807,-0.028,0.003,-0.002,-9.954,0.281,0.175,-0.008,-0.025,0.056,0.000,0.000,0.000,0.00,15.0,OK
1787114153.273,DIVING,0,110.00,21.61,-0.13,-0.23,1500,1500,0.00,4.234,-3.685,-49.35,0.039,0.471,9.807,-0.028,0.003,-0.002,-9.823,0.345,0.142,-0.008,-0.040,0.083,0.000,0.000,0.000,0.00,15.0,OK
1787114153.322,DIVING,0,110.00,21.61,-0.13,-0.23,1500,1500,0.00,4.222,-3.674,-46.12,0.039,0.471,9.807,-0.028,0.003,-0.002,-9.764,0.448,0.166,-0.010,-0.047,0.089,0.000,0.000,0.000,0.00,15.0,OK
1787114153.373,DIVING,0,110.00,21.61,-0.13,-0.23,1500,1500,0.00,4.234,-3.678,-43.60,0.039,0.471,9.807,-0.028,0.003,-0.002,-9.761,0.393,0.209,-0.011,-0.047,0.069,0.000,0.000,0.000,0.00,15.0,OK
1787114153.423,DIVING,0,110.00,21.61,-0.14,-0.23,1500,1500,0.00,4.228,-3.675,-38.45,0.029,0.343,9.777,0.070,-0.044,-0.001,-9.737,0.432,0.293,0.000,-0.038,0.022,0.000,0.000,0.000,0.00,15.0,OK
1787114153.473,DIVING,0,110.00,21.61,-0.14,-0.23,1500,1500,0.00,4.228,-3.675,-38.45,0.029,0.343,9.777,0.070,-0.044,-0.001,-9.675,0.433,0.205,-0.009,-0.045,-0.006,0.000,0.000,0.000,0.00,15.0,OK
1787114153.522,DIVING,0,110.00,21.61,-0.14,-0.23,1500,1500,0.00,4.227,-3.682,-34.55,0.029,0.343,9.777,0.070,-0.044,-0.001,-9.530,0.351,0.253,-0.010,-0.029,-0.031,0.000,0.000,0.000,0.00,15.0,OK
1787114153.573,DIVING,0,110.00,21.61,-0.14,-0.23,1500,1500,0.00,4.237,-3.690,-33.27,0.029,0.343,9.777,0.070,-0.044,-0.001,-9.809,0.364,0.247,-0.005,-0.022,-0.054,0.000,0.000,0.000,0.00,15.0,OK
1787114153.623,DIVING,0,110.00,21.61,-0.14,-0.23,1500,1500,0.00,4.241,-3.690,-35.34,0.029,0.343,9.777,0.070,-0.044,-0.001,-9.723,0.315,0.223,-0.006,-0.015,-0.057,0.000,0.000,0.000,0.00,15.0,OK
1787114153.673,DIVING,0,110.00,21.61,-0.17,-0.23,1500,1500,0.00,4.241,-3.690,-35.34,0.098,0.510,9.816,-0.061,-0.016,-0.008,-9.551,0.305,0.308,-0.008,-0.021,-0.068,0.000,0.000,0.000,0.00,15.0,OK
1787114153.723,DIVING,0,110.00,21.61,-0.17,-0.23,1500,1500,0.00,4.248,-3.694,-37.60,0.098,0.510,9.816,-0.061,-0.016,-0.008,-9.814,0.345,0.312,-0.001,-0.018,-0.058,0.000,0.000,0.000,0.00,15.0,OK
1787114153.773,DIVING,0,110.00,21.61,-0.17,-0.23,1500,1500,0.00,4.257,-3.694,-40.69,0.098,0.510,9.816,-0.061,-0.016,-0.008,-9.597,0.216,0.334,0.006,-0.017,-0.083,0.000,0.000,0.000,0.00,15.0,OK
1787114153.823,DIVING,0,110.00,21.61,-0.17,-0.23,1500,1500,0.00,4.262,-3.696,-43.12,0.098,0.510,9.816,-0.061,-0.016,-0.008,-9.611,0.161,0.303,0.002,-0.004,-0.078,0.000,0.000,0.000,0.00,15.0,OK
1787114153.873,DIVING,0,110.00,21.61,-0.17,-0.23,1500,1500,0.00,4.262,-3.696,-43.12,0.098,0.510,9.816,-0.061,-0.016,-0.008,-9.785,0.080,0.365,0.006,-0.013,-0.059,0.000,0.000,0.000,0.00,14.3,OK
1787114153.923,DIVING,0,109.00,21.61,-0.18,-0.23,1500,1500,0.00,4.268,-3.700,-46.10,0.157,0.343,9.738,-0.056,-0.010,-0.017,-9.633,0.189,0.295,0.008,-0.017,-0.056,0.000,0.000,0.000,0.00,14.3,OK
1787114153.973,DIVING,0,109.00,21.61,-0.18,-0.23,1500,1500,0.00,4.273,-3.701,-49.53,0.157,0.343,9.738,-0.056,-0.010,-0.017,-9.511,0.172,0.329,0.008,-0.011,-0.054,0.000,0.000,0.000,0.00,14.3,OK
1787114154.023,DIVING,0,109.00,21.61,-0.18,-0.23,1500,1500,0.00,4.276,-3.702,-51.58,0.157,0.343,9.738,-0.056,-0.010,-0.017,-9.668,0.112,0.283,0.011,0.000,-0.048,0.000,0.000,0.000,0.00,14.3,OK
1787114154.074,DIVING,0,109.00,21.61,-0.18,-0.23,1500,1500,0.00,4.276,-3.702,-51.58,0.157,0.343,9.738,-0.056,-0.010,-0.017,-9.670,0.060,0.327,0.010,0.003,-0.035,0.000,0.000,0.000,0.00,14.3,OK
1787114154.123,DIVING,0,109.00,21.61,-0.18,-0.23,1500,1500,0.00,4.282,-3.705,-53.83,0.157,0.343,9.738,-0.056,-0.010,-0.017,-9.699,0.035,0.350,0.005,0.003,-0.033,0.000,0.000,0.000,0.00,14.3,OK
1787114154.173,DIVING,0,109.00,21.61,-0.21,-0.23,1500,1500,0.00,4.287,-3.705,-55.98,0.226,0.196,9.738,-0.024,0.008,-0.019,-9.711,0.019,0.326,0.016,0.001,-0.012,0.000,0.000,0.000,0.00,14.3,OK
1787114154.223,DIVING,0,109.00,21.61,-0.21,-0.23,1500,1500,0.00,4.292,-3.706,-57.67,0.226,0.196,9.738,-0.024,0.008,-0.019,-9.589,0.113,0.300,0.013,-0.003,-0.005,0.000,0.000,0.000,0.00,14.3,OK
1787114154.273,DIVING,0,109.00,21.61,-0.21,-0.23,1500,1500,0.00,4.292,-3.706,-57.67,0.226,0.196,9.738,-0.024,0.008,-0.019,-9.649,-0.033,0.310,0.010,0.002,-0.002,0.000,0.000,0.000,0.00,14.3,OK
1787114154.323,DIVING,0,109.00,21.61,-0.21,-0.23,1500,1500,0.00,4.294,-3.709,-56.91,0.226,0.196,9.738,-0.024,0.008,-0.019,-9.637,0.079,0.338,0.001,-0.000,0.001,0.000,0.000,0.000,0.00,14.3,OK
1787114154.373,DIVING,0,109.00,21.61,-0.21,-0.23,1500,1500,0.00,4.294,-3.711,-56.59,0.226,0.196,9.738,-0.024,0.008,-0.019,-9.725,0.035,0.341,-0.006,-0.000,0.003,0.000,0.000,0.000,0.00,14.3,OK
1787114154.423,DIVING,0,108.00,21.61,-0.24,-0.23,1500,1500,0.00,4.297,-3.714,-56.72,0.245,0.098,9.591,0.001,0.002,-0.007,-9.766,0.071,0.333,-0.007,0.000,-0.017,0.000,0.000,0.000,0.00,14.3,OK
1787114154.473,DIVING,0,108.00,21.61,-0.24,-0.23,1500,1500,0.00,4.297,-3.714,-56.72,0.245,0.098,9.591,0.001,0.002,-0.007,-9.716,0.028,0.317,-0.009,0.004,-0.026,0.000,0.000,0.000,0.00,14.3,OK
1787114154.523,DIVING,0,108.00,21.61,-0.24,-0.23,1500,1500,0.00,4.301,-3.720,-56.17,0.245,0.098,9.591,0.001,0.002,-0.007,-9.678,-0.058,0.326,-0.016,0.004,-0.019,0.000,0.000,0.000,0.00,14.3,OK
1787114154.573,DIVING,0,108.00,21.61,-0.24,-0.23,1500,1500,0.00,4.308,-3.720,-58.27,0.245,0.098,9.591,0.001,0.002,-0.007,-9.671,0.012,0.315,-0.014,0.016,-0.023,0.000,0.000,0.000,0.00,14.3,OK
1787114154.623,DIVING,0,108.00,21.61,-0.24,-0.23,1500,1500,0.00,4.310,-3.724,-57.48,0.245,0.098,9.591,0.001,0.002,-0.007,-9.764,0.025,0.341,-0.013,0.017,-0.031,0.000,0.000,0.000,0.00,14.3,OK
1787114154.674,DIVING,0,108.00,21.61,-0.28,-0.23,1500,1500,0.00,4.310,-3.724,-57.48,0.226,0.059,9.679,-0.026,0.018,0.007,-9.718,-0.010,0.310,-0.018,0.022,-0.013,0.000,0.000,0.000,0.00,14.3,OK
1787114154.723,DIVING,0,108.00,21.61,-0.28,-0.23,1500,1500,0.00,4.313,-3.725,-58.16,0.226,0.059,9.679,-0.026,0.018,0.007,-9.718,-0.010,0.288,-0.019,0.027,-0.013,0.000,0.000,0.000,0.00,14.3,OK
1787114154.773,DIVING,0,108.00,21.61,-0.28,-0.23,1500,1500,0.00,4.317,-3.725,-60.44,0.226,0.059,9.679,-0.026,0.018,0.007,-9.740,-0.046,0.276,-0.020,0.029,-0.007,0.000,0.000,0.000,0.00,14.3,OK
1787114154.823,DIVING,0,108.00,21.61,-0.28,-0.23,1500,1500,0.00,4.321,-3.727,-60.94,0.226,0.059,9.679,-0.026,0.018,0.007,-9.799,-0.054,0.178,-0.017,0.028,-0.019,0.000,0.000,0.000,0.00,14.3,OK
1787114154.873,DIVING,0,108.00,21.61,-0.28,-0.23,1500,1500,0.00,4.321,-3.727,-60.94,0.226,0.059,9.679,-0.026,0.018,0.007,-9.749,-0.008,0.176,-0.020,0.031,-0.029,0.000,0.000,0.000,0.00,15.0,OK
1787114154.923,DIVING,0,108.00,21.61,-0.33,-0.23,1500,1500,0.00,4.325,-3.728,-62.15,0.226,0.049,9.728,-0.026,0.034,0.008,-9.713,-0.075,0.264,-0.025,0.034,-0.012,0.000,0.000,0.000,0.00,15.0,OK
1787114154.973,DIVING,0,108.00,21.61,-0.33,-0.23,1500,1500,0.00,4.329,-3.727,-63.94,0.226,0.049,9.728,-0.026,0.034,0.008,-9.720,-0.094,0.255,-0.013,0.031,-0.015,0.000,0.000,0.000,0.00,15.0,OK
1787114155.023,DIVING,0,108.00,21.61,-0.33,-0.23,1500,1500,0.00,4.330,-3.727,-64.74,0.226,0.049,9.728,-0.026,0.034,0.008,-9.754,-0.015,0.204,-0.024,0.032,-0.027,0.000,0.000,0.000,0.00,15.0,OK
1787114155.074,DIVING,0,108.00,21.61,-0.33,-0.23,1500,1500,0.00,4.330,-3.727,-64.74,0.226,0.049,9.728,-0.026,0.034,0.008,-9.754,-0.111,0.214,-0.017,0.031,-0.018,0.000,0.000,0.000,0.00,15.0,OK
1787114155.123,DIVING,0,108.00,21.61,-0.33,-0.23,1500,1500,0.00,4.334,-3.731,-66.37,0.226,0.049,9.728,-0.026,0.034,0.008,-9.823,-0.138,0.161,-0.014,0.030,-0.025,0.000,0.000,0.000,0.00,15.0,OK
1787114155.173,DIVING,0,108.00,21.61,-0.39,-0.23,1500,1500,0.00,4.344,-3.729,-72.15,0.118,0.039,9.748,-0.028,0.030,0.009,-9.706,-0.113,0.104,-0.022,0.023,-0.021,0.000,0.000,0.000,0.00,15.0,OK
1787114155.223,DIVING,0,108.00,21.61,-0.39,-0.23,1500,1500,0.00,4.346,-3.734,-71.07,0.118,0.039,9.748,-0.028,0.030,0.009,-9.744,-0.144,0.159,-0.024,0.017,-0.024,0.000,0.000,0.000,0.00,15.0,OK
1787114155.273,DIVING,0,108.00,21.61,-0.39,-0.23,1500,1500,0.00,4.346,-3.734,-71.07,0.118,0.039,9.748,-0.028,0.030,0.009,-9.780,-0.169,0.125,-0.018,0.016,0.001,0.000,0.000,0.000,0.00,15.0,OK
1787114155.323,DIVING,0,108.00,21.61,-0.39,-0.23,1500,1500,0.00,4.348,-3.733,-72.87,0.118,0.039,9.748,-0.028,0.030,0.009,-9.845,-0.108,0.072,-0.027,0.016,-0.012,0.000,0.000,0.000,0.00,15.0,OK
1787114155.373,DIVING,0,108.00,21.61,-0.39,-0.23,1500,1500,0.00,4.359,-3.734,-79.89,0.118,0.039,9.748,-0.028,0.030,0.009,-9.747,-0.159,0.113,-0.021,0.017,0.007,0.000,0.000,0.000,0.00,15.0,OK
1787114155.423,DIVING,0,107.00,21.61,-0.43,-0.23,1500,1500,0.00,4.362,-3.735,-77.89,0.039,-0.088,9.689,0.006,0.017,0.009,-9.766,-0.090,0.111,-0.018,0.016,0.009,0.000,0.000,0.000,0.00,15.0,OK
1787114155.474,DIVING,0,107.00,21.61,-0.43,-0.23,1500,1500,0.00,4.362,-3.735,-77.89,0.039,-0.088,9.689,0.006,0.017,0.009,-9.835,-0.110,0.111,-0.019,0.012,0.010,0.000,0.000,0.000,0.00,15.0,OK
1787114155.523,DIVING,0,107.00,21.61,-0.43,-0.23,1500,1500,0.00,4.361,-3.736,-75.88,0.039,-0.088,9.689,0.006,0.017,0.009,-9.799,-0.054,0.101,-0.024,0.006,0.006,0.000,0.000,0.000,0.00,15.0,OK
1787114155.573,DIVING,0,107.00,21.61,-0.43,-0.23,1500,1500,0.00,4.357,-3.730,-75.98,0.039,-0.088,9.689,0.006,0.017,0.009,-9.809,-0.148,0.082,-0.021,0.007,0.006,0.000,0.000,0.000,0.00,15.0,OK
1787114155.623,DIVING,0,107.00,21.61,-0.43,-0.23,1500,1500,0.00,4.354,-3.731,-73.66,0.039,-0.088,9.689,0.006,0.017,0.009,-9.785,-0.083,0.096,-0.020,0.006,-0.014,0.000,0.000,0.000,0.00,15.0,OK
1787114155.673,DIVING,0,107.00,21.61,-0.50,-0.23,1500,1500,0.00,4.354,-3.731,-73.66,0.000,-0.069,9.738,-0.020,0.009,0.015,-9.811,-0.131,0.120,-0.033,0.010,-0.011,0.000,0.000,0.000,0.00,15.0,OK
1787114155.723,DIVING,0,107.00,21.61,-0.50,-0.23,1500,1500,0.00,4.350,-3.742,-70.58,0.000,-0.069,9.738,-0.020,0.009,0.015,-9.716,-0.159,0.087,-0.022,0.003,-0.027,0.000,0.000,0.000,0.00,15.0,OK
1787114155.773,DIVING,0,107.00,21.61,-0.50,-0.23,1500,1500,0.00,4.356,-3.748,-73.51,0.000,-0.069,9.738,-0.020,0.009,0.015,-9.819,-0.145,0.089,-0.031,-0.003,-0.039,0.000,0.000,0.000,0.00,15.0,OK
1787114155.823,DIVING,0,107.00,21.61,-0.50,-0.23,1500,1500,0.00,4.354,-3.753,-71.54,0.000,-0.069,9.738,-0.020,0.009,0.015,-9.804,-0.188,0.108,-0.028,-0.005,-0.023,0.000,0.000,0.000,0.00,15.0,OK
1787114155.873,DIVING,0,107.00,21.61,-0.50,-0.23,1500,1500,0.00,4.354,-3.753,-71.54,0.000,-0.069,9.738,-0.020,0.009,0.015,-9.823,-0.189,0.132,-0.030,-0.002,-0.028,0.000,0.000,0.000,0.00,15.0,OK
1787114155.923,DIVING,0,107.00,21.61,-0.56,-0.23,1500,1500,0.00,4.349,-3.756,-66.68,-0.020,-0.020,9.767,-0.036,-0.005,0.020,-9.842,-0.201,0.118,-0.021,-0.008,-0.033,0.000,0.000,0.000,0.00,15.2,OK
1787114155.973,DIVING,0,107.00,21.61,-0.56,-0.23,1500,1500,0.00,4.333,-3.750,-62.17,-0.020,-0.020,9.767,-0.036,-0.005,0.020,-9.778,-0.083,0.013,-0.059,-0.005,-0.017,0.000,0.000,0.000,0.00,15.2,OK
1787114156.023,DIVING,0,107.00,21.61,-0.56,-0.23,1500,1500,0.00,4.335,-3.751,-64.59,-0.020,-0.020,9.767,-0.036,-0.005,0.020,-9.854,0.641,0.123,-0.132,-0.017,0.002,0.000,0.000,0.000,0.00,15.2,OK
1787114156.072,DIVING,0,107.00,21.61,-0.56,-0.23,1500,1500,0.00,4.335,-3.751,-64.59,-0.020,-0.020,9.767,-0.036,-0.005,0.020,-9.890,0.215,0.041,-0.239,-0.028,-0.013,0.000,0.000,0.000,0.00,15.2,OK
1787114156.123,DIVING,0,107.00,21.61,-0.56,-0.23,1500,1500,0.00,4.338,-3.754,-65.35,-0.020,-0.020,9.767,-0.036,-0.005,0.020,-9.776,0.140,0.053,-0.294,-0.035,-0.015,0.000,0.000,0.000,0.00,15.2,OK
1787114156.173,DIVING,0,51.00,21.61,-0.64,-0.23,1500,1500,0.00,4.348,-3.755,-67.36,0.039,-0.137,9.718,-0.018,-0.026,0.291,-9.880,0.052,0.099,-0.345,-0.033,-0.025,0.000,0.000,0.000,0.00,15.2,OK
1787114156.223,DIVING,0,51.00,21.61,-0.64,-0.23,1500,1500,0.00,4.352,-3.756,-65.49,0.039,-0.137,9.718,-0.018,-0.026,0.291,-9.680,0.014,0.092,-0.411,-0.028,-0.042,0.000,0.000,0.000,0.00,15.2,OK
1787114156.273,DIVING,0,51.00,21.61,-0.64,-0.23,1500,1500,0.00,4.352,-3.756,-65.49,0.039,-0.137,9.718,-0.018,-0.026,0.291,-9.864,-0.038,0.151,-0.442,-0.028,-0.018,0.000,0.000,0.000,0.00,15.2,OK
1787114156.323,DIVING,0,51.00,21.61,-0.64,-0.23,1500,1500,0.00,4.358,-3.752,-65.22,0.039,-0.137,9.718,-0.018,-0.026,0.291,-9.864,-0.160,0.039,-0.474,-0.032,-0.008,0.000,0.000,0.000,0.00,15.2,OK
1787114156.373,DIVING,0,51.00,21.61,-0.64,-0.23,1500,1500,0.00,4.369,-3.750,-66.66,0.039,-0.137,9.718,-0.018,-0.026,0.291,-9.864,-0.184,0.123,-0.492,-0.033,-0.012,0.000,0.000,0.000,0.00,15.2,OK
1787114156.423,DIVING,0,51.00,21.61,-0.70,-0.23,1500,1500,0.00,4.375,-3.743,-64.69,0.059,-0.127,9.846,-0.021,-0.028,0.492,-9.881,-0.134,0.103,-0.513,-0.042,0.006,0.000,0.000,0.000,0.00,15.2,OK
1787114156.473,DIVING,0,51.00,21.61,-0.70,-0.23,1500,1500,0.00,4.375,-3.743,-64.69,0.059,-0.127,9.846,-0.021,-0.028,0.492,-9.776,-0.131,0.027,-0.539,-0.048,0.011,0.000,0.000,0.000,0.00,15.2,OK
1787114156.523,DIVING,0,51.00,21.61,-0.70,-0.23,1500,1500,0.00,4.379,-3.742,-60.40,0.059,-0.127,9.846,-0.021,-0.028,0.492,-9.976,-0.135,0.086,-0.558,-0.054,0.033,0.000,0.000,0.000,0.00,15.2,OK
1787114156.573,DIVING,0,51.00,21.61,-0.70,-0.23,1500,1500,0.00,4.390,-3.739,-59.95,0.059,-0.127,9.846,-0.021,-0.028,0.492,-9.735,-0.089,0.056,-0.572,-0.065,0.016,0.000,0.000,0.000,0.00,15.2,OK
1787114156.623,DIVING,0,51.00,21.61,-0.70,-0.23,1500,1500,0.00,4.405,-3.745,-56.40,0.059,-0.127,9.846,-0.021,-0.028,0.492,-9.809,-0.105,0.092,-0.585,-0.063,0.037,0.000,0.000,0.000,0.00,15.2,OK
1787114156.673,DIVING,0,52.00,21.61,-0.76,-0.23,1500,1500,0.00,4.405,-3.745,-56.40,0.088,-0.265,9.846,0.026,-0.051,0.589,-9.780,-0.159,0.104,-0.611,-0.055,0.028,0.000,0.000,0.000,0.00,15.2,OK
1787114156.723,DIVING,0,52.00,21.61,-0.76,-0.23,1500,1500,0.00,4.422,-3.745,-51.61,0.088,-0.265,9.846,0.026,-0.051,0.589,-9.788,-0.054,0.163,-0.620,-0.057,0.058,0.000,0.000,0.000,0.00,15.2,OK
1787114156.773,DIVING,0,52.00,21.61,-0.76,-0.23,1500,1500,0.00,4.434,-3.744,-43.95,0.088,-0.265,9.846,0.026,-0.051,0.589,-9.814,-0.176,0.140,-0.636,-0.045,0.038,0.000,0.000,0.000,0.00,15.2,OK
1787114156.823,DIVING,0,52.00,21.61,-0.76,-0.23,1500,1500,0.00,4.444,-3.747,-30.61,0.088,-0.265,9.846,0.026,-0.051,0.589,-9.676,-0.199,0.133,-0.648,-0.048,0.036,0.000,0.000,0.000,0.00,15.2,OK
1787114156.873,DIVING,0,52.00,21.61,-0.76,-0.23,1500,1500,0.00,4.444,-3.747,-30.61,0.088,-0.265,9.846,0.026,-0.051,0.589,-9.909,-0.096,0.209,-0.662,-0.046,0.049,0.000,0.000,0.000,0.00,15.2,OK
1787114156.922,DIVING,0,54.00,21.61,-0.82,-0.23,1500,1500,0.00,4.453,-3.736,-29.20,0.137,-0.177,9.836,0.038,-0.034,0.667,-9.749,-0.056,0.154,-0.680,-0.040,0.044,0.000,0.000,0.000,0.00,15.2,OK
1787114156.973,DIVING,0,54.00,21.61,-0.82,-0.23,1500,1500,0.00,4.468,-3.728,-21.05,0.137,-0.177,9.836,0.038,-0.034,0.667,-9.847,-0.076,0.159,-0.687,-0.043,0.053,0.000,0.000,0.000,0.00,15.2,OK
1787114157.023,DIVING,0,54.00,21.61,-0.82,-0.23,1500,1500,0.00,4.468,-3.728,-21.05,0.137,-0.177,9.836,0.038,-0.034,0.667,-9.761,-0.140,0.214,-0.707,-0.049,0.036,0.000,0.000,0.000,0.00,15.2,OK
1787114157.073,DIVING,0,54.00,21.61,-0.82,-0.23,1500,1500,0.00,4.467,-3.713,-13.90,0.137,-0.177,9.836,0.038,-0.034,0.667,-9.840,-0.141,0.116,-0.717,-0.042,0.032,0.000,0.000,0.000,0.00,15.2,OK
1787114157.123,DIVING,0,54.00,21.61,-0.82,-0.23,1500,1500,0.00,4.467,-3.713,-13.90,0.137,-0.177,9.836,0.038,-0.034,0.667,-9.868,-0.158,0.175,-0.732,-0.044,0.016,0.000,0.000,0.000,0.00,15.2,OK
1787114157.173,DIVING,0,61.00,21.61,-0.90,-0.23,1500,1500,0.00,4.481,-3.699,-16.26,0.167,-0.196,9.728,0.010,-0.029,0.737,-9.716,-0.343,0.180,-0.715,-0.042,0.007,0.000,0.000,0.000,0.00,15.2,OK
1787114157.223,DIVING,0,61.00,21.61,-0.90,-0.23,1500,1500,0.00,4.509,-3.678,-3.65,0.167,-0.196,9.728,0.010,-0.029,0.737,-9.888,-0.388,0.254,-0.690,-0.031,0.034,0.000,0.000,0.000,0.00,15.2,OK
1787114157.273,DIVING,0,61.00,21.61,-0.90,-0.23,1500,1500,0.00,4.509,-3.678,-3.65,0.167,-0.196,9.728,0.010,-0.029,0.737,-9.776,-0.439,0.309,-0.670,-0.028,0.029,0.000,0.000,0.000,0.00,15.2,OK
1787114157.323,DIVING,0,61.00,21.61,-0.90,-0.23,1500,1500,0.00,4.524,-3.673,2.85,0.167,-0.196,9.728,0.010,-0.029,0.737,-9.766,-0.549,0.293,-0.647,-0.025,0.021,0.000,0.000,0.000,0.00,15.2,OK
1787114157.373,DIVING,0,61.00,21.61,-0.90,-0.23,1500,1500,0.00,4.542,-3.652,22.60,0.167,-0.196,9.728,0.010,-0.029,0.737,-9.752,-0.477,0.276,-0.612,-0.018,0.018,0.000,0.000,0.000,0.00,15.2,OK
1787114157.423,DIVING,0,66.00,21.61,-0.94,-0.23,1500,1500,0.00,4.549,-3.652,30.40,0.226,-0.216,9.816,0.012,-0.007,0.621,-9.880,-0.460,0.290,-0.589,-0.007,0.044,0.000,0.000,0.000,0.00,15.2,OK
1787114157.473,DIVING,0,66.00,21.61,-0.94,-0.23,1500,1500,0.00,4.549,-3.652,30.40,0.226,-0.216,9.816,0.012,-0.007,0.621,-9.799,-0.401,0.285,-0.575,-0.012,0.011,0.000,0.000,0.000,0.00,15.2,OK
1787114157.523,DIVING,0,66.00,21.61,-0.94,-0.23,1500,1500,0.00,4.557,-3.632,44.86,0.226,-0.216,9.816,0.012,-0.007,0.621,-9.790,-0.403,0.274,-0.560,-0.004,0.043,0.000,0.000,0.000,0.00,15.2,OK
1787114157.573,DIVING,0,66.00,21.61,-0.94,-0.23,1500,1500,0.00,4.556,-3.631,45.79,0.226,-0.216,9.816,0.012,-0.007,0.621,-9.766,-0.420,0.269,-0.546,-0.001,0.030,0.000,0.000,0.000,0.00,15.2,OK
1787114157.624,DIVING,0,66.00,21.61,-0.94,-0.23,1500,1500,0.00,4.557,-3.601,42.91,0.226,-0.216,9.816,0.012,-0.007,0.621,-9.776,-0.343,0.305,-0.530,0.009,0.021,0.000,0.000,0.000,0.00,15.2,OK
1787114157.673,DIVING,0,70.00,21.61,-1.01,-0.23,1500,1500,0.00,4.557,-3.601,42.91,0.353,-0.186,9.797,0.008,0.010,0.531,-9.759,-0.365,0.262,-0.515,0.004,-0.002,0.000,0.000,0.000,0.00,15.2,OK
1787114157.723,ROTATING,0,70.00,21.61,-1.01,-0.23,1500,1500,0.00,4.553,-3.598,42.70,0.353,-0.186,9.797,0.008,0.010,0.531,-9.818,-0.418,0.254,-0.516,0.007,0.011,0.000,0.000,0.000,0.00,15.2,OK
1787114157.773,ROTATING,0,70.00,21.61,-1.01,-0.23,1500,1668,0.00,4.567,-3.582,64.63,0.353,-0.186,9.797,0.008,0.010,0.531,-9.761,-0.427,0.233,-0.497,0.006,0.007,0.000,0.000,0.000,0.00,15.2,OK
1787114157.823,ROTATING,0,70.00,21.61,-1.01,-0.23,1500,1668,0.00,4.567,-3.582,64.63,0.353,-0.186,9.797,0.008,0.010,0.531,-9.818,-0.875,0.257,-0.436,0.015,-0.016,0.000,0.000,0.000,0.00,15.2,OK
1787114157.873,ROTATING,0,70.00,21.61,-1.01,-0.23,1500,1668,0.00,4.545,-3.606,63.76,0.353,-0.186,9.797,0.008,0.010,0.531,-9.919,-0.797,0.292,-0.367,0.024,-0.026,0.000,0.000,0.000,0.00,15.2,OK
1787114157.923,ROTATING,0,73.00,21.61,-1.06,-0.23,1500,1668,0.00,4.535,-3.607,63.47,0.333,-0.206,9.807,-0.040,0.024,0.359,-10.012,-0.760,0.230,-0.295,0.020,-0.036,0.000,0.000,0.000,0.00,15.2,OK
1787114157.973,ROTATING,0,73.00,21.61,-1.06,-0.23,1500,1679,0.00,4.522,-3.584,55.71,0.333,-0.206,9.807,-0.040,0.024,0.359,-9.933,-0.721,0.261,-0.249,0.021,-0.020,0.000,0.000,0.000,0.00,15.2,OK
1787114158.023,ROTATING,0,73.00,21.61,-1.06,-0.23,1500,1679,0.00,4.532,-3.560,51.82,0.333,-0.206,9.807,-0.040,0.024,0.359,-9.919,-0.668,0.273,-0.212,0.024,-0.029,0.000,0.000,0.000,0.00,15.2,OK
1787114158.073,ROTATING,0,73.00,21.61,-1.06,-0.23,1500,1679,0.00,4.532,-3.560,51.82,0.333,-0.206,9.807,-0.040,0.024,0.359,-9.892,-0.701,0.221,-0.176,0.022,-0.017,0.000,0.000,0.000,0.00,15.2,OK
1787114158.122,ROTATING,0,73.00,21.61,-1.06,-0.23,1500,1679,0.00,4.538,-3.555,52.11,0.333,-0.206,9.807,-0.040,0.024,0.359,-9.900,-0.632,0.204,-0.146,0.025,0.003,0.000,0.000,0.000,0.00,15.2,OK
1787114158.173,ROTATING,0,71.00,21.61,-1.12,-0.23,1500,1679,0.00,4.543,-3.542,54.74,0.167,-0.245,9.934,0.005,0.030,0.141,-9.916,-0.568,0.192,-0.123,0.029,-0.003,0.000,0.000,0.000,0.00,15.2,OK
1787114158.222,ROTATING,0,71.00,21.61,-1.12,-0.23,1500,1672,0.00,4.551,-3.532,59.66,0.167,-0.245,9.934,0.005,0.030,0.141,-9.921,-0.613,0.192,-0.100,0.031,0.005,0.000,0.000,0.000,0.00,15.2,OK
1787114158.272,ROTATING,0,71.00,21.61,-1.12,-0.23,1500,1672,0.00,4.551,-3.532,59.66,0.167,-0.245,9.934,0.005,0.030,0.141,-9.907,-0.513,0.180,-0.079,0.031,0.010,0.000,0.000,0.000,0.00,15.2,OK
1787114158.323,ROTATING,0,71.00,21.61,-1.12,-0.23,1500,1672,0.00,4.556,-3.530,61.02,0.167,-0.245,9.934,0.005,0.030,0.141,-9.919,-0.517,0.132,-0.059,0.031,0.005,0.000,0.000,0.000,0.00,15.2,OK
1787114158.373,ROTATING,0,71.00,21.61,-1.12,-0.23,1500,1672,0.00,4.563,-3.521,65.78,0.167,-0.245,9.934,0.005,0.030,0.141,-9.925,-0.532,0.144,-0.048,0.028,-0.001,0.000,0.000,0.000,0.00,15.2,OK
1787114158.422,ROTATING,0,69.00,21.61,-1.16,-0.23,1500,1672,0.00,4.568,-3.516,67.73,0.098,-0.373,9.895,-0.002,0.029,0.036,-9.918,-0.539,0.087,-0.034,0.026,0.005,0.000,0.000,0.000,0.00,15.2,OK
1787114158.473,ROTATING,0,69.00,21.61,-1.16,-0.23,1500,1665,0.00,4.568,-3.516,67.73,0.098,-0.373,9.895,-0.002,0.029,0.036,-9.979,-0.494,0.043,-0.015,0.027,0.011,0.000,0.000,0.000,0.00,15.2,OK
1787114158.523,ROTATING,0,69.00,21.61,-1.16,-0.23,1500,1665,0.00,4.574,-3.514,74.23,0.098,-0.373,9.895,-0.002,0.029,0.036,-9.924,-0.553,0.041,-0.008,0.024,0.006,0.000,0.000,0.000,0.00,15.2,OK
1787114158.573,ROTATING,0,69.00,21.61,-1.16,-0.23,1500,1665,0.00,4.574,-3.505,70.83,0.098,-0.373,9.895,-0.002,0.029,0.036,-9.895,-0.773,0.103,0.031,0.024,0.006,0.000,0.000,0.000,0.00,15.2,OK
1787114158.623,ROTATING,0,69.00,21.61,-1.16,-0.23,1500,1665,0.00,4.578,-3.503,71.44,0.098,-0.373,9.895,-0.002,0.029,0.036,-9.964,-0.688,0.051,0.062,0.021,-0.005,0.000,0.000,0.000,0.00,15.2,OK
1787114158.673,ROTATING,0,66.00,21.61,-1.20,-0.23,1500,1665,0.00,4.578,-3.503,71.44,0.029,-0.343,9.905,-0.006,0.020,-0.076,-9.950,-0.865,0.096,0.137,0.018,-0.016,0.000,0.000,0.000,0.00,15.2,OK
1787114158.723,ROTATING,0,66.00,21.61,-1.20,-0.23,1500,1654,0.00,4.583,-3.498,74.41,0.029,-0.343,9.905,-0.006,0.020,-0.076,-9.914,-0.847,0.113,0.196,0.021,-0.011,0.000,0.000,0.000,0.00,15.2,OK
1787114158.773,ROTATING,0,66.00,21.61,-1.20,-0.23,1500,1654,0.00,4.586,-3.495,74.97,0.029,-0.343,9.905,-0.006,0.020,-0.076,-9.940,-0.793,0.075,0.242,0.015,-0.020,0.000,0.000,0.000,0.00,15.2,OK
1787114158.823,ROTATING,0,66.00,21.61,-1.20,-0.23,1500,1654,0.00,4.588,-3.499,70.83,0.029,-0.343,9.905,-0.006,0.020,-0.076,-9.888,-0.730,0.075,0.283,0.012,-0.025,0.000,0.000,0.000,0.00,15.2,OK
1787114158.873,ROTATING,0,66.00,21.61,-1.20,-0.23,1500,1654,0.00,4.588,-3.499,70.83,0.029,-0.343,9.905,-0.006,0.020,-0.076,-9.935,-0.719,-0.021,0.322,0.009,-0.023,0.000,0.000,0.000,0.00,15.2,OK
1787114158.923,ROTATING,0,61.00,21.61,-1.23,-0.23,1500,1654,0.00,4.589,-3.502,62.74,-0.049,-0.353,9.895,-0.019,0.006,-0.340,-9.945,-0.697,0.079,0.358,0.003,-0.031,0.000,0.000,0.000,0.00,15.2,OK
1787114158.973,ROTATING,0,61.00,21.61,-1.23,-0.23,1500,1637,0.00,4.592,-3.501,54.31,-0.049,-0.353,9.895,-0.019,0.006,-0.340,-9.969,-0.580,0.019,0.385,0.000,-0.036,0.000,0.000,0.000,0.00,15.2,OK
1787114159.023,ROTATING,0,61.00,21.61,-1.23,-0.23,1500,1637,0.00,4.597,-3.505,49.23,-0.049,-0.353,9.895,-0.019,0.006,-0.340,-9.876,-0.639,0.017,0.403,-0.009,-0.041,0.000,0.000,0.000,0.00,15.0,OK
1787114159.073,ROTATING,0,61.00,21.61,-1.23,-0.23,1500,1637,0.00,4.597,-3.505,49.23,-0.049,-0.353,9.895,-0.019,0.006,-0.340,-9.907,-0.654,0.039,0.418,-0.008,-0.032,0.000,0.000,0.000,0.00,15.0,OK
1787114159.123,ROTATING,0,61.00,21.61,-1.23,-0.23,1500,1637,0.00,4.602,-3.511,37.99,-0.049,-0.353,9.895,-0.019,0.006,-0.340,-9.845,-0.689,0.072,0.440,-0.009,-0.021,0.000,0.000,0.000,0.00,15.0,OK
1787114159.173,ROTATING,0,54.00,21.61,-1.26,-0.23,1500,1637,0.00,4.613,-3.533,50.17,-0.078,-0.392,9.895,-0.014,-0.014,-0.459,-9.816,-0.739,0.104,0.459,-0.008,-0.009,0.000,0.000,0.000,0.00,15.0,OK
1787114159.222,ROTATING,0,54.00,21.61,-1.26,-0.23,1500,1613,0.00,4.613,-3.533,50.17,-0.078,-0.392,9.895,-0.014,-0.014,-0.459,-9.888,-0.553,0.101,0.471,-0.006,-0.005,0.000,0.000,0.000,0.00,15.0,OK
1787114159.273,ROTATING,0,54.00,21.61,-1.26,-0.23,1500,1613,0.00,4.618,-3.539,34.30,-0.078,-0.392,9.895,-0.014,-0.014,-0.459,-9.890,-0.539,0.120,0.466,-0.010,-0.011,0.000,0.000,0.000,0.00,15.0,OK
1787114159.323,ROTATING,0,54.00,21.61,-1.26,-0.23,1500,1613,0.00,4.623,-3.544,5.72,-0.078,-0.392,9.895,-0.014,-0.014,-0.459,-9.988,-0.547,0.094,0.470,-0.009,-0.004,0.000,0.000,0.000,0.00,15.0,OK
1787114159.373,ROTATING,0,54.00,21.61,-1.26,-0.23,1500,1613,0.00,4.623,-3.549,-20.25,-0.078,-0.392,9.895,-0.014,-0.014,-0.459,-9.873,-0.610,0.180,0.470,-0.010,0.003,0.000,0.000,0.000,0.00,15.0,OK
1787114159.423,ROTATING,0,48.00,21.61,-1.28,-0.23,1500,1613,0.00,4.620,-3.553,-27.05,0.020,-0.520,9.846,0.012,-0.014,-0.492,-9.857,-0.576,0.158,0.474,-0.007,0.009,0.000,0.000,0.000,0.00,15.0,OK
1787114159.473,ROTATING,0,48.00,21.61,-1.28,-0.23,1500,1592,0.00,4.620,-3.553,-27.05,0.020,-0.520,9.846,0.012,-0.014,-0.492,-9.833,-0.437,0.130,0.475,-0.009,0.010,0.000,0.000,0.000,0.00,15.0,OK
1787114159.523,ROTATING,0,48.00,21.61,-1.28,-0.23,1500,1592,0.00,4.622,-3.566,-19.35,0.020,-0.520,9.846,0.012,-0.014,-0.492,-9.852,-0.454,0.240,0.467,0.000,0.014,0.000,0.000,0.000,0.00,15.0,OK
1787114159.572,ROTATING,0,48.00,21.61,-1.28,-0.23,1500,1592,0.00,4.624,-3.575,-16.11,0.020,-0.520,9.846,0.012,-0.014,-0.492,-9.883,-0.371,0.146,0.461,-0.000,0.005,0.000,0.000,0.000,0.00,15.0,OK
1787114159.623,ROTATING,0,48.00,21.61,-1.28,-0.23,1500,1592,0.00,4.625,-3.585,-14.52,0.020,-0.520,9.846,0.012,-0.014,-0.492,-9.818,-0.440,0.204,0.458,0.002,0.012,0.000,0.000,0.000,0.00,15.0,OK
1787114159.673,ROTATING,0,41.00,21.61,-1.29,-0.23,1500,1592,0.00,4.625,-3.585,-14.52,0.157,-0.481,9.875,0.018,-0.000,-0.481,-9.859,-0.431,0.257,0.455,0.005,0.003,0.000,0.000,0.000,0.00,15.0,OK
1787114159.723,ROTATING,0,41.00,21.61,-1.29,-0.23,1500,1567,0.00,4.627,-3.601,-9.35,0.157,-0.481,9.875,0.018,-0.000,-0.481,-9.897,-0.402,0.204,0.450,0.011,-0.000,0.000,0.000,0.000,0.00,15.0,OK
1787114159.773,ROTATING,0,41.00,21.61,-1.29,-0.23,1500,1567,0.00,4.626,-3.604,-22.03,0.157,-0.481,9.875,0.018,-0.000,-0.481,-9.852,-0.313,0.238,0.433,0.016,-0.002,0.000,0.000,0.000,0.00,15.0,OK
1787114159.823,ROTATING,0,41.00,21.61,-1.29,-0.23,1500,1567,0.00,4.630,-3.613,-24.25,0.157,-0.481,9.875,0.018,-0.000,-0.481,-9.869,-0.328,0.178,0.421,0.021,0.011,0.000,0.000,0.000,0.00,15.0,OK
1787114159.873,ROTATING,0,41.00,21.61,-1.29,-0.23,1500,1567,0.00,4.630,-3.613,-24.25,0.157,-0.481,9.875,0.018,-0.000,-0.481,-9.835,-0.323,0.218,0.411,0.022,0.002,0.000,0.000,0.000,0.00,15.0,OK
1787114159.923,ROTATING,0,35.00,21.61,-1.30,-0.23,1500,1567,0.00,4.636,-3.626,-20.71,0.177,-0.343,9.865,0.013,0.019,-0.431,-9.828,-0.320,0.235,0.400,0.025,0.003,0.000,0.000,0.000,0.00,15.0,OK
1787114159.973,ROTATING,0,35.00,21.61,-1.30,-0.23,1500,1546,0.00,4.639,-3.633,-24.99,0.177,-0.343,9.865,0.013,0.019,-0.431,-9.787,-0.277,0.233,0.393,0.028,-0.005,0.000,0.000,0.000,0.00,15.0,OK
1787114160.023,ROTATING,0,35.00,21.61,-1.30,-0.23,1500,1546,0.00,4.639,-3.646,-22.57,0.177,-0.343,9.865,0.013,0.019,-0.431,-9.828,-0.174,0.235,0.369,0.034,-0.012,0.000,0.000,0.000,0.00,15.0,OK
1787114160.073,ROTATING,0,35.00,21.61,-1.30,-0.23,1500,1546,0.00,4.639,-3.646,-22.57,0.177,-0.343,9.865,0.013,0.019,-0.431,-9.840,-0.304,0.242,0.355,0.032,-0.014,0.000,0.000,0.000,0.00,14.3,OK
1787114160.123,ROTATING,0,35.00,21.61,-1.30,-0.23,1500,1546,0.00,4.639,-3.655,-22.87,0.177,-0.343,9.865,0.013,0.019,-0.431,-9.850,-0.294,0.199,0.342,0.036,-0.001,0.000,0.000,0.000,0.00,14.3,OK
1787114160.173,ROTATING,0,28.00,21.61,-1.31,-0.23,1500,1546,0.00,4.641,-3.668,-23.32,0.245,-0.353,9.846,-0.001,0.033,-0.361,-9.847,-0.311,0.226,0.325,0.041,0.002,0.000,0.000,0.000,0.00,14.3,OK
1787114160.223,FORWARD,0,28.00,21.61,-1.31,-0.23,1500,1546,17.03,4.645,-3.676,-28.58,0.245,-0.353,9.846,-0.001,0.033,-0.361,-9.821,-0.277,0.207,0.317,0.044,-0.001,0.000,0.000,0.000,0.00,14.3,OK
1787114160.273,FORWARD,0,28.00,21.61,-1.31,-0.23,1600,1500,16.98,4.645,-3.676,-28.58,0.245,-0.353,9.846,-0.001,0.033,-0.361,-9.814,-1.078,0.747,0.353,0.052,-0.018,0.000,0.000,0.000,0.00,14.3,OK
1787114160.323,FORWARD,0,28.00,21.61,-1.31,-0.23,1600,1500,16.93,4.648,-3.684,-34.37,0.245,-0.353,9.846,-0.001,0.033,-0.361,-9.797,-0.552,0.393,0.402,0.062,-0.027,0.000,0.000,0.000,0.00,14.3,OK
1787114160.373,FORWARD,0,28.00,21.61,-1.31,-0.23,1600,1500,16.88,4.651,-3.690,-44.19,0.245,-0.353,9.846,-0.001,0.033,-0.361,-9.845,-0.155,0.458,0.399,0.065,-0.025,0.000,0.000,0.000,0.00,14.3,OK
1787114160.423,FORWARD,0,22.00,21.61,-1.31,-0.23,1600,1500,16.83,4.652,-3.698,-52.05,0.186,-0.314,9.856,-0.018,0.062,-0.422,-9.864,-0.378,0.309,0.392,0.068,-0.022,0.000,0.000,0.000,0.00,14.3,OK
1787114160.473,FORWARD,0,22.00,21.61,-1.31,-0.23,1600,1500,16.78,4.652,-3.698,-52.05,0.186,-0.314,9.856,-0.018,0.062,-0.422,-9.756,-0.358,0.233,0.380,0.074,-0.025,0.000,0.000,0.000,0.00,14.3,OK
1787114160.523,FORWARD,0,22.00,21.61,-1.31,-0.23,1600,1500,16.73,4.655,-3.710,-62.82,0.186,-0.314,9.856,-0.018,0.062,-0.422,-9.873,-0.144,0.101,0.364,0.076,-0.019,0.000,0.000,0.000,0.00,14.3,OK
1787114160.573,FORWARD,0,22.00,21.61,-1.31,-0.23,1600,1500,16.68,4.658,-3.716,-73.75,0.186,-0.314,9.856,-0.018,0.062,-0.422,-9.856,0.529,0.032,0.265,0.075,0.005,0.000,0.000,0.000,0.00,14.3,OK
1787114160.623,FORWARD,0,22.00,21.61,-1.31,-0.23,1600,1500,16.63,4.658,-3.729,-77.16,0.186,-0.314,9.856,-0.018,0.062,-0.422,-9.826,0.378,-0.009,0.126,0.076,0.029,0.000,0.000,0.000,0.00,14.3,OK
1787114160.673,FORWARD,0,15.00,21.61,-1.30,-0.23,1600,1500,16.58,4.658,-3.729,-77.16,0.422,-0.343,9.836,0.030,0.077,-0.145,-9.778,0.278,0.008,0.024,0.081,0.030,0.000,0.000,0.000,0.00,14.3,OK
1787114160.723,FORWARD,0,15.00,21.61,-1.30,-0.23,1600,1500,16.53,4.657,-3.740,-71.94,0.422,-0.343,9.836,0.030,0.077,-0.145,-9.783,0.140,-0.018,-0.042,0.082,0.004,0.000,0.000,0.000,0.00,14.3,OK
1787114160.773,FORWARD,0,15.00,21.61,-1.30,-0.23,1600,1500,16.48,4.662,-3.752,-80.30,0.422,-0.343,9.836,0.030,0.077,-0.145,-9.806,-0.045,-0.080,-0.104,0.090,0.018,0.000,0.000,0.000,0.00,14.3,OK
1787114160.823,FORWARD,0,15.00,21.61,-1.30,-0.23,1600,1500,16.43,4.673,-3.753,-120.02,0.422,-0.343,9.836,0.030,0.077,-0.145,-9.814,-0.153,-0.105,-0.140,0.084,0.021,0.000,0.000,0.000,0.00,14.3,OK
1787114160.872,FORWARD,0,15.00,21.61,-1.30,-0.23,1600,1500,16.38,4.673,-3.753,-120.02,0.422,-0.343,9.836,0.030,0.077,-0.145,-9.823,-0.155,-0.243,-0.165,0.081,0.005,0.000,0.000,0.000,0.00,14.3,OK
1787114160.923,FORWARD,0,15.00,21.61,-1.29,-0.23,1600,1500,16.33,4.684,-3.761,-176.20,0.059,-0.353,9.856,0.001,0.086,0.157,-9.806,-0.234,-0.224,-0.177,0.072,-0.016,0.000,0.000,0.000,0.00,14.3,OK
1787114160.972,FORWARD,0,15.00,21.61,-1.29,-0.23,1600,1500,16.28,4.694,-3.762,175.17,0.059,-0.353,9.856,0.001,0.086,0.157,-9.816,-0.289,-0.318,-0.177,0.071,-0.031,0.000,0.000,0.000,0.00,14.3,OK
1787114161.022,FORWARD,0,15.00,21.61,-1.29,-0.23,1600,1500,16.23,4.703,-3.763,170.80,0.059,-0.353,9.856,0.001,0.086,0.157,-9.888,-0.283,-0.349,-0.166,0.065,-0.021,0.000,0.000,0.000,0.00,14.3,OK
1787114161.072,FORWARD,0,15.00,21.61,-1.29,-0.23,1600,1500,16.18,4.703,-3.763,170.80,0.059,-0.353,9.856,0.001,0.086,0.157,-9.804,-0.368,-0.375,-0.160,0.064,-0.021,0.000,0.000,0.000,0.00,14.3,OK
1787114161.122,FORWARD,0,15.00,21.61,-1.29,-0.23,1600,1500,16.13,4.708,-3.767,159.81,0.059,-0.353,9.856,0.001,0.086,0.157,-9.806,-0.332,-0.349,-0.156,0.060,-0.007,0.000,0.000,0.000,0.00,15.2,OK
1787114161.173,FORWARD,0,17.00,21.61,-1.26,-0.23,1600,1500,16.08,4.715,-3.762,169.35,-0.284,-0.186,9.836,-0.020,0.063,0.143,-9.823,-0.354,-0.411,-0.142,0.059,-0.029,0.000,0.000,0.000,0.00,15.2,OK
1787114161.223,FORWARD,0,17.00,21.61,-1.26,-0.23,1600,1500,16.03,4.715,-3.762,169.35,-0.284,-0.186,9.836,-0.020,0.063,0.143,-9.797,-0.430,-0.466,-0.136,0.052,-0.019,0.000,0.000,0.000,0.00,15.2,OK
1787114161.273,FORWARD,0,17.00,21.61,-1.26,-0.23,1600,1500,15.98,4.723,-3.759,175.59,-0.284,-0.186,9.836,-0.020,0.063,0.143,-9.806,-0.394,-0.511,-0.130,0.053,-0.014,0.000,0.000,0.000,0.00,15.2,OK
1787114161.323,FORWARD,0,17.00,21.61,-1.26,-0.23,1600,1500,15.93,4.729,-3.758,178.01,-0.284,-0.186,9.836,-0.020,0.063,0.143,-9.780,-0.461,-0.521,-0.121,0.044,-0.017,0.000,0.000,0.000,0.00,15.2,OK
1787114161.372,FORWARD,0,17.00,21.61,-1.26,-0.23,1600,1500,15.88,4.740,-3.755,-176.93,-0.284,-0.186,9.836,-0.020,0.063,0.143,-9.754,-0.477,-0.526,-0.105,0.040,-0.009,0.000,0.000,0.000,0.00,15.2,OK
1787114161.424,FORWARD,0,18.00,21.61,-1.26,-0.23,1600,1500,15.83,4.740,-3.755,-176.93,-0.441,-0.206,9.777,-0.017,0.043,0.095,-9.768,-0.468,-0.547,-0.092,0.032,-0.020,0.000,0.000,0.000,0.00,15.2,OK
1787114161.472,FORWARD,0,18.00,21.61,-1.26,-0.23,1600,1500,15.78,4.744,-3.755,-178.04,-0.441,-0.206,9.777,-0.017,0.043,0.095,-9.757,-0.484,-0.619,-0.079,0.035,-0.023,0.000,0.000,0.000,0.00,15.2,OK
1787114161.523,FORWARD,0,18.00,21.61,-1.26,-0.23,1600,1500,15.73,4.751,-3.754,-175.48,-0.441,-0.206,9.777,-0.017,0.043,0.095,-9.733,-0.496,-0.624,-0.072,0.028,-0.023,0.000,0.000,0.000,0.00,15.2,OK
1787114161.573,FORWARD,0,18.00,21.61,-1.26,-0.23,1600,1500,15.68,4.756,-3.754,-171.92,-0.441,-0.206,9.777,-0.017,0.043,0.095,-9.823,-0.401,-0.617,-0.060,0.030,-0.022,0.000,0.000,0.000,0.00,15.2,OK
1787114161.623,FORWARD,0,18.00,21.61,-1.26,-0.23,1600,1500,15.63,4.758,-3.754,-167.26,-0.441,-0.206,9.777,-0.017,0.043,0.095,-9.797,-0.461,-0.605,-0.048,0.020,-0.021,0.000,0.000,0.000,0.00,15.2,OK
1787114161.673,FORWARD,0,18.00,21.61,-1.25,-0.23,1600,1500,15.58,4.758,-3.754,-167.26,-0.628,-0.343,9.738,-0.020,0.025,0.039,-9.761,-0.484,-0.667,-0.040,0.022,-0.018,0.000,0.000,0.000,0.00,15.2,OK
1787114161.723,FORWARD,0,18.00,21.61,-1.25,-0.23,1600,1500,15.53,4.760,-3.751,-156.94,-0.628,-0.343,9.738,-0.020,0.025,0.039,-9.842,-0.471,-0.607,-0.036,0.017,0.003,0.000,0.000,0.000,0.00,15.2,OK
1787114161.773,FORWARD,0,18.00,21.61,-1.25,-0.23,1600,1500,15.48,4.765,-3.754,-160.25,-0.628,-0.343,9.738,-0.020,0.025,0.039,-9.830,-0.421,-0.629,-0.025,0.008,-0.004,0.000,0.000,0.000,0.00,15.2,OK
1787114161.823,FORWARD,0,18.00,21.61,-1.25,-0.23,1600,1500,15.43,4.765,-3.754,-160.25,-0.628,-0.343,9.738,-0.020,0.025,0.039,-9.773,-0.418,-0.629,-0.024,-0.003,-0.001,0.000,0.000,0.000,0.00,15.2,OK
1787114161.873,FORWARD,0,18.00,21.61,-1.25,-0.23,1600,1500,15.38,4.781,-3.765,-172.76,-0.628,-0.343,9.738,-0.020,0.025,0.039,-9.804,-0.372,-0.650,-0.021,-0.006,0.007,0.000,0.000,0.000,0.00,15.2,OK
1787114161.923,FORWARD,0,18.00,21.61,-1.25,-0.23,1600,1500,15.33,4.789,-3.771,-178.38,-0.696,-0.392,9.748,0.007,-0.009,0.013,-9.804,-0.483,-0.650,-0.022,-0.018,0.015,0.000,0.000,0.000,0.00,15.2,OK
1787114161.974,FORWARD,0,18.00,21.61,-1.25,-0.23,1600,1500,15.28,4.793,-3.771,-174.72,-0.696,-0.392,9.748,0.007,-0.009,0.013,-9.797,-0.430,-0.624,-0.021,-0.024,0.014,0.000,0.000,0.000,0.00,15.2,OK
1787114162.023,FORWARD,0,18.00,21.61,-1.25,-0.23,1600,1500,15.23,4.799,-3.773,-171.70,-0.696,-0.392,9.748,0.007,-0.009,0.013,-9.809,-0.389,-0.634,-0.022,-0.035,0.016,0.000,0.000,0.000,0.00,15.2,OK
1787114162.073,FORWARD,0,18.00,21.61,-1.25,-0.23,1600,1500,15.18,4.799,-3.773,-171.70,-0.696,-0.392,9.748,0.007,-0.009,0.013,-9.833,-0.366,-0.574,-0.028,-0.038,0.009,0.000,0.000,0.000,0.00,15.2,OK
1787114162.123,FORWARD,0,18.00,21.61,-1.25,-0.23,1600,1500,15.13,4.805,-3.775,-171.72,-0.696,-0.392,9.748,0.007,-0.009,0.013,-9.773,-0.458,-0.554,-0.024,-0.045,0.003,0.000,0.000,0.000,0.00,15.0,OK
1787114162.173,FORWARD,0,18.00,21.61,-1.25,-0.23,1600,1500,15.08,4.812,-3.777,-173.89,-0.637,-0.353,9.699,0.011,-0.041,0.013,-9.830,-0.402,-0.504,-0.024,-0.052,0.010,0.000,0.000,0.000,0.00,15.0,OK
1787114162.223,FORWARD,0,18.00,21.61,-1.25,-0.23,1600,1500,15.03,4.818,-3.780,-175.13,-0.637,-0.353,9.699,0.011,-0.041,0.013,-9.735,-0.333,-0.494,-0.021,-0.055,-0.001,0.000,0.000,0.000,0.00,15.0,OK
1787114162.273,FORWARD,0,18.00,21.61,-1.25,-0.23,1600,1500,14.98,4.818,-3.780,-175.13,-0.637,-0.353,9.699,0.011,-0.041,0.013,-9.821,-0.399,-0.476,-0.023,-0.060,-0.001,0.000,0.000,0.000,0.00,15.0,OK
1787114162.323,FORWARD,0,18.00,21.61,-1.25,-0.23,1600,1500,14.93,4.823,-3.781,-169.25,-0.637,-0.353,9.699,0.011,-0.041,0.013,-9.816,-0.392,-0.432,-0.022,-0.063,-0.009,0.000,0.000,0.000,0.00,15.0,OK
1787114162.373,FORWARD,0,18.00,21.61,-1.25,-0.23,1600,1500,14.88,4.828,-3.783,-162.76,-0.637,-0.353,9.699,0.011,-0.041,0.013,-9.766,-0.372,-0.444,-0.019,-0.064,0.001,0.000,0.000,0.000,0.00,15.0,OK
1787114162.423,FORWARD,0,18.00,21.61,-1.26,-0.23,1600,1500,14.83,4.831,-3.783,-148.13,-0.667,-0.324,9.748,0.000,-0.062,0.010,-9.838,-0.404,-0.354,-0.021,-0.068,0.006,0.000,0.000,0.000,0.00,15.0,OK
1787114162.473,FORWARD,0,18.00,21.61,-1.26,-0.23,1600,1500,14.78,4.831,-3.783,-148.13,-0.667,-0.324,9.748,0.000,-0.062,0.010,-9.747,-0.314,-0.334,-0.018,-0.070,-0.000,0.000,0.000,0.000,0.00,15.0,OK
1787114162.523,FORWARD,0,18.00,21.61,-1.26,-0.23,1600,1500,14.73,4.834,-3.782,-128.90,-0.667,-0.324,9.748,0.000,-0.062,0.010,-9.718,-0.441,-0.293,-0.016,-0.064,-0.000,0.000,0.000,0.000,0.00,15.0,OK
1787114162.573,FORWARD,0,18.00,21.61,-1.26,-0.23,1600,1500,14.68,4.837,-3.785,-112.39,-0.667,-0.324,9.748,0.000,-0.062,0.010,-9.807,-0.315,-0.258,-0.011,-0.070,0.018,0.000,0.000,0.000,0.00,15.0,OK
1787114162.623,FORWARD,0,18.00,21.61,-1.26,-0.23,1600,1500,14.63,4.842,-3.788,-95.69,-0.667,-0.324,9.748,0.000,-0.062,0.010,-9.771,-0.444,-0.215,-0.012,-0.078,0.022,0.000,0.000,0.000,0.00,15.0,OK
1787114162.673,FORWARD,0,18.00,21.61,-1.26,-0.23,1600,1500,14.58,4.842,-3.788,-95.69,-0.422,-0.343,9.728,0.026,-0.076,-0.001,-9.883,-0.268,-0.244,-0.009,-0.080,0.016,0.000,0.000,0.000,0.00,15.0,OK
1787114162.724,FORWARD,0,18.00,21.61,-1.26,-0.23,1600,1500,14.53,4.846,-3.789,-75.69,-0.422,-0.343,9.728,0.026,-0.076,-0.001,-9.821,-0.325,-0.143,-0.003,-0.087,0.020,0.000,0.000,0.000,0.00,15.0,OK
1787114162.773,FORWARD,0,18.00,21.61,-1.26,-0.23,1600,1500,14.48,4.853,-3.793,-62.78,-0.422,-0.343,9.728,0.026,-0.076,-0.001,-9.816,-0.294,-0.052,-0.008,-0.088,0.010,0.000,0.000,0.000,0.00,15.0,OK
1787114162.823,FORWARD,0,18.00,21.61,-1.26,-0.23,1600,1500,14.43,4.860,-3.799,-50.49,-0.422,-0.343,9.728,0.026,-0.076,-0.001,-9.797,-0.243,-0.045,-0.016,-0.087,0.005,0.000,0.000,0.000,0.00,15.0,OK
1787114162.873,FORWARD,0,18.00,21.61,-1.26,-0.23,1600,1500,14.38,4.860,-3.799,-50.49,-0.422,-0.343,9.728,0.026,-0.076,-0.001,-9.763,-0.312,-0.013,-0.018,-0.085,-0.013,0.000,0.000,0.000,0.00,15.0,OK
1787114162.923,FORWARD,0,18.00,21.61,-1.26,-0.23,1600,1500,14.33,4.877,-3.811,-53.85,-0.304,-0.304,9.758,-0.013,-0.081,0.007,-9.837,-0.397,0.044,-0.024,-0.081,-0.008,0.000,0.000,0.000,0.00,15.0,OK
1787114162.973,FORWARD,0,18.00,21.61,-1.26,-0.23,1600,1500,14.28,4.877,-3.811,-53.85,-0.304,-0.304,9.758,-0.013,-0.081,0.007,-9.840,-0.311,0.094,-0.027,-0.081,-0.019,0.000,0.000,0.000,0.00,15.0,OK
1787114163.023,FORWARD,0,18.00,21.61,-1.26,-0.23,1600,1500,14.23,4.901,-3.818,-63.96,-0.304,-0.304,9.758,-0.013,-0.081,0.007,-9.835,-0.296,0.135,-0.032,-0.083,-0.020,0.000,0.000,0.000,0.00,15.0,OK
1787114163.074,FORWARD,0,18.00,21.61,-1.26,-0.23,1600,1500,14.18,4.901,-3.818,-63.96,-0.304,-0.304,9.758,-0.013,-0.081,0.007,-9.840,-0.399,0.202,-0.026,-0.078,-0.025,0.000,0.000,0.000,0.00,15.0,OK
1787114163.123,FORWARD,0,18.00,21.61,-1.26,-0.23,1600,1500,14.13,4.908,-3.817,-62.72,-0.304,-0.304,9.758,-0.013,-0.081,0.007,-9.797,-0.418,0.159,-0.017,-0.077,-0.026,0.000,0.000,0.000,0.00,15.0,OK
1787114163.173,FORWARD,0,18.00,21.61,-1.28,-0.23,1600,1500,14.08,4.903,-3.814,-44.37,-0.059,-0.275,9.826,-0.024,-0.074,0.010,-9.811,-0.423,0.288,-0.016,-0.069,-0.013,0.000,0.000,0.000,0.00,15.2,OK
1787114163.223,FORWARD,0,18.00,21.61,-1.28,-0.23,1600,1500,14.03,4.900,-3.817,-36.26,-0.059,-0.275,9.826,-0.024,-0.074,0.010,-9.783,-0.425,0.283,-0.016,-0.064,-0.012,0.000,0.000,0.000,0.00,15.2,OK
1787114163.273,FORWARD,0,18.00,21.61,-1.28,-0.23,1600,1500,13.98,4.900,-3.817,-36.26,-0.059,-0.275,9.826,-0.024,-0.074,0.010,-9.811,-0.406,0.329,-0.014,-0.057,-0.017,0.000,0.000,0.000,0.00,15.2,OK
1787114163.323,FORWARD,0,18.00,21.61,-1.28,-0.23,1600,1500,13.93,4.899,-3.820,-31.32,-0.059,-0.275,9.826,-0.024,-0.074,0.010,-9.818,-0.392,0.317,-0.017,-0.047,-0.005,0.000,0.000,0.000,0.00,15.2,OK
1787114163.374,FORWARD,0,18.00,21.61,-1.28,-0.23,1600,1500,13.88,4.897,-3.820,-28.74,-0.059,-0.275,9.826,-0.024,-0.074,0.010,-9.737,-0.398,0.341,-0.008,-0.041,-0.006,0.000,0.000,0.000,0.00,15.2,OK
1787114163.423,FORWARD,0,18.00,21.61,-1.27,-0.23,1600,1500,13.83,4.902,-3.822,-29.91,0.157,-0.324,9.787,-0.007,-0.039,-0.003,-9.728,-0.494,0.343,-0.000,-0.032,-0.004,0.000,0.000,0.000,0.00,15.2,OK
1787114163.473,FORWARD,0,18.00,21.61,-1.27,-0.23,1600,1500,13.78,4.902,-3.822,-29.91,0.157,-0.324,9.787,-0.007,-0.039,-0.003,-9.718,-0.431,0.338,-0.000,-0.030,0.012,0.000,0.000,0.000,0.00,15.2,OK
1787114163.523,FORWARD,0,18.00,21.61,-1.27,-0.23,1600,1500,13.73,4.915,-3.828,-29.39,0.157,-0.324,9.787,-0.007,-0.039,-0.003,-9.787,-0.442,0.379,-0.002,-0.028,0.003,0.000,0.000,0.000,0.00,15.2,OK
1787114163.573,FORWARD,0,18.00,21.61,-1.27,-0.23,1600,1500,13.68,4.922,-3.831,-28.17,0.157,-0.324,9.787,-0.007,-0.039,-0.003,-9.787,-0.456,0.410,0.005,-0.023,0.008,0.000,0.000,0.000,0.00,15.2,OK
1787114163.623,FORWARD,0,18.00,21.61,-1.27,-0.23,1600,1500,13.63,4.929,-3.836,-26.72,0.157,-0.324,9.787,-0.007,-0.039,-0.003,-9.804,-0.341,0.376,0.002,-0.019,0.001,0.000,0.000,0.000,0.00,15.2,OK
1787114163.673,FORWARD,0,18.00,21.61,-1.28,-0.23,1600,1500,13.58,4.929,-3.836,-26.72,0.284,-0.363,9.787,0.000,-0.018,-0.012,-9.747,-0.420,0.398,-0.002,-0.014,0.007,0.000,0.000,0.000,0.00,15.2,OK
1787114163.724,FORWARD,0,18.00,21.61,-1.28,-0.23,1600,1500,13.53,4.933,-3.839,-25.33,0.284,-0.363,9.787,0.000,-0.018,-0.012,-9.764,-0.439,0.456,-0.002,-0.004,0.002,0.000,0.000,0.000,0.00,15.2,OK
1787114163.773,FORWARD,0,18.00,21.61,-1.28,-0.23,1600,1500,13.48,4.936,-3.842,-24.19,0.284,-0.363,9.787,0.000,-0.018,-0.012,-9.816,-0.375,0.412,-0.002,-0.002,0.006,0.000,0.000,0.000,0.00,15.2,OK
1787114163.823,FORWARD,0,18.00,21.61,-1.28,-0.23,1600,1500,13.43,4.942,-3.847,-24.34,0.284,-0.363,9.787,0.000,-0.018,-0.012,-9.756,-0.362,0.453,-0.001,0.002,0.003,0.000,0.000,0.000,0.00,15.2,OK
1787114163.873,FORWARD,0,18.00,21.61,-1.28,-0.23,1600,1500,13.38,4.942,-3.847,-24.34,0.284,-0.363,9.787,0.000,-0.018,-0.012,-9.770,-0.365,0.441,-0.006,0.015,-0.010,0.000,0.000,0.000,0.00,15.2,OK
1787114163.923,FORWARD,0,18.00,21.61,-1.27,-0.23,1600,1500,13.33,4.949,-3.848,-24.14,0.353,-0.363,9.758,-0.005,0.018,-0.007,-9.799,-0.447,0.391,-0.003,0.022,0.005,0.000,0.000,0.000,0.00,15.2,OK
1787114163.973,FORWARD,0,18.00,21.61,-1.27,-0.23,1600,1500,13.28,4.956,-3.849,-24.91,0.353,-0.363,9.758,-0.005,0.018,-0.007,-9.785,-0.434,0.417,-0.003,0.029,0.015,0.000,0.000,0.000,0.00,15.2,OK
1787114164.023,FORWARD,0,18.00,21.61,-1.27,-0.23,1600,1500,13.23,4.956,-3.849,-24.91,0.353,-0.363,9.758,-0.005,0.018,-0.007,-9.749,-0.312,0.393,-0.007,0.036,0.010,0.000,0.000,0.000,0.00,15.2,OK
1787114164.073,FORWARD,0,18.00,21.61,-1.27,-0.23,1600,1500,13.18,4.972,-3.855,-25.87,0.353,-0.363,9.758,-0.005,0.018,-0.007,-9.788,-0.454,0.352,-0.005,0.041,0.006,0.000,0.000,0.000,0.00,15.2,OK
1787114164.122,FORWARD,0,18.00,21.61,-1.27,-0.23,1600,1500,13.13,4.982,-3.861,-23.09,0.353,-0.363,9.758,-0.005,0.018,-0.007,-9.797,-0.389,0.336,-0.005,0.042,0.010,0.000,0.000,0.000,0.00,15.2,OK
1787114164.173,FORWARD,0,18.00,21.61,-1.27,-0.23,1600,1500,13.08,4.992,-3.863,-24.32,0.294,-0.343,9.826,0.012,0.044,-0.003,-9.809,-0.358,0.293,-0.011,0.049,0.013,0.000,0.000,0.000,0.00,15.2,OK
1787114164.223,FORWARD,0,18.00,21.61,-1.27,-0.23,1600,1500,13.03,4.992,-3.863,-24.32,0.294,-0.343,9.826,0.012,0.044,-0.003,-9.795,-0.296,0.297,-0.019,0.049,0.017,0.000,0.000,0.000,0.00,14.3,OK
1787114164.273,FORWARD,0,18.00,21.61,-1.27,-0.23,1600,1500,12.98,4.998,-3.869,-22.90,0.294,-0.343,9.826,0.012,0.044,-0.003,-9.742,-0.355,0.298,-0.017,0.055,0.004,0.000,0.000,0.000,0.00,14.3,OK
1787114164.323,FORWARD,0,18.00,21.61,-1.27,-0.23,1600,1500,12.93,5.008,-3.874,-24.36,0.294,-0.343,9.826,0.012,0.044,-0.003,-9.754,-0.362,0.223,-0.009,0.061,0.003,0.000,0.000,0.000,0.00,14.3,OK
1787114164.373,FORWARD,0,18.00,21.61,-1.27,-0.23,1600,1500,12.88,5.022,-3.875,-27.04,0.294,-0.343,9.826,0.012,0.044,-0.003,-9.754,-0.331,0.195,-0.015,0.063,0.016,0.000,0.000,0.000,0.00,14.3,OK
1787114164.423,FORWARD,0,18.00,21.61,-1.27,-0.23,1600,1500,12.83,5.030,-3.879,-28.02,0.265,-0.353,9.807,0.014,0.064,0.005,-9.809,-0.339,0.128,-0.020,0.065,0.019,0.000,0.000,0.000,0.00,14.3,OK
1787114164.472,FORWARD,0,18.00,21.61,-1.27,-0.23,1600,1500,12.78,5.030,-3.879,-28.02,0.265,-0.353,9.807,0.014,0.064,0.005,-9.847,-0.261,0.072,-0.021,0.063,0.020,0.000,0.000,0.000,0.00,14.3,OK
1787114164.523,FORWARD,0,18.00,21.61,-1.27,-0.23,1600,1500,12.73,5.039,-3.883,-25.31,0.265,-0.353,9.807,0.014,0.064,0.005,-9.845,-0.335,0.092,-0.018,0.061,0.025,0.000,0.000,0.000,0.00,14.3,OK
1787114164.574,FORWARD,0,18.00,21.61,-1.27,-0.23,1600,1500,12.68,5.046,-3.885,-24.79,0.265,-0.353,9.807,0.014,0.064,0.005,-9.804,-0.339,0.084,-0.017,0.061,0.012,0.000,0.000,0.000,0.00,14.3,OK
1787114164.623,FORWARD,0,18.00,21.61,-1.27,-0.23,1600,1500,12.63,5.046,-3.885,-24.79,0.265,-0.353,9.807,0.014,0.064,0.005,-9.776,-0.334,0.027,-0.018,0.059,0.021,0.000,0.000,0.000,0.00,14.3,OK
1787114164.673,FORWARD,0,18.00,21.61,-1.25,-0.23,1600,1500,12.58,5.055,-3.883,-32.99,0.088,-0.275,9.767,0.015,0.060,0.011,-9.790,-0.320,0.010,-0.021,0.053,0.025,0.000,0.000,0.000,0.00,14.3,OK
1787114164.723,FORWARD,0,18.00,21.61,-1.25,-0.23,1600,1500,12.53,5.065,-3.886,-38.43,0.088,-0.275,9.767,0.015,0.060,0.011,-9.792,-0.375,-0.049,-0.021,0.052,0.023,0.000,0.000,0.000,0.00,14.3,OK
1787114164.773,FORWARD,0,18.00,21.61,-1.25,-0.23,1600,1500,12.48,5.072,-3.887,-38.04,0.088,-0.275,9.767,0.015,0.060,0.011,-9.819,-0.248,-0.052,-0.023,0.046,0.020,0.000,0.000,0.000,0.00,14.3,OK
1787114164.823,FORWARD,0,18.00,21.61,-1.25,-0.23,1600,1500,12.43,5.074,-3.885,-29.34,0.088,-0.275,9.767,0.015,0.060,0.011,-9.804,-0.284,-0.047,-0.021,0.042,0.008,0.000,0.000,0.000,0.00,14.3,OK
1787114164.873,FORWARD,0,18.00,21.61,-1.25,-0.23,1600,1500,12.38,5.074,-3.885,-29.34,0.088,-0.275,9.767,0.015,0.060,0.011,-9.821,-0.306,-0.100,-0.019,0.036,0.003,0.000,0.000,0.000,0.00,14.3,OK
1787114164.923,FORWARD,0,18.00,21.61,-1.25,-0.23,1600,1500,12.33,5.077,-3.888,-18.64,-0.039,-0.235,9.787,0.002,0.039,0.008,-9.816,-0.282,-0.093,-0.019,0.033,0.006,0.000,0.000,0.000,0.00,14.3,OK
1787114164.973,FORWARD,0,18.00,21.61,-1.25,-0.23,1600,1500,12.28,5.076,-3.889,-15.16,-0.039,-0.235,9.787,0.002,0.039,0.008,-9.852,-0.256,-0.122,-0.015,0.030,0.002,0.000,0.000,0.000,0.00,14.3,OK
1787114165.023,FORWARD,0,18.00,21.61,-1.25,-0.23,1600,1500,12.23,5.076,-3.889,-15.16,-0.039,-0.235,9.787,0.002,0.039,0.008,-9.794,-0.243,-0.155,-0.012,0.026,0.000,0.000,0.000,0.000,0.00,14.3,OK
1787114165.073,FORWARD,0,18.00,21.61,-1.25,-0.23,1600,1500,12.18,5.073,-3.891,-8.76,-0.039,-0.235,9.787,0.002,0.039,0.008,-9.780,-0.296,-0.183,-0.015,0.024,-0.007,0.000,0.000,0.000,0.00,14.3,OK
1787114165.123,FORWARD,0,18.00,21.61,-1.25,-0.23,1600,1500,12.13,5.073,-3.891,-8.76,-0.039,-0.235,9.787,0.002,0.039,0.008,-9.849,-0.244,-0.148,-0.015,0.018,-0.012,0.000,0.000,0.000,0.00,14.3,OK
1787114165.173,FORWARD,0,18.00,21.61,-1.24,-0.23,1600,1500,12.08,5.068,-3.893,-16.14,-0.147,-0.275,9.797,-0.012,0.021,0.001,-9.807,-0.356,-0.150,-0.014,0.012,-0.019,0.000,0.000,0.000,0.00,14.3,OK
1787114165.223,FORWARD,0,18.00,21.61,-1.24,-0.23,1600,1500,12.03,5.068,-3.893,-16.14,-0.147,-0.275,9.797,-0.012,0.021,0.001,-9.840,-0.344,-0.196,-0.016,0.009,-0.003,0.000,0.000,0.000,0.00,14.3,OK
1787114165.273,FORWARD,0,18.00,21.61,-1.24,-0.23,1600,1500,11.98,5.077,-3.895,-19.18,-0.147,-0.275,9.797,-0.012,0.021,0.001,-9.866,-0.251,-0.157,-0.022,0.003,-0.003,0.000,0.000,0.000,0.00,15.2,OK
1787114165.323,FORWARD,0,18.00,21.61,-1.24,-0.23,1600,1500,11.93,5.081,-3.899,-19.20,-0.147,-0.275,9.797,-0.012,0.021,0.001,-9.804,-0.337,-0.157,-0.017,0.002,-0.010,0.000,0.000,0.000,0.00,15.2,OK
1787114165.373,FORWARD,0,18.00,21.61,-1.24,-0.23,1600,1500,11.88,5.091,-3.901,-23.12,-0.147,-0.275,9.797,-0.012,0.021,0.001,-9.788,-0.274,-0.200,-0.011,-0.006,-0.004,0.000,0.000,0.000,0.00,15.2,OK
1787114165.423,FORWARD,0,18.00,21.61,-1.24,-0.23,1600,1500,11.83,5.102,-3.904,-21.45,-0.284,-0.235,9.787,-0.002,-0.003,0.002,-9.878,-0.326,-0.150,-0.009,-0.009,0.003,0.000,0.000,0.000,0.00,15.2,OK
1787114165.473,FORWARD,0,18.00,21.61,-1.24,-0.23,1600,1500,11.78,5.102,-3.904,-21.45,-0.284,-0.235,9.787,-0.002,-0.003,0.002,-9.761,-0.362,-0.167,-0.004,-0.016,0.010,0.000,0.000,0.000,0.00,15.2,OK
1787114165.524,FORWARD,0,18.00,21.61,-1.24,-0.23,1600,1500,11.73,5.116,-3.911,-21.52,-0.284,-0.235,9.787,-0.002,-0.003,0.002,-9.816,-0.198,-0.179,-0.006,-0.018,0.007,0.000,0.000,0.000,0.00,15.2,OK
1787114165.573,FORWARD,0,18.00,21.61,-1.24,-0.23,1600,1500,11.68,5.121,-3.912,-17.89,-0.284,-0.235,9.787,-0.002,-0.003,0.002,-9.778,-0.303,-0.112,-0.007,-0.022,0.008,0.000,0.000,0.000,0.00,15.2,OK
1787114165.623,FORWARD,0,18.00,21.61,-1.24,-0.23,1600,1500,11.63,5.123,-3.917,-12.25,-0.284,-0.235,9.787,-0.002,-0.003,0.002,-9.776,-0.233,-0.128,-0.010,-0.024,0.006,0.000,0.000,0.000,0.00,15.2,OK
1787114165.673,FORWARD,0,18.00,21.61,-1.24,-0.23,1600,1500,11.58,5.123,-3.917,-12.25,-0.206,-0.226,9.767,0.004,-0.020,0.002,-9.790,-0.260,-0.078,-0.019,-0.023,-0.003,0.000,0.000,0.000,0.00,15.2,OK
1787114165.723,FORWARD,0,18.00,21.61,-1.24,-0.23,1600,1500,11.53,5.130,-3.918,-17.50,-0.206,-0.226,9.767,0.004,-0.020,0.002,-9.806,-0.267,-0.045,-0.018,-0.026,-0.011,0.000,0.000,0.000,0.00,15.2,OK
1787114165.773,FORWARD,0,18.00,21.61,-1.24,-0.23,1600,1500,11.48,5.137,-3.915,-27.00,-0.206,-0.226,9.767,0.004,-0.020,0.002,-9.837,-0.210,-0.093,-0.023,-0.028,0.001,0.000,0.000,0.000,0.00,15.2,OK
1787114165.823,FORWARD,0,18.00,21.61,-1.24,-0.23,1600,1500,11.43,5.145,-3.916,-29.63,-0.206,-0.226,9.767,0.004,-0.020,0.002,-9.869,-0.259,-0.071,-0.024,-0.029,0.002,0.000,0.000,0.000,0.00,15.2,OK
1787114165.873,FORWARD,0,18.00,21.61,-1.24,-0.23,1600,1500,11.38,5.145,-3.916,-29.63,-0.206,-0.226,9.767,0.004,-0.020,0.002,-9.740,-0.298,-0.009,-0.025,-0.033,-0.010,0.000,0.000,0.000,0.00,15.2,OK
1787114165.923,FORWARD,0,18.00,21.61,-1.24,-0.23,1600,1500,11.33,5.151,-3.920,-22.36,-0.206,-0.206,9.777,-0.009,-0.033,0.018,-9.797,-0.270,-0.052,-0.034,-0.038,-0.013,0.000,0.000,0.000,0.00,15.2,OK
1787114165.973,FORWARD,0,18.00,21.61,-1.24,-0.23,1600,1500,11.28,5.154,-3.919,-19.95,-0.206,-0.206,9.777,-0.009,-0.033,0.018,-9.816,-0.289,0.022,-0.029,-0.034,-0.024,0.000,0.000,0.000,0.00,15.2,OK
1787114166.023,FORWARD,0,18.00,21.61,-1.24,-0.23,1600,1500,11.23,5.156,-3.920,-20.10,-0.206,-0.206,9.777,-0.009,-0.033,0.018,-9.811,-0.334,0.029,-0.036,-0.033,-0.022,0.000,0.000,0.000,0.00,15.2,OK
1787114166.073,FORWARD,0,18.00,21.61,-1.24,-0.23,1600,1500,11.18,5.156,-3.920,-20.10,-0.206,-0.206,9.777,-0.009,-0.033,0.018,-9.818,-0.270,0.008,-0.037,-0.037,-0.011,0.000,0.000,0.000,0.00,15.2,OK
1787114166.123,FORWARD,0,18.00,21.61,-1.24,-0.23,1600,1500,11.13,5.150,-3.919,-21.43,-0.206,-0.206,9.777,-0.009,-0.033,0.018,-9.740,-0.345,0.085,-0.038,-0.035,-0.018,0.000,0.000,0.000,0.00,15.2,OK
1787114166.172,FORWARD,0,18.00,21.61,-1.25,-0.23,1600,1500,11.08,5.149,-3.962,35.09,-0.098,-0.206,9.758,-0.010,-0.032,0.027,-9.826,-0.351,0.063,-0.036,-0.034,0.001,0.000,0.000,0.000,0.00,15.2,OK
1787114166.223,FORWARD,0,18.00,21.61,-1.25,-0.23,1600,1500,11.03,5.128,-4.004,34.01,-0.098,-0.206,9.758,-0.010,-0.032,0.027,-9.887,-0.321,0.063,-0.041,-0.034,-0.009,0.000,0.000,0.000,0.00,15.2,OK
1787114166.272,FORWARD,0,18.00,21.61,-1.25,-0.23,1600,1500,10.98,5.128,-4.004,34.01,-0.098,-0.206,9.758,-0.010,-0.032,0.027,-9.735,-0.338,0.109,-0.034,-0.036,-0.019,0.000,0.000,0.000,0.00,15.2,OK
1787114166.323,FORWARD,0,18.00,21.61,-1.25,-0.23,1600,1500,10.93,5.131,-4.018,36.54,-0.098,-0.206,9.758,-0.010,-0.032,0.027,-9.826,-0.447,0.123,-0.033,-0.032,-0.009,0.000,0.000,0.000,0.00,15.2,OK
1787114166.373,FORWARD,0,18.00,21.61,-1.25,-0.23,1600,1500,10.88,5.131,-4.020,32.77,-0.098,-0.206,9.758,-0.010,-0.032,0.027,-9.773,-0.386,0.116,-0.034,-0.034,-0.010,0.000,0.000,0.000,0.00,15.2,OK
1787114166.423,FORWARD,0,18.00,21.61,-1.26,-0.23,1600,1500,10.83,5.141,-4.026,32.02,-0.069,-0.294,9.758,-0.009,-0.029,0.025,-9.835,-0.433,0.151,-0.032,-0.030,0.004,0.000,0.000,0.000,0.00,15.2,OK
1787114166.473,FORWARD,0,18.00,21.61,-1.26,-0.23,1600,1500,10.78,5.141,-4.026,32.02,-0.069,-0.294,9.758,-0.009,-0.029,0.025,-9.816,-0.356,0.125,-0.034,-0.032,0.011,0.000,0.000,0.000,0.00,15.2,OK
1787114166.523,FORWARD,0,18.00,21.61,-1.26,-0.23,1600,1500,10.73,5.143,-4.027,27.85,-0.069,-0.294,9.758,-0.009,-0.029,0.025,-9.840,-0.385,0.116,-0.034,-0.031,0.003,0.000,0.000,0.000,0.00,15.2,OK
1787114166.573,FORWARD,0,18.00,21.61,-1.26,-0.23,1600,1500,10.68,5.149,-4.010,14.34,-0.069,-0.294,9.758,-0.009,-0.029,0.025,-9.768,-0.379,0.178,-0.028,-0.030,-0.004,0.000,0.000,0.000,0.00,15.2,OK
1787114166.623,FORWARD,0,18.00,21.61,-1.26,-0.23,1600,1500,10.63,5.146,-3.997,11.06,-0.069,-0.294,9.758,-0.009,-0.029,0.025,-9.895,-0.412,0.221,-0.038,-0.031,-0.007,0.000,0.000,0.000,0.00,15.2,OK
1787114166.673,FORWARD,0,18.00,21.61,-1.26,-0.23,1600,1500,10.58,5.146,-3.997,11.06,-0.010,-0.294,9.777,-0.003,-0.029,0.024,-9.814,-0.413,0.209,-0.035,-0.032,-0.001,0.000,0.000,0.000,0.00,15.2,OK
1787114166.722,FORWARD,0,18.00,21.61,-1.26,-0.23,1600,1500,10.53,5.142,-3.992,8.33,-0.010,-0.294,9.777,-0.003,-0.029,0.024,-9.794,-0.394,0.235,-0.030,-0.031,0.004,0.000,0.000,0.000,0.00,15.2,OK
1787114166.773,FORWARD,0,18.00,21.61,-1.26,-0.23,1600,1500,10.48,5.125,-3.991,7.26,-0.010,-0.294,9.777,-0.003,-0.029,0.024,-9.838,-0.411,0.173,-0.019,-0.033,0.017,0.000,0.000,0.000,0.00,15.2,OK
1787114166.823,FORWARD,0,18.00,21.61,-1.26,-0.23,1600,1500,10.43,5.124,-3.993,7.76,-0.010,-0.294,9.777,-0.003,-0.029,0.024,-9.840,-0.354,0.230,-0.011,-0.036,0.017,0.000,0.000,0.000,0.00,15.2,OK
1787114166.873,FORWARD,0,18.00,21.61,-1.26,-0.23,1600,1500,10.38,5.124,-3.993,7.76,-0.010,-0.294,9.777,-0.003,-0.029,0.024,-9.766,-0.415,0.245,-0.002,-0.035,0.010,0.000,0.000,0.000,0.00,15.2,OK
1787114166.923,FORWARD,0,18.00,21.61,-1.27,-0.23,1600,1500,10.33,5.121,-3.994,7.93,0.177,-0.333,9.787,0.009,-0.033,-0.003,-9.818,-0.291,0.264,-0.009,-0.031,-0.001,0.000,0.000,0.000,0.00,15.2,OK
1787114166.974,FORWARD,0,18.00,21.61,-1.27,-0.23,1600,1500,10.28,5.129,-3.997,7.57,0.177,-0.333,9.787,0.009,-0.033,-0.003,-9.768,-0.379,0.360,-0.005,-0.027,-0.012,0.000,0.000,0.000,0.00,15.2,OK
1787114167.023,FORWARD,0,18.00,21.61,-1.27,-0.23,1600,1500,10.23,5.135,-3.996,6.42,0.177,-0.333,9.787,0.009,-0.033,-0.003,-9.773,-0.317,0.283,-0.016,-0.026,-0.015,0.000,0.000,0.000,0.00,15.2,OK
1787114167.074,FORWARD,0,18.00,21.61,-1.27,-0.23,1600,1500,10.18,5.135,-3.996,6.42,0.177,-0.333,9.787,0.009,-0.033,-0.003,-9.835,-0.414,0.285,-0.013,-0.021,0.003,0.000,0.000,0.000,0.00,15.2,OK
1787114167.123,FORWARD,0,18.00,21.61,-1.27,-0.23,1600,1500,10.13,5.147,-3.996,4.72,0.177,-0.333,9.787,0.009,-0.033,-0.003,-9.761,-0.374,0.381,-0.014,-0.025,-0.007,0.000,0.000,0.000,0.00,15.2,OK
1787114167.173,FORWARD,0,18.00,21.61,-1.27,-0.23,1600,1500,10.08,5.174,-4.018,9.03,0.157,-0.245,9.797,-0.000,-0.017,0.005,-9.778,-0.358,0.310,-0.020,-0.021,0.008,0.000,0.000,0.000,0.00,15.2,OK
1787114167.223,FORWARD,0,18.00,21.61,-1.27,-0.23,1600,1500,10.03,5.188,-4.015,9.58,0.157,-0.245,9.797,-0.000,-0.017,0.005,-9.768,-0.343,0.336,-0.018,-0.020,0.021,0.000,0.000,0.000,0.00,15.2,OK
1787114167.273,FORWARD,0,18.00,21.61,-1.27,-0.23,1600,1500,9.98,5.188,-4.015,9.58,0.157,-0.245,9.797,-0.000,-0.017,0.005,-9.768,-0.331,0.386,-0.017,-0.017,0.008,0.000,0.000,0.000,0.00,15.2,OK
1787114167.323,FORWARD,0,18.00,21.61,-1.27,-0.23,1600,1500,9.93,5.197,-4.015,8.99,0.157,-0.245,9.797,-0.000,-0.017,0.005,-9.799,-0.317,0.391,-0.017,-0.015,0.012,0.000,0.000,0.000,0.00,15.0,OK
1787114167.373,FORWARD,0,18.00,21.61,-1.27,-0.23,1600,1500,9.88,5.201,-4.019,8.84,0.157,-0.245,9.797,-0.000,-0.017,0.005,-9.785,-0.238,0.362,-0.024,-0.007,-0.004,0.000,0.000,0.000,0.00,15.0,OK
1787114167.423,FORWARD,0,18.00,21.61,-1.28,-0.23,1600,1500,9.83,5.209,-4.020,8.64,0.275,-0.284,9.767,-0.005,-0.005,0.007,-9.749,-0.319,0.410,-0.016,-0.005,-0.004,0.000,0.000,0.000,0.00,15.0,OK
1787114167.473,FORWARD,0,18.00,21.61,-1.28,-0.23,1600,1500,9.78,5.209,-4.020,8.64,0.275,-0.284,9.767,-0.005,-0.005,0.007,-9.811,-0.282,0.372,-0.018,-0.003,-0.000,0.000,0.000,0.000,0.00,15.0,OK
1787114167.523,FORWARD,0,18.00,21.61,-1.28,-0.23,1600,1500,9.73,5.231,-4.023,8.63,0.275,-0.284,9.767,-0.005,-0.005,0.007,-9.849,-0.349,0.436,-0.014,-0.002,0.006,0.000,0.000,0.000,0.00,15.0,OK
1787114167.573,FORWARD,0,18.00,21.61,-1.28,-0.23,1600,1500,9.68,5.262,-4.028,10.91,0.275,-0.284,9.767,-0.005,-0.005,0.007,-9.771,-0.377,0.413,-0.016,-0.003,0.009,0.000,0.000,0.000,0.00,15.0,OK
1787114167.623,FORWARD,0,18.00,21.61,-1.28,-0.23,1600,1500,9.63,5.279,-4.033,14.15,0.275,-0.284,9.767,-0.005,-0.005,0.007,-9.771,-0.307,0.369,-0.012,0.003,0.014,0.000,0.000,0.000,0.00,15.0,OK
1787114167.672,FORWARD,0,18.00,21.61,-1.29,-0.23,1600,1500,9.58,5.279,-4.033,14.15,0.275,-0.255,9.787,0.012,0.003,0.005,-9.785,-0.312,0.350,-0.015,0.004,0.012,0.000,0.000,0.000,0.00,15.0,OK
1787114167.723,FORWARD,0,18.00,21.61,-1.29,-0.23,1600,1500,9.53,5.291,-4.035,15.80,0.275,-0.255,9.787,0.012,0.003,0.005,-9.756,-0.348,0.422,-0.018,0.003,0.004,0.000,0.000,0.000,0.00,15.0,OK
1787114167.773,FORWARD,0,18.00,21.61,-1.29,-0.23,1600,1500,9.48,5.301,-4.039,17.70,0.275,-0.255,9.787,0.012,0.003,0.005,-9.885,-0.209,0.355,-0.020,0.008,0.022,0.000,0.000,0.000,0.00,15.0,OK
1787114167.823,FORWARD,0,18.00,21.61,-1.29,-0.23,1600,1500,9.43,5.310,-4.041,18.32,0.275,-0.255,9.787,0.012,0.003,0.005,-9.830,-0.287,0.429,-0.023,0.008,0.001,0.000,0.000,0.000,0.00,15.0,OK
1787114167.873,FORWARD,0,18.00,21.61,-1.29,-0.23,1600,1500,9.38,5.310,-4.041,18.32,0.275,-0.255,9.787,0.012,0.003,0.005,-9.766,-0.331,0.336,-0.024,0.010,0.003,0.000,0.000,0.000,0.00,15.0,OK
1787114167.923,FORWARD,0,18.00,21.61,-1.29,-0.23,1600,1500,9.33,5.315,-4.044,17.55,0.294,-0.284,9.777,0.003,0.011,0.013,-9.761,-0.305,0.357,-0.020,0.016,-0.011,0.000,0.000,0.000,0.00,15.0,OK
1787114167.973,FORWARD,0,18.00,21.61,-1.29,-0.23,1600,1500,9.28,5.322,-4.048,17.21,0.294,-0.284,9.777,0.003,0.011,0.013,-9.813,-0.315,0.357,-0.024,0.013,-0.004,0.000,0.000,0.000,0.00,15.0,OK
1787114168.023,FORWARD,0,18.00,21.61,-1.29,-0.23,1600,1500,9.23,5.340,-4.049,18.58,0.294,-0.284,9.777,0.003,0.011,0.013,-9.811,-0.363,0.321,-0.019,0.017,0.002,0.000,0.000,0.000,0.00,15.0,OK
1787114168.073,FORWARD,0,18.00,21.61,-1.29,-0.23,1600,1500,9.18,5.340,-4.049,18.58,0.294,-0.284,9.777,0.003,0.011,0.013,-9.780,-0.293,0.293,-0.021,0.023,-0.001,0.000,0.000,0.000,0.00,15.0,OK
1787114168.123,FORWARD,0,18.00,21.61,-1.29,-0.23,1600,1500,9.13,5.352,-4.051,19.96,0.294,-0.284,9.777,0.003,0.011,0.013,-9.783,-0.363,0.317,-0.019,0.020,0.003,0.000,0.000,0.000,0.00,15.0,OK
1787114168.173,FORWARD,0,18.00,21.61,-1.29,-0.23,1600,1500,9.08,5.363,-4.053,21.77,0.284,-0.235,9.807,-0.001,0.023,0.007,-9.799,-0.317,0.317,-0.014,0.022,0.011,0.000,0.000,0.000,0.00,15.0,OK
1787114168.223,FORWARD,0,18.00,21.61,-1.29,-0.23,1600,1500,9.03,5.366,-4.055,21.29,0.284,-0.235,9.807,-0.001,0.023,0.007,-9.759,-0.312,0.288,-0.016,0.025,-0.003,0.000,0.000,0.000,0.00,15.0,OK
1787114168.273,FORWARD,0,18.00,21.61,-1.29,-0.23,1600,1500,8.98,5.366,-4.055,21.29,0.284,-0.235,9.807,-0.001,0.023,0.007,-9.838,-0.344,0.300,-0.012,0.026,0.015,0.000,0.000,0.000,0.00,15.0,OK
1787114168.323,FORWARD,0,18.00,21.61,-1.29,-0.23,1600,1500,8.93,5.374,-4.057,20.99,0.284,-0.235,9.807,-0.001,0.023,0.007,-9.859,-0.261,0.259,-0.013,0.027,0.019,0.000,0.000,0.000,0.00,15.0,OK
1787114168.373,FORWARD,0,18.00,21.61,-1.29,-0.23,1600,1500,8.88,5.381,-4.054,18.11,0.284,-0.235,9.807,-0.001,0.023,0.007,-9.749,-0.336,0.271,-0.004,0.029,0.009,0.000,0.000,0.000,0.00,15.2,OK
1787114168.423,FORWARD,0,18.00,21.61,-1.27,-0.23,1600,1500,8.83,5.389,-4.056,18.88,0.245,-0.255,9.816,0.008,0.032,-0.005,-9.847,-0.258,0.242,-0.007,0.034,0.014,0.000,0.000,0.000,0.00,15.2,OK
1787114168.473,FORWARD,0,18.00,21.61,-1.27,-0.23,1600,1500,8.78,5.389,-4.056,18.88,0.245,-0.255,9.816,0.008,0.032,-0.005,-9.787,-0.324,0.180,-0.006,0.032,0.003,0.000,0.000,0.000,0.00,15.2,OK
1787114168.523,FORWARD,0,18.00,21.61,-1.27,-0.23,1600,1500,8.73,5.398,-4.059,20.77,0.245,-0.255,9.816,0.008,0.032,-0.005,-9.828,-0.277,0.219,-0.008,0.030,0.008,0.000,0.000,0.000,0.00,15.2,OK
1787114168.573,FORWARD,0,18.00,21.61,-1.27,-0.23,1600,1500,8.68,5.407,-4.060,21.71,0.245,-0.255,9.816,0.008,0.032,-0.005,-9.826,-0.251,0.187,-0.007,0.034,-0.013,0.000,0.000,0.000,0.00,15.2,OK
1787114168.623,FORWARD,0,18.00,21.61,-1.27,-0.23,1600,1500,8.63,5.419,-4.059,21.59,0.245,-0.255,9.816,0.008,0.032,-0.005,-9.833,-0.394,0.159,-0.006,0.032,-0.007,0.000,0.000,0.000,0.00,15.2,OK
1787114168.673,FORWARD,0,18.00,21.61,-1.27,-0.23,1600,1500,8.58,5.419,-4.059,21.59,0.186,-0.235,9.836,-0.007,0.036,-0.001,-9.818,-0.244,0.151,-0.011,0.035,-0.008,0.000,0.000,0.000,0.00,15.2,OK
1787114168.723,FORWARD,0,18.00,21.61,-1.27,-0.23,1600,1500,8.53,5.428,-4.063,22.81,0.186,-0.235,9.836,-0.007,0.036,-0.001,-9.794,-0.255,0.097,-0.014,0.037,-0.022,0.000,0.000,0.000,0.00,15.2,OK
1787114168.773,FORWARD,0,18.00,21.61,-1.27,-0.23,1600,1500,8.48,5.437,-4.065,23.46,0.186,-0.235,9.836,-0.007,0.036,-0.001,-9.909,-0.331,0.075,-0.017,0.033,0.003,0.000,0.000,0.000,0.00,15.2,OK
1787114168.823,FORWARD,0,18.00,21.61,-1.27,-0.23,1600,1500,8.43,5.445,-4.070,26.16,0.186,-0.235,9.836,-0.007,0.036,-0.001,-9.778,-0.286,0.087,-0.018,0.026,0.009,0.000,0.000,0.000,0.00,15.2,OK
1787114168.873,FORWARD,0,18.00,21.61,-1.27,-0.23,1600,1500,8.38,5.445,-4.070,26.16,0.186,-0.235,9.836,-0.007,0.036,-0.001,-9.845,-0.225,0.041,-0.015,0.025,0.001,0.000,0.000,0.000,0.00,15.2,OK
1787114168.923,FORWARD,0,18.00,21.61,-1.28,-0.23,1600,1500,8.33,5.451,-4.080,30.77,0.029,-0.226,9.797,0.004,0.026,0.005,-9.826,-0.215,0.041,-0.021,0.022,0.004,0.000,0.000,0.000,0.00,15.2,OK
1787114168.973,FORWARD,0,18.00,21.61,-1.28,-0.23,1600,1500,8.28,5.458,-4.079,28.54,0.029,-0.226,9.797,0.004,0.026,0.005,-9.740,-0.309,0.077,-0.020,0.017,0.008,0.000,0.000,0.000,0.00,15.2,OK
1787114169.022,FORWARD,0,18.00,21.61,-1.28,-0.23,1600,1500,8.23,5.464,-4.081,28.83,0.029,-0.226,9.797,0.004,0.026,0.005,-9.857,-0.201,0.032,-0.023,0.019,-0.003,0.000,0.000,0.000,0.00,15.2,OK
1787114169.073,FORWARD,0,18.00,21.61,-1.28,-0.23,1600,1500,8.18,5.464,-4.081,28.83,0.029,-0.226,9.797,0.004,0.026,0.005,-9.775,-0.269,0.073,-0.031,0.014,0.006,0.000,0.000,0.000,0.00,15.2,OK
1787114169.123,FORWARD,0,18.00,21.61,-1.28,-0.23,1600,1500,8.13,5.470,-4.081,28.88,0.029,-0.226,9.797,0.004,0.026,0.005,-9.811,-0.258,0.058,-0.033,0.009,0.003,0.000,0.000,0.000,0.00,15.2,OK
1787114169.172,FORWARD,0,18.00,21.61,-1.27,-0.23,1600,1500,8.08,5.476,-4.079,27.28,-0.039,-0.226,9.816,-0.002,0.008,0.022,-9.828,-0.280,0.039,-0.035,0.001,0.009,0.000,0.000,0.000,0.00,15.2,OK
1787114169.222,FORWARD,0,18.00,21.61,-1.27,-0.23,1600,1500,8.03,5.481,-4.078,25.98,-0.039,-0.226,9.816,-0.002,0.008,0.022,-9.785,-0.262,0.065,-0.038,-0.003,-0.010,0.000,0.000,0.000,0.00,15.2,OK
1787114169.272,FORWARD,0,18.00,21.61,-1.27,-0.23,1600,1500,7.98,5.481,-4.078,25.98,-0.039,-0.226,9.816,-0.002,0.008,0.022,-9.847,-0.237,0.022,-0.038,-0.003,0.006,0.000,0.000,0.000,0.00,15.2,OK
1787114169.323,FORWARD,0,18.00,21.61,-1.27,-0.23,1600,1500,7.93,5.487,-4.079,25.74,-0.039,-0.226,9.816,-0.002,0.008,0.022,-9.768,-0.319,0.068,-0.038,-0.007,0.001,0.000,0.000,0.000,0.00,15.2,OK
1787114169.373,FORWARD,0,18.00,21.61,-1.27,-0.23,1600,1500,7.88,5.492,-4.084,27.89,-0.039,-0.226,9.816,-0.002,0.008,0.022,-9.835,-0.277,0.063,-0.039,-0.008,0.002,0.000,0.000,0.000,0.00,15.2,OK
1787114169.423,FORWARD,0,18.00,21.61,-1.27,-0.23,1600,1500,7.83,5.496,-4.082,24.87,0.000,-0.245,9.777,-0.003,-0.002,0.029,-9.811,-0.263,0.063,-0.040,-0.010,-0.007,0.000,0.000,0.000,0.00,15.2,OK
1787114169.473,FORWARD,0,18.00,21.61,-1.27,-0.23,1600,1500,7.78,5.496,-4.082,24.87,0.000,-0.245,9.777,-0.003,-0.002,0.029,-9.828,-0.385,0.094,-0.044,-0.016,0.006,0.000,0.000,0.000,0.00,15.2,OK
1787114169.523,FORWARD,0,18.00,21.61,-1.27,-0.23,1600,1500,7.73,5.501,-4.079,19.98,0.000,-0.245,9.777,-0.003,-0.002,0.029,-9.833,-0.284,0.082,-0.041,-0.019,0.016,0.000,0.000,0.000,0.00,15.2,OK
1787114169.573,FORWARD,0,18.00,21.61,-1.27,-0.23,1600,1500,7.68,5.505,-4.078,17.11,0.000,-0.245,9.777,-0.003,-0.002,0.029,-9.797,-0.296,0.101,-0.041,-0.022,0.020,0.000,0.000,0.000,0.00,15.2,OK
1787114169.622,FORWARD,0,18.00,21.61,-1.27,-0.23,1600,1500,7.63,5.506,-4.077,15.19,0.000,-0.245,9.777,-0.003,-0.002,0.029,-9.830,-0.222,0.056,-0.038,-0.030,0.024,0.000,0.000,0.000,0.00,15.2,OK
1787114169.673,FORWARD,0,18.00,21.61,-1.27,-0.23,1600,1500,7.58,5.506,-4.077,15.19,-0.127,-0.245,9.797,0.023,-0.024,0.031,-9.871,-0.215,0.089,-0.045,-0.033,0.028,0.000,0.000,0.000,0.00,15.2,OK
1787114169.723,FORWARD,0,18.00,21.61,-1.27,-0.23,1600,1500,7.53,5.515,-4.081,18.09,-0.127,-0.245,9.797,0.023,-0.024,0.031,-9.771,-0.260,0.166,-0.038,-0.035,0.018,0.000,0.000,0.000,0.00,15.2,OK
1787114169.772,FORWARD,0,18.00,21.61,-1.27,-0.23,1600,1500,7.48,5.529,-4.088,23.14,-0.127,-0.245,9.797,0.023,-0.024,0.031,-9.861,-0.189,0.096,-0.040,-0.037,0.018,0.000,0.000,0.000,0.00,15.2,OK
1787114169.823,FORWARD,0,18.00,21.61,-1.27,-0.23,1600,1500,7.43,5.538,-4.089,23.90,-0.127,-0.245,9.797,0.023,-0.024,0.031,-9.782,-0.186,0.178,-0.035,-0.038,-0.002,0.000,0.000,0.000,0.00,15.2,OK
1787114169.873,FORWARD,0,18.00,21.61,-1.27,-0.23,1600,1500,7.38,5.538,-4.089,23.90,-0.127,-0.245,9.797,0.023,-0.024,0.031,-9.852,-0.198,0.173,-0.036,-0.036,-0.007,0.000,0.000,0.000,0.00,15.2,OK
1787114169.923,FORWARD,0,18.00,21.61,-1.27,-0.23,1600,1500,7.33,5.548,-4.091,24.57,0.000,-0.177,9.767,-0.009,-0.034,0.029,-9.821,-0.210,0.156,-0.033,-0.032,-0.012,0.000,0.000,0.000,0.00,15.2,OK
1787114169.973,FORWARD,0,18.00,21.61,-1.27,-0.23,1600,1500,7.28,5.558,-4.091,22.81,0.000,-0.177,9.767,-0.009,-0.034,0.029,-9.761,-0.255,0.238,-0.030,-0.032,-0.025,0.000,0.000,0.000,0.00,15.2,OK
1787114170.023,FORWARD,0,18.00,21.61,-1.27,-0.23,1600,1500,7.23,5.570,-4.090,21.68,0.000,-0.177,9.767,-0.009,-0.034,0.029,-9.759,-0.279,0.271,-0.038,-0.032,-0.024,0.000,0.000,0.000,0.00,15.2,OK
1787114170.073,FORWARD,0,18.00,21.61,-1.27,-0.23,1600,1500,7.18,5.570,-4.090,21.68,0.000,-0.177,9.767,-0.009,-0.034,0.029,-9.785,-0.234,0.288,-0.033,-0.025,-0.028,0.000,0.000,0.000,0.00,15.2,OK
1787114170.123,FORWARD,0,18.00,21.61,-1.27,-0.23,1600,1500,7.13,5.580,-4.090,21.92,0.000,-0.177,9.767,-0.009,-0.034,0.029,-9.730,-0.278,0.288,-0.039,-0.023,-0.039,0.000,0.000,0.000,0.00,15.2,OK
1787114170.172,FORWARD,0,18.00,21.61,-1.28,-0.23,1600,1500,7.08,5.591,-4.088,18.18,0.098,-0.157,9.797,-0.032,-0.022,0.025,-9.792,-0.339,0.274,-0.038,-0.025,-0.031,0.000,0.000,0.000,0.00,15.2,OK
1787114170.223,FORWARD,0,18.00,21.61,-1.28,-0.23,1600,1500,7.03,5.602,-4.089,18.00,0.098,-0.157,9.797,-0.032,-0.022,0.025,-9.852,-0.356,0.223,-0.025,-0.018,-0.017,0.000,0.000,0.000,0.00,15.2,OK
1787114170.273,FORWARD,0,18.00,21.61,-1.28,-0.23,1600,1500,6.98,5.602,-4.089,18.00,0.098,-0.157,9.797,-0.032,-0.022,0.025,-9.783,-0.329,0.336,-0.024,-0.017,-0.011,0.000,0.000,0.000,0.00,15.2,OK
1787114170.322,FORWARD,0,18.00,21.61,-1.28,-0.23,1600,1500,6.93,5.610,-4.091,18.84,0.098,-0.157,9.797,-0.032,-0.022,0.025,-9.823,-0.308,0.276,-0.023,-0.021,0.002,0.000,0.000,0.000,0.00,15.2,OK
1787114170.373,FORWARD,0,18.00,21.61,-1.28,-0.23,1600,1500,6.88,5.618,-4.089,15.00,0.098,-0.157,9.797,-0.032,-0.022,0.025,-9.785,-0.284,0.271,-0.021,-0.016,-0.001,0.000,0.000,0.000,0.00,15.2,OK
1787114170.423,FORWARD,0,19.00,21.61,-1.28,-0.23,1600,1500,6.83,5.626,-4.091,14.13,0.255,-0.196,9.767,0.003,-0.014,0.013,-9.794,-0.301,0.326,-0.026,-0.022,0.003,0.000,0.000,0.000,0.00,15.0,OK
1787114170.472,FORWARD,0,19.00,21.61,-1.28,-0.23,1600,1500,6.78,5.626,-4.091,14.13,0.255,-0.196,9.767,0.003,-0.014,0.013,-9.797,-0.260,0.309,-0.031,-0.017,0.009,0.000,0.000,0.000,0.00,15.0,OK
1787114170.523,FORWARD,0,19.00,21.61,-1.28,-0.23,1600,1500,6.73,5.629,-4.091,11.73,0.255,-0.196,9.767,0.003,-0.014,0.013,-9.818,-0.270,0.350,-0.033,-0.013,0.002,0.000,0.000,0.000,0.00,15.0,OK
1787114170.573,FORWARD,0,19.00,21.61,-1.28,-0.23,1600,1500,6.68,5.633,-4.091,9.86,0.255,-0.196,9.767,0.003,-0.014,0.013,-9.792,-0.336,0.326,-0.031,-0.015,-0.002,0.000,0.000,0.000,0.00,15.0,OK
1787114170.623,FORWARD,0,19.00,21.61,-1.28,-0.23,1600,1500,6.63,5.636,-4.096,12.43,0.255,-0.196,9.767,0.003,-0.014,0.013,-9.866,-0.337,0.367,-0.029,-0.015,0.024,0.000,0.000,0.000,0.00,15.0,OK
1787114170.673,FORWARD,0,19.00,21.61,-1.28,-0.23,1600,1500,6.58,5.636,-4.096,12.43,0.235,-0.275,9.767,0.016,-0.013,0.019,-9.771,-0.351,0.412,-0.029,-0.014,0.010,0.000,0.000,0.000,0.00,15.0,OK
1787114170.723,FORWARD,0,19.00,21.61,-1.28,-0.23,1600,1500,6.53,5.646,-4.100,13.63,0.235,-0.275,9.767,0.016,-0.013,0.019,-9.768,-0.274,0.391,-0.032,-0.016,0.009,0.000,0.000,0.000,0.00,15.0,OK
1787114170.773,FORWARD,0,19.00,21.61,-1.28,-0.23,1600,1500,6.48,5.664,-4.103,16.66,0.235,-0.275,9.767,0.016,-0.013,0.019,-9.821,-0.251,0.326,-0.027,-0.013,0.019,0.000,0.000,0.000,0.00,15.0,OK
1787114170.823,FORWARD,0,19.00,21.61,-1.28,-0.23,1600,1500,6.43,5.674,-4.100,14.27,0.235,-0.275,9.767,0.016,-0.013,0.019,-9.792,-0.303,0.420,-0.029,-0.012,0.014,0.000,0.000,0.000,0.00,15.0,OK
1787114170.873,FORWARD,0,19.00,21.61,-1.28,-0.23,1600,1500,6.38,5.674,-4.100,14.27,0.235,-0.275,9.767,0.016,-0.013,0.019,-9.804,-0.313,0.408,-0.030,-0.011,0.013,0.000,0.000,0.000,0.00,15.0,OK
1787114170.923,FORWARD,0,19.00,21.61,-1.29,-0.23,1600,1500,6.33,5.683,-4.103,16.78,0.265,-0.324,9.807,0.011,-0.008,0.020,-9.761,-0.327,0.410,-0.028,-0.005,0.003,0.000,0.000,0.000,0.00,15.0,OK
1787114170.974,FORWARD,0,19.00,21.61,-1.29,-0.23,1600,1500,6.28,5.690,-4.108,20.45,0.265,-0.324,9.807,0.011,-0.008,0.020,-9.766,-0.329,0.453,-0.028,-0.004,0.006,0.000,0.000,0.000,0.00,15.0,OK
1787114171.023,FORWARD,0,19.00,21.61,-1.29,-0.23,1600,1500,6.23,5.698,-4.110,20.69,0.265,-0.324,9.807,0.011,-0.008,0.020,-9.768,-0.319,0.446,-0.029,0.001,-0.006,0.000,0.000,0.000,0.00,15.0,OK
1787114171.073,FORWARD,0,19.00,21.61,-1.29,-0.23,1600,1500,6.18,5.698,-4.110,20.69,0.265,-0.324,9.807,0.011,-0.008,0.020,-9.795,-0.298,0.439,-0.029,0.002,-0.006,0.000,0.000,0.000,0.00,15.0,OK
1787114171.122,FORWARD,0,19.00,21.61,-1.29,-0.23,1600,1500,6.13,5.706,-4.114,21.63,0.265,-0.324,9.807,0.011,-0.008,0.020,-9.780,-0.269,0.370,-0.028,0.008,-0.020,0.000,0.000,0.000,0.00,15.0,OK
1787114171.173,FORWARD,0,19.00,21.61,-1.28,-0.23,1600,1500,6.08,5.712,-4.118,23.01,0.294,-0.226,9.797,-0.020,0.008,0.017,-9.833,-0.370,0.388,-0.024,0.007,-0.002,0.000,0.000,0.000,0.00,15.0,OK
1787114171.222,FORWARD,0,19.00,21.61,-1.28,-0.23,1600,1500,6.03,5.717,-4.121,23.27,0.294,-0.226,9.797,-0.020,0.008,0.017,-9.766,-0.281,0.360,-0.025,0.013,-0.013,0.000,0.000,0.000,0.00,15.0,OK
1787114171.272,FORWARD,0,19.00,21.61,-1.28,-0.23,1600,1500,5.98,5.717,-4.121,23.27,0.294,-0.226,9.797,-0.020,0.008,0.017,-9.876,-0.309,0.369,-0.029,0.015,0.000,0.000,0.000,0.000,0.00,15.0,OK
1787114171.323,FORWARD,0,19.00,21.61,-1.28,-0.23,1600,1500,5.93,5.718,-4.123,21.84,0.294,-0.226,9.797,-0.020,0.008,0.017,-9.783,-0.327,0.391,-0.024,0.011,0.006,0.000,0.000,0.000,0.00,15.0,OK
1787114171.373,FORWARD,0,19.00,21.61,-1.28,-0.23,1600,1500,5.88,5.707,-4.129,20.96,0.294,-0.226,9.797,-0.020,0.008,0.017,-9.816,-0.318,0.340,-0.023,0.014,0.012,0.000,0.000,0.000,0.00,15.0,OK
1787114171.423,FORWARD,0,19.00,21.61,-1.28,-0.23,1600,1500,5.83,5.690,-4.130,16.42,0.324,-0.206,9.816,0.011,0.017,0.013,-9.804,-0.286,0.343,-0.024,0.016,0.007,0.000,0.000,0.000,0.00,15.0,OK
1787114171.472,FORWARD,0,19.00,21.61,-1.28,-0.23,1600,1500,5.78,5.690,-4.130,16.42,0.324,-0.206,9.816,0.011,0.017,0.013,-9.776,-0.348,0.336,-0.019,0.014,-0.001,0.000,0.000,0.000,0.00,14.3,OK
1787114171.522,FORWARD,0,19.00,21.61,-1.28,-0.23,1600,1500,5.73,5.681,-4.129,14.12,0.324,-0.206,9.816,0.011,0.017,0.013,-9.833,-0.280,0.290,-0.023,0.011,-0.000,0.000,0.000,0.000,0.00,14.3,OK
1787114171.573,FORWARD,0,19.00,21.61,-1.28,-0.23,1600,1500,5.68,5.675,-4.123,10.82,0.324,-0.206,9.816,0.011,0.017,0.013,-9.780,-0.267,0.326,-0.020,0.013,-0.012,0.000,0.000,0.000,0.00,14.3,OK
1787114171.623,FORWARD,0,19.00,21.61,-1.28,-0.23,1600,1500,5.63,5.675,-4.123,10.82,0.324,-0.206,9.816,0.011,0.017,0.013,-9.785,-0.329,0.324,-0.016,0.013,-0.009,0.000,0.000,0.000,0.00,14.3,OK
1787114171.673,FORWARD,0,19.00,21.61,-1.28,-0.23,1600,1500,5.58,5.667,-4.122,8.85,0.284,-0.226,9.797,-0.008,0.014,0.007,-9.818,-0.251,0.254,-0.016,0.012,-0.012,0.000,0.000,0.000,0.00,14.3,OK
1787114171.723,FORWARD,0,19.00,21.61,-1.28,-0.23,1600,1500,5.53,5.655,-4.121,7.33,0.284,-0.226,9.797,-0.008,0.014,0.007,-9.811,-0.358,0.326,-0.012,0.015,-0.007,0.000,0.000,0.000,0.00,14.3,OK
1787114171.773,FORWARD,0,19.00,21.61,-1.28,-0.23,1600,1500,5.48,5.651,-4.120,5.16,0.284,-0.226,9.797,-0.008,0.014,0.007,-9.821,-0.313,0.317,-0.012,0.018,-0.007,0.000,0.000,0.000,0.00,14.3,OK
1787114171.823,FORWARD,0,19.00,21.61,-1.28,-0.23,1600,1500,5.43,5.655,-4.124,4.62,0.284,-0.226,9.797,-0.008,0.014,0.007,-9.787,-0.334,0.235,-0.013,0.016,-0.015,0.000,0.000,0.000,0.00,14.3,OK
1787114171.872,FORWARD,0,19.00,21.61,-1.28,-0.23,1600,1500,5.38,5.655,-4.124,4.62,0.284,-0.226,9.797,-0.008,0.014,0.007,-9.842,-0.275,0.285,-0.014,0.013,0.006,0.000,0.000,0.000,0.00,14.3,OK
1787114171.923,FORWARD,0,19.00,21.61,-1.28,-0.23,1600,1500,5.33,5.662,-4.123,3.84,0.186,-0.206,9.777,-0.000,0.015,0.006,-9.821,-0.354,0.317,-0.019,0.012,0.003,0.000,0.000,0.000,0.00,14.3,OK
1787114171.972,FORWARD,0,19.00,21.61,-1.28,-0.23,1600,1500,5.28,5.696,-4.112,1.33,0.186,-0.206,9.777,-0.000,0.015,0.006,-9.806,-0.263,0.226,-0.019,0.006,0.014,0.000,0.000,0.000,0.00,14.3,OK
1787114172.023,FORWARD,0,19.00,21.61,-1.28,-0.23,1600,1500,5.23,5.714,-4.112,2.16,0.186,-0.206,9.777,-0.000,0.015,0.006,-9.837,-0.289,0.286,-0.016,0.005,0.025,0.000,0.000,0.000,0.00,14.3,OK
1787114172.073,FORWARD,0,19.00,21.61,-1.28,-0.23,1600,1500,5.18,5.714,-4.112,2.16,0.186,-0.206,9.777,-0.000,0.015,0.006,-9.864,-0.285,0.264,-0.018,0.004,0.027,0.000,0.000,0.000,0.00,14.3,OK
1787114172.123,FORWARD,0,19.00,21.61,-1.28,-0.23,1600,1500,5.13,5.730,-4.116,3.67,0.186,-0.206,9.777,-0.000,0.015,0.006,-9.768,-0.267,0.257,-0.016,0.002,0.031,0.000,0.000,0.000,0.00,14.3,OK
1787114172.173,FORWARD,0,19.00,21.61,-1.29,-0.23,1600,1500,5.08,5.747,-4.117,3.98,0.226,-0.235,9.797,0.031,0.003,0.008,-9.842,-0.229,0.245,-0.014,-0.002,0.025,0.000,0.000,0.000,0.00,14.3,OK
1787114172.223,FORWARD,0,19.00,21.61,-1.29,-0.23,1600,1500,5.03,5.760,-4.117,4.26,0.226,-0.235,9.797,0.031,0.003,0.008,-9.816,-0.217,0.271,-0.020,-0.003,0.022,0.000,0.000,0.000,0.00,14.3,OK
1787114172.273,FORWARD,0,19.00,21.61,-1.29,-0.23,1600,1500,4.98,5.760,-4.117,4.26,0.226,-0.235,9.797,0.031,0.003,0.008,-9.809,-0.217,0.278,-0.026,-0.005,0.004,0.000,0.000,0.000,0.00,14.3,OK
1787114172.322,FORWARD,0,19.00,21.61,-1.29,-0.23,1600,1500,4.93,5.775,-4.119,5.42,0.226,-0.235,9.797,0.031,0.003,0.008,-9.819,-0.243,0.305,-0.022,-0.003,0.004,0.000,0.000,0.000,0.00,14.3,OK
1787114172.373,FORWARD,0,19.00,21.61,-1.29,-0.23,1600,1500,4.88,5.792,-4.123,6.75,0.226,-0.235,9.797,0.031,0.003,0.008,-9.823,-0.212,0.261,-0.025,0.002,-0.006,0.000,0.000,0.000,0.00,14.3,OK
1787114172.423,FORWARD,0,19.00,21.61,-1.28,-0.23,1600,1500,4.83,5.805,-4.123,7.21,0.137,-0.186,9.787,-0.008,0.002,0.016,-9.845,-0.234,0.238,-0.025,0.006,-0.011,0.000,0.000,0.000,0.00,14.3,OK
1787114172.473,FORWARD,0,19.00,21.61,-1.28,-0.23,1600,1500,4.78,5.805,-4.123,7.21,0.137,-0.186,9.787,-0.008,0.002,0.016,-9.842,-0.222,0.274,-0.029,0.004,-0.010,0.000,0.000,0.000,0.00,15.0,OK
1787114172.523,FORWARD,0,19.00,21.61,-1.28,-0.23,1600,1500,4.73,5.817,-4.123,5.63,0.137,-0.186,9.787,-0.008,0.002,0.016,-9.752,-0.233,0.257,-0.030,0.008,-0.027,0.000,0.000,0.000,0.00,15.0,OK
1787114172.573,FORWARD,0,19.00,21.61,-1.28,-0.23,1600,1500,4.68,5.832,-4.128,7.37,0.137,-0.186,9.787,-0.008,0.002,0.016,-9.854,-0.270,0.240,-0.025,0.006,-0.025,0.000,0.000,0.000,0.00,15.0,OK
1787114172.623,FORWARD,0,19.00,21.61,-1.28,-0.23,1600,1500,4.63,5.842,-4.131,8.23,0.137,-0.186,9.787,-0.008,0.002,0.016,-9.768,-0.267,0.271,-0.027,0.009,-0.020,0.000,0.000,0.000,0.00,15.0,OK
1787114172.673,FORWARD,0,19.00,21.61,-1.28,-0.23,1600,1500,4.58,5.842,-4.131,8.23,0.226,-0.186,9.807,-0.018,0.010,0.014,-9.794,-0.272,0.238,-0.021,0.010,-0.012,0.000,0.000,0.000,0.00,15.0,OK
1787114172.723,FORWARD,0,19.00,21.61,-1.28,-0.23,1600,1500,4.53,5.853,-4.132,8.52,0.226,-0.186,9.807,-0.018,0.010,0.014,-9.794,-0.243,0.250,-0.027,0.006,0.002,0.000,0.000,0.000,0.00,15.0,OK
1787114172.772,FORWARD,0,19.00,21.61,-1.28,-0.23,1600,1500,4.48,5.862,-4.132,7.72,0.226,-0.186,9.807,-0.018,0.010,0.014,-9.876,-0.285,0.197,-0.025,0.005,0.011,0.000,0.000,0.000,0.00,15.0,OK
1787114172.823,FORWARD,0,19.00,21.61,-1.28,-0.23,1600,1500,4.43,5.861,-4.134,7.29,0.226,-0.186,9.807,-0.018,0.010,0.014,-9.835,-0.227,0.283,-0.026,0.003,0.011,0.000,0.000,0.000,0.00,15.0,OK
1787114172.873,FORWARD,0,19.00,21.61,-1.28,-0.23,1600,1500,4.38,5.861,-4.134,7.29,0.226,-0.186,9.807,-0.018,0.010,0.014,-9.809,-0.286,0.228,-0.024,-0.003,0.024,0.000,0.000,0.000,0.00,15.0,OK
1787114172.923,FORWARD,0,19.00,21.61,-1.28,-0.23,1600,1500,4.33,5.870,-4.137,7.94,0.127,-0.216,9.807,0.026,0.001,0.014,-9.823,-0.284,0.199,-0.027,-0.003,0.016,0.000,0.000,0.000,0.00,15.0,OK
1787114172.972,FORWARD,0,19.00,21.61,-1.28,-0.23,1600,1500,4.28,5.889,-4.132,6.00,0.127,-0.216,9.807,0.026,0.001,0.014,-9.799,-0.351,0.259,-0.023,-0.006,0.013,0.000,0.000,0.000,0.00,15.0,OK
1787114173.024,FORWARD,0,19.00,21.61,-1.28,-0.23,1600,1500,4.23,5.908,-4.125,1.93,0.127,-0.216,9.807,0.026,0.001,0.014,-9.761,-0.207,0.207,-0.024,-0.005,0.013,0.000,0.000,0.000,0.00,15.0,OK
1787114173.073,FORWARD,0,19.00,21.61,-1.28,-0.23,1600,1500,4.18,5.908,-4.125,1.93,0.127,-0.216,9.807,0.026,0.001,0.014,-9.804,-0.260,0.295,-0.023,-0.006,0.003,0.000,0.000,0.000,0.00,15.0,OK
1787114173.123,FORWARD,0,19.00,21.61,-1.28,-0.23,1600,1500,4.13,5.928,-4.125,2.34,0.127,-0.216,9.807,0.026,0.001,0.014,-9.883,-0.196,0.295,-0.025,-0.004,-0.002,0.000,0.000,0.000,0.00,15.0,OK
1787114173.173,FORWARD,0,19.00,21.61,-1.28,-0.23,1600,1500,4.08,5.943,-4.127,3.77,0.118,-0.196,9.807,-0.009,-0.004,0.014,-9.823,-0.222,0.235,-0.027,-0.005,-0.014,0.000,0.000,0.000,0.00,15.0,OK
1787114173.223,FORWARD,0,19.00,21.61,-1.28,-0.23,1600,1500,4.03,5.960,-4.126,4.34,0.118,-0.196,9.807,-0.009,-0.004,0.014,-9.809,-0.301,0.259,-0.020,-0.005,-0.014,0.000,0.000,0.000,0.00,15.0,OK
1787114173.272,FORWARD,0,19.00,21.61,-1.28,-0.23,1600,1500,3.98,5.960,-4.126,4.34,0.118,-0.196,9.807,-0.009,-0.004,0.014,-9.807,-0.203,0.281,-0.025,-0.008,-0.008,0.000,0.000,0.000,0.00,15.0,OK
1787114173.323,FORWARD,0,19.00,21.61,-1.28,-0.23,1600,1500,3.93,5.973,-4.121,-1.94,0.118,-0.196,9.807,-0.009,-0.004,0.014,-9.797,-0.277,0.252,-0.032,-0.006,-0.033,0.000,0.000,0.000,0.00,15.0,OK
1787114173.373,FORWARD,0,19.00,21.61,-1.28,-0.23,1600,1500,3.88,5.986,-4.125,4.48,0.118,-0.196,9.807,-0.009,-0.004,0.014,-9.811,-0.220,0.219,-0.027,-0.009,-0.009,0.000,0.000,0.000,0.00,15.0,OK
1787114173.423,FORWARD,0,19.00,21.61,-1.27,-0.23,1600,1500,3.83,5.986,-4.127,0.88,0.108,-0.167,9.836,-0.014,-0.006,0.015,-9.814,-0.267,0.309,-0.024,-0.013,-0.007,0.000,0.000,0.000,0.00,15.0,OK
1787114173.472,FORWARD,0,19.00,21.61,-1.27,-0.23,1600,1500,3.78,5.986,-4.127,0.88,0.108,-0.167,9.836,-0.014,-0.006,0.015,-9.807,-0.334,0.250,-0.017,-0.010,0.014,0.000,0.000,0.000,0.00,15.0,OK
1787114173.523,FORWARD,0,19.00,21.61,-1.27,-0.23,1600,1500,3.73,5.990,-4.130,1.63,0.108,-0.167,9.836,-0.014,-0.006,0.015,-9.780,-0.245,0.305,-0.017,-0.016,0.028,0.000,0.000,0.000,0.00,15.2,OK
1787114173.573,FORWARD,0,19.00,21.61,-1.27,-0.23,1600,1500,3.68,5.997,-4.129,-1.06,0.108,-0.167,9.836,-0.014,-0.006,0.015,-9.773,-0.310,0.295,-0.019,-0.015,0.023,0.000,0.000,0.000,0.00,15.2,OK
1787114173.623,FORWARD,0,19.00,21.61,-1.27,-0.23,1600,1500,3.63,6.010,-4.132,1.31,0.108,-0.167,9.836,-0.014,-0.006,0.015,-9.845,-0.234,0.305,-0.021,-0.024,0.019,0.000,0.000,0.000,0.00,15.2,OK
1787114173.672,FORWARD,0,18.00,21.61,-1.28,-0.23,1600,1500,3.58,6.010,-4.132,1.31,0.147,-0.206,9.787,0.023,-0.021,0.009,-9.766,-0.252,0.346,-0.026,-0.029,0.016,0.000,0.000,0.000,0.00,15.2,OK
1787114173.723,FORWARD,0,18.00,21.61,-1.28,-0.23,1600,1500,3.53,6.022,-4.131,1.35,0.147,-0.206,9.787,0.023,-0.021,0.009,-9.830,-0.205,0.336,-0.024,-0.030,0.029,0.000,0.000,0.000,0.00,15.2,OK
1787114173.773,FORWARD,0,18.00,21.61,-1.28,-0.23,1600,1500,3.48,6.037,-4.134,6.51,0.147,-0.206,9.787,0.023,-0.021,0.009,-9.718,-0.223,0.372,-0.020,-0.028,0.005,0.000,0.000,0.000,0.00,15.2,OK
1787114173.823,FORWARD,0,18.00,21.61,-1.28,-0.23,1600,1500,3.43,6.047,-4.131,-0.91,0.147,-0.206,9.787,0.023,-0.021,0.009,-9.818,-0.179,0.309,-0.023,-0.025,0.008,0.000,0.000,0.000,0.00,15.2,OK
1787114173.873,FORWARD,0,18.00,21.61,-1.28,-0.23,1600,1500,3.38,6.047,-4.131,-0.91,0.147,-0.206,9.787,0.023,-0.021,0.009,-9.819,-0.186,0.407,-0.015,-0.027,0.008,0.000,0.000,0.000,0.00,15.2,OK
1787114173.923,FORWARD,0,18.00,21.61,-1.27,-0.23,1600,1500,3.33,6.044,-4.127,-1.56,0.226,-0.206,9.767,0.003,-0.023,0.007,-9.783,-0.245,0.398,-0.019,-0.027,0.001,0.000,0.000,0.000,0.00,15.2,OK
1787114173.973,FORWARD,0,18.00,21.61,-1.27,-0.23,1600,1500,3.28,6.052,-4.124,-4.25,0.226,-0.206,9.767,0.003,-0.023,0.007,-9.771,-0.174,0.403,-0.022,-0.023,0.004,0.000,0.000,0.000,0.00,15.2,OK
1787114174.023,FORWARD,0,18.00,21.61,-1.27,-0.23,1600,1500,3.23,6.064,-4.119,-7.66,0.226,-0.206,9.767,0.003,-0.023,0.007,-9.804,-0.227,0.410,-0.018,-0.023,-0.004,0.000,0.000,0.000,0.00,15.2,OK
1787114174.073,FORWARD,0,18.00,21.61,-1.27,-0.23,1600,1500,3.18,6.064,-4.119,-7.66,0.226,-0.206,9.767,0.003,-0.023,0.007,-9.813,-0.224,0.434,-0.029,-0.020,-0.009,0.000,0.000,0.000,0.00,15.2,OK
1787114174.123,FORWARD,0,18.00,21.61,-1.27,-0.23,1600,1500,3.13,6.079,-4.123,-5.46,0.226,-0.206,9.767,0.003,-0.023,0.007,-9.780,-0.190,0.398,-0.027,-0.021,-0.021,0.000,0.000,0.000,0.00,15.2,OK
1787114174.174,FORWARD,0,18.00,21.61,-1.28,-0.23,1600,1500,3.08,6.087,-4.122,-2.44,0.196,-0.147,9.797,-0.023,-0.018,0.016,-9.823,-0.323,0.494,-0.026,-0.015,-0.025,0.000,0.000,0.000,0.00,15.2,OK
1787114174.223,FORWARD,0,18.00,21.61,-1.28,-0.23,1600,1500,3.03,6.092,-4.121,-1.71,0.196,-0.147,9.797,-0.023,-0.018,0.016,-9.845,-0.232,0.439,-0.024,-0.016,-0.011,0.000,0.000,0.000,0.00,15.2,OK
1787114174.274,FORWARD,0,18.00,21.61,-1.28,-0.23,1600,1500,2.98,6.092,-4.121,-1.71,0.196,-0.147,9.797,-0.023,-0.018,0.016,-9.866,-0.220,0.434,-0.023,-0.015,-0.018,0.000,0.000,0.000,0.00,15.2,OK
1787114174.323,FORWARD,0,18.00,21.61,-1.28,-0.23,1600,1500,2.93,6.087,-4.127,-1.98,0.196,-0.147,9.797,-0.023,-0.018,0.016,-9.761,-0.274,0.456,-0.022,-0.016,-0.009,0.000,0.000,0.000,0.00,15.2,OK
1787114174.373,FORWARD,0,18.00,21.61,-1.28,-0.23,1600,1500,2.88,6.094,-4.129,-0.79,0.196,-0.147,9.797,-0.023,-0.018,0.016,-9.861,-0.196,0.398,-0.024,-0.012,0.003,0.000,0.000,0.000,0.00,15.2,OK
1787114174.424,FORWARD,0,18.00,21.61,-1.28,-0.23,1600,1500,2.83,6.095,-4.131,-2.21,0.382,-0.167,9.787,-0.004,-0.010,0.008,-9.766,-0.240,0.453,-0.019,-0.014,-0.017,0.000,0.000,0.000,0.00,15.2,OK
1787114174.473,FORWARD,0,18.00,21.61,-1.28,-0.23,1600,1500,2.78,6.095,-4.131,-2.21,0.382,-0.167,9.787,-0.004,-0.010,0.008,-9.830,-0.241,0.436,-0.023,-0.010,-0.022,0.000,0.000,0.000,0.00,15.2,OK
1787114174.523,FORWARD,0,18.00,21.61,-1.28,-0.23,1600,1500,2.73,6.105,-4.135,-0.20,0.382,-0.167,9.787,-0.004,-0.010,0.008,-9.823,-0.299,0.487,-0.024,-0.011,-0.026,0.000,0.000,0.000,0.00,15.2,OK
1787114174.573,FORWARD,0,18.00,21.61,-1.28,-0.23,1600,1500,2.68,6.119,-4.139,1.22,0.382,-0.167,9.787,-0.004,-0.010,0.008,-9.795,-0.296,0.520,-0.022,-0.009,-0.040,0.000,0.000,0.000,0.00,15.2,OK
1787114174.623,FORWARD,0,18.00,21.61,-1.28,-0.23,1600,1500,2.63,6.127,-4.141,1.29,0.382,-0.167,9.787,-0.004,-0.010,0.008,-9.787,-0.303,0.460,-0.019,-0.004,-0.032,0.000,0.000,0.000,0.00,15.2,OK
1787114174.673,FORWARD,0,18.00,21.61,-1.28,-0.23,1600,1500,2.58,6.127,-4.141,1.29,0.245,-0.147,9.816,-0.034,-0.001,0.009,-9.761,-0.382,0.491,-0.016,0.001,-0.021,0.000,0.000,0.000,0.00,15.2,OK
1787114174.723,FORWARD,0,18.00,21.61,-1.28,-0.23,1600,1500,2.53,6.137,-4.141,0.46,0.245,-0.147,9.816,-0.034,-0.001,0.009,-9.842,-0.342,0.443,-0.016,-0.001,-0.009,0.000,0.000,0.000,0.00,15.2,OK
1787114174.773,FORWARD,0,18.00,21.61,-1.28,-0.23,1600,1500,2.48,6.146,-4.138,-3.98,0.245,-0.147,9.816,-0.034,-0.001,0.009,-9.768,-0.363,0.477,-0.013,-0.006,-0.012,0.000,0.000,0.000,0.00,15.2,OK
1787114174.823,FORWARD,0,18.00,21.61,-1.28,-0.23,1600,1500,2.43,6.156,-4.139,-5.17,0.245,-0.147,9.816,-0.034,-0.001,0.009,-9.759,-0.389,0.484,-0.014,-0.006,-0.002,0.000,0.000,0.000,0.00,15.2,OK
1787114174.873,FORWARD,0,18.00,21.61,-1.28,-0.23,1600,1500,2.38,6.156,-4.139,-5.17,0.245,-0.147,9.816,-0.034,-0.001,0.009,-9.780,-0.291,0.468,-0.013,-0.008,0.013,0.000,0.000,0.000,0.00,15.2,OK
1787114174.923,FORWARD,0,18.00,21.61,-1.27,-0.23,1600,1500,2.33,6.165,-4.142,-4.52,0.324,-0.255,9.787,0.016,-0.006,0.005,-9.754,-0.336,0.542,-0.015,-0.011,0.019,0.000,0.000,0.000,0.00,15.2,OK
1787114174.973,FORWARD,0,18.00,21.61,-1.27,-0.23,1600,1500,2.28,6.163,-4.142,-3.53,0.324,-0.255,9.787,0.016,-0.006,0.005,-9.852,-0.242,0.479,-0.023,-0.012,0.019,0.000,0.000,0.000,0.00,15.2,OK
1787114175.023,FORWARD,0,18.00,21.61,-1.27,-0.23,1600,1500,2.23,6.173,-4.138,-9.65,0.324,-0.255,9.787,0.016,-0.006,0.005,-9.818,-0.318,0.542,-0.020,-0.019,0.012,0.000,0.000,0.000,0.00,15.2,OK
1787114175.073,FORWARD,0,18.00,21.61,-1.27,-0.23,1600,1500,2.18,6.173,-4.138,-9.65,0.324,-0.255,9.787,0.016,-0.006,0.005,-9.720,-0.264,0.506,-0.028,-0.010,0.006,0.000,0.000,0.000,0.00,15.2,OK
1787114175.123,FORWARD,0,18.00,21.61,-1.27,-0.23,1600,1500,2.13,6.176,-4.145,-4.05,0.324,-0.255,9.787,0.016,-0.006,0.005,-9.866,-0.263,0.542,-0.030,-0.010,0.008,0.000,0.000,0.000,0.00,15.2,OK
1787114175.174,FORWARD,0,18.00,21.61,-1.27,-0.23,1600,1500,2.08,6.174,-4.139,-6.86,0.382,-0.284,9.767,0.012,-0.006,0.023,-9.790,-0.250,0.563,-0.036,-0.006,0.015,0.000,0.000,0.000,0.00,15.2,OK
1787114175.223,FORWARD,0,18.00,21.61,-1.27,-0.23,1600,1500,2.03,6.177,-4.133,-8.46,0.382,-0.284,9.767,0.012,-0.006,0.023,-9.835,-0.327,0.513,-0.038,-0.005,0.033,0.000,0.000,0.000,0.00,15.2,OK
1787114175.274,FORWARD,0,18.00,21.61,-1.27,-0.23,1600,1500,1.98,6.177,-4.133,-8.46,0.382,-0.284,9.767,0.012,-0.006,0.023,-9.830,-0.210,0.527,-0.040,-0.007,0.020,0.000,0.000,0.000,0.00,15.2,OK
1787114175.322,FORWARD,0,18.00,21.61,-1.27,-0.23,1600,1500,1.93,6.184,-4.129,-8.80,0.382,-0.284,9.767,0.012,-0.006,0.023,-9.759,-0.307,0.594,-0.039,-0.006,0.012,0.000,0.000,0.000,0.00,15.2,OK
1787114175.372,FORWARD,0,18.00,21.61,-1.27,-0.23,1600,1500,1.88,6.192,-4.132,-5.38,0.382,-0.284,9.767,0.012,-0.006,0.023,-9.799,-0.250,0.537,-0.034,-0.004,0.012,0.000,0.000,0.000,0.00,15.2,OK
1787114175.423,FORWARD,0,18.00,21.61,-1.28,-0.23,1600,1500,1.83,6.200,-4.128,-5.47,0.422,-0.265,9.816,0.011,-0.001,0.026,-9.780,-0.253,0.568,-0.029,-0.002,0.004,0.000,0.000,0.000,0.00,15.2,OK
1787114175.473,FORWARD,0,18.00,21.61,-1.28,-0.23,1600,1500,1.78,6.200,-4.128,-5.47,0.422,-0.265,9.816,0.011,-0.001,0.026,-9.795,-0.279,0.570,-0.034,0.001,0.009,0.000,0.000,0.000,0.00,15.2,OK
1787114175.523,FORWARD,0,18.00,21.61,-1.28,-0.23,1600,1500,1.73,6.217,-4.128,-5.45,0.422,-0.265,9.816,0.011,-0.001,0.026,-9.799,-0.284,0.503,-0.031,0.003,0.000,0.000,0.000,0.000,0.00,15.2,OK
1787114175.573,FORWARD,0,18.00,21.61,-1.28,-0.23,1600,1500,1.68,6.227,-4.133,-2.62,0.422,-0.265,9.816,0.011,-0.001,0.026,-9.823,-0.375,0.515,-0.030,0.005,0.010,0.000,0.000,0.000,0.00,15.0,OK
1787114175.622,FORWARD,0,18.00,21.61,-1.28,-0.23,1600,1500,1.63,6.236,-4.135,-1.10,0.422,-0.265,9.816,0.011,-0.001,0.026,-9.811,-0.231,0.506,-0.032,0.010,0.000,0.000,0.000,0.000,0.00,15.0,OK
1787114175.673,FORWARD,0,18.00,21.61,-1.28,-0.23,1600,1500,1.58,6.236,-4.135,-1.10,0.382,-0.186,9.797,0.003,0.013,0.021,-9.745,-0.319,0.551,-0.029,0.014,-0.003,0.000,0.000,0.000,0.00,15.0,OK
1787114175.723,FORWARD,0,18.00,21.61,-1.28,-0.23,1600,1500,1.53,6.249,-4.136,0.78,0.382,-0.186,9.797,0.003,0.013,0.021,-9.771,-0.343,0.503,-0.030,0.020,-0.010,0.000,0.000,0.000,0.00,15.0,OK
1787114175.773,FORWARD,0,18.00,21.61,-1.28,-0.23,1600,1500,1.48,6.259,-4.140,2.87,0.382,-0.186,9.797,0.003,0.013,0.021,-9.826,-0.344,0.520,-0.028,0.019,0.001,0.000,0.000,0.000,0.00,15.0,OK
1787114175.823,FORWARD,0,18.00,21.61,-1.28,-0.23,1600,1500,1.43,6.269,-4.138,-0.63,0.382,-0.186,9.797,0.003,0.013,0.021,-9.730,-0.297,0.465,-0.028,0.014,-0.013,0.000,0.000,0.000,0.00,15.0,OK
1787114175.873,FORWARD,0,18.00,21.61,-1.28,-0.23,1600,1500,1.38,6.269,-4.138,-0.63,0.382,-0.186,9.797,0.003,0.013,0.021,-9.847,-0.289,0.467,-0.024,0.015,-0.009,0.000,0.000,0.000,0.00,15.0,OK
1787114175.922,FORWARD,0,18.00,21.61,-1.27,-0.23,1600,1500,1.33,6.278,-4.138,-1.50,0.422,-0.235,9.816,-0.008,0.016,0.014,-9.785,-0.353,0.477,-0.028,0.016,-0.014,0.000,0.000,0.000,0.00,15.0,OK
1787114175.973,FORWARD,0,18.00,21.61,-1.27,-0.23,1600,1500,1.28,6.275,-4.136,-0.22,0.422,-0.235,9.816,-0.008,0.016,0.014,-9.804,-0.279,0.427,-0.022,0.011,0.008,0.000,0.000,0.000,0.00,15.0,OK
1787114176.023,FORWARD,0,18.00,21.61,-1.27,-0.23,1600,1500,1.23,6.276,-4.134,-2.32,0.422,-0.235,9.816,-0.008,0.016,0.014,-9.735,-0.338,0.501,-0.022,0.005,-0.006,0.000,0.000,0.000,0.00,15.0,OK
1787114176.073,FORWARD,0,18.00,21.61,-1.27,-0.23,1600,1500,1.18,6.276,-4.134,-2.32,0.422,-0.235,9.816,-0.008,0.016,0.014,-9.864,-0.292,0.427,-0.014,0.004,0.004,0.000,0.000,0.000,0.00,15.0,OK
1787114176.123,FORWARD,0,18.00,21.61,-1.27,-0.23,1600,1500,1.13,6.257,-4.131,-2.90,0.422,-0.235,9.816,-0.008,0.016,0.014,-9.835,-0.356,0.460,-0.016,0.000,-0.005,0.000,0.000,0.000,0.00,15.0,OK
1787114176.173,FORWARD,0,18.00,21.61,-1.27,-0.23,1600,1500,1.08,6.251,-4.128,-3.86,0.373,-0.255,9.767,-0.004,0.003,0.005,-9.754,-0.303,0.437,-0.015,0.003,-0.009,0.000,0.000,0.000,0.00,15.0,OK
1787114176.223,FORWARD,0,18.00,21.61,-1.27,-0.23,1600,1500,1.03,6.247,-4.128,-0.94,0.373,-0.255,9.767,-0.004,0.003,0.005,-9.844,-0.268,0.446,-0.007,0.001,0.006,0.000,0.000,0.000,0.00,15.0,OK
1787114176.273,FORWARD,0,18.00,21.61,-1.27,-0.23,1600,1500,0.98,6.247,-4.128,-0.94,0.373,-0.255,9.767,-0.004,0.003,0.005,-9.794,-0.308,0.424,-0.009,-0.006,-0.002,0.000,0.000,0.000,0.00,15.0,OK
1787114176.323,FORWARD,0,18.00,21.61,-1.27,-0.23,1600,1500,0.93,6.246,-4.129,1.72,0.373,-0.255,9.767,-0.004,0.003,0.005,-9.818,-0.337,0.479,-0.007,-0.009,0.012,0.000,0.000,0.000,0.00,15.0,OK
1787114176.373,FORWARD,0,18.00,21.61,-1.27,-0.23,1600,1500,0.88,6.298,-4.137,0.75,0.373,-0.255,9.767,-0.004,0.003,0.005,-9.864,-0.246,0.498,-0.013,-0.015,0.013,0.000,0.000,0.000,0.00,15.0,OK
1787114176.423,FORWARD,0,18.00,21.61,-1.27,-0.23,1600,1500,0.83,6.321,-4.145,4.17,0.353,-0.196,9.787,0.008,-0.014,0.003,-9.833,-0.205,0.520,-0.018,-0.018,0.005,0.000,0.000,0.000,0.00,15.0,OK
1787114176.473,FORWARD,0,18.00,21.61,-1.27,-0.23,1600,1500,0.78,6.321,-4.145,4.17,0.353,-0.196,9.787,0.008,-0.014,0.003,-9.835,-0.289,0.429,-0.016,-0.019,-0.005,0.000,0.000,0.000,0.00,15.0,OK
1787114176.523,FORWARD,0,18.00,21.61,-1.27,-0.23,1600,1500,0.73,6.347,-4.148,6.79,0.353,-0.196,9.787,0.008,-0.014,0.003,-9.818,-0.308,0.460,-0.020,-0.021,-0.001,0.000,0.000,0.000,0.00,15.0,OK
1787114176.573,FORWARD,0,18.00,21.61,-1.27,-0.23,1600,1500,0.68,6.367,-4.158,13.06,0.353,-0.196,9.787,0.008,-0.014,0.003,-9.835,-0.220,0.539,-0.019,-0.021,-0.004,0.000,0.000,0.000,0.00,15.0,OK
1787114176.623,FORWARD,0,18.00,21.61,-1.27,-0.23,1600,1500,0.63,6.367,-4.158,13.06,0.353,-0.196,9.787,0.008,-0.014,0.003,-9.838,-0.311,0.506,-0.016,-0.023,-0.012,0.000,0.000,0.000,0.00,14.3,OK
1787114176.673,FORWARD,0,18.00,21.61,-1.27,-0.23,1600,1500,0.58,6.378,-4.160,14.35,0.422,-0.216,9.797,-0.011,-0.022,0.007,-9.782,-0.320,0.487,-0.017,-0.030,-0.017,0.000,0.000,0.000,0.00,14.3,OK
1787114176.723,FORWARD,0,18.00,21.61,-1.27,-0.23,1600,1500,0.53,6.387,-4.169,19.11,0.422,-0.216,9.797,-0.011,-0.022,0.007,-9.845,-0.325,0.553,-0.022,-0.025,-0.021,0.000,0.000,0.000,0.00,14.3,OK
1787114176.773,FORWARD,0,18.00,21.61,-1.27,-0.23,1600,1500,0.48,6.396,-4.171,20.94,0.422,-0.216,9.797,-0.011,-0.022,0.007,-9.759,-0.341,0.590,-0.024,-0.029,-0.022,0.000,0.000,0.000,0.00,14.3,OK
1787114176.823,FORWARD,0,18.00,21.61,-1.27,-0.23,1600,1500,0.43,6.410,-4.178,26.04,0.422,-0.216,9.797,-0.011,-0.022,0.007,-9.759,-0.305,0.578,-0.027,-0.028,-0.010,0.000,0.000,0.000,0.00,14.3,OK
1787114176.873,FORWARD,0,18.00,21.61,-1.27,-0.23,1600,1500,0.38,6.410,-4.178,26.04,0.422,-0.216,9.797,-0.011,-0.022,0.007,-9.778,-0.324,0.570,-0.033,-0.022,-0.013,0.000,0.000,0.000,0.00,14.3,OK
1787114176.922,FORWARD,0,18.00,21.61,-1.27,-0.23,1600,1500,0.33,6.427,-4.167,17.59,0.304,-0.226,9.816,-0.018,-0.020,0.017,-9.737,-0.398,0.606,-0.026,-0.023,-0.018,0.000,0.000,0.000,0.00,14.3,OK
1787114176.973,FORWARD,0,18.00,21.61,-1.27,-0.23,1600,1500,0.28,6.435,-4.165,16.29,0.304,-0.226,9.816,-0.018,-0.020,0.017,-9.761,-0.374,0.582,-0.026,-0.021,-0.005,0.000,0.000,0.000,0.00,14.3,OK
1787114177.023,FORWARD,0,18.00,21.61,-1.27,-0.23,1600,1500,0.23,6.446,-4.165,15.75,0.304,-0.226,9.816,-0.018,-0.020,0.017,-9.735,-0.439,0.630,-0.024,-0.017,-0.003,0.000,0.000,0.000,0.00,14.3,OK
1787114177.074,FORWARD,0,18.00,21.61,-1.27,-0.23,1600,1500,0.18,6.446,-4.165,15.75,0.304,-0.226,9.816,-0.018,-0.020,0.017,-9.778,-0.298,0.630,-0.021,-0.021,-0.006,0.000,0.000,0.000,0.00,14.3,OK
1787114177.122,FORWARD,0,18.00,21.61,-1.27,-0.23,1600,1500,0.13,6.454,-4.165,18.14,0.304,-0.226,9.816,-0.018,-0.020,0.017,-9.799,-0.337,0.642,-0.024,-0.017,-0.023,0.000,0.000,0.000,0.00,14.3,OK
1787114177.173,FORWARD,0,18.00,21.61,-1.27,-0.23,1600,1500,0.08,6.459,-4.166,18.20,0.530,-0.324,9.728,-0.015,-0.017,0.016,-9.682,-0.467,0.645,-0.023,-0.020,-0.033,0.000,0.000,0.000,0.00,14.3,OK
1787114177.223,FORWARD,0,18.00,21.61,-1.27,-0.23,1600,1500,0.03,6.467,-4.169,19.40,0.530,-0.324,9.728,-0.015,-0.017,0.016,-9.837,-0.378,0.633,-0.028,-0.020,-0.024,0.000,0.000,0.000,0.00,14.3,OK
1787114177.273,FORWARD,0,18.00,21.61,-1.27,-0.23,1600,1500,0.00,6.467,-4.169,19.40,0.530,-0.324,9.728,-0.015,-0.017,0.016,-9.718,-0.434,0.674,-0.032,-0.016,-0.032,0.000,0.000,0.000,0.00,14.3,OK
1787114177.323,ROTATING,1,18.00,73.57,-1.27,-0.23,1500,1500,0.00,6.476,-4.166,17.21,0.530,-0.324,9.728,-0.015,-0.017,0.016,-9.804,-0.626,0.163,-0.018,-0.018,-0.034,0.000,0.000,0.000,0.00,14.3,OK
1787114177.373,ROTATING,1,18.00,73.57,-1.27,-0.23,1500,1306,0.00,6.487,-4.166,16.35,0.530,-0.324,9.728,-0.015,-0.017,0.016,-9.816,-0.595,0.506,0.007,-0.016,-0.019,0.000,0.000,0.000,0.00,14.3,OK
1787114177.423,ROTATING,1,18.00,73.57,-1.27,-0.23,1500,1306,0.00,6.487,-4.166,16.35,0.598,-0.294,9.758,-0.016,-0.015,-0.014,-9.773,-0.353,0.393,-0.011,-0.023,-0.007,0.000,0.000,0.000,0.00,14.3,OK
1787114177.473,ROTATING,1,18.00,73.57,-1.27,-0.23,1500,1306,0.00,6.493,-4.162,11.38,0.598,-0.294,9.758,-0.016,-0.015,-0.014,-9.840,-0.038,0.283,-0.058,-0.030,0.014,0.000,0.000,0.000,0.00,14.3,OK
1787114177.523,ROTATING,1,18.00,73.57,-1.27,-0.23,1500,1306,0.00,6.498,-4.161,8.52,0.598,-0.294,9.758,-0.016,-0.015,-0.014,-9.780,-0.224,0.434,-0.109,-0.037,0.024,0.000,0.000,0.000,0.00,14.3,OK
1787114177.573,ROTATING,1,18.00,73.57,-1.27,-0.23,1500,1306,0.00,6.501,-4.158,4.13,0.598,-0.294,9.758,-0.016,-0.015,-0.014,-9.830,-0.155,0.510,-0.147,-0.041,0.024,0.000,0.000,0.000,0.00,14.3,OK
1787114177.623,ROTATING,1,18.00,73.57,-1.27,-0.23,1500,1306,0.00,6.491,-4.151,3.16,0.598,-0.294,9.758,-0.016,-0.015,-0.014,-9.804,-0.004,0.520,-0.194,-0.048,0.021,0.000,0.000,0.000,0.00,14.3,OK
1787114177.673,ROTATING,1,19.00,73.57,-1.27,-0.23,1500,1306,0.00,6.491,-4.151,3.16,0.373,-0.353,9.787,0.016,-0.044,0.190,-9.849,-0.076,0.625,-0.258,-0.057,0.023,0.000,0.000,0.000,0.00,15.2,OK
1787114177.723,ROTATING,1,19.00,73.57,-1.27,-0.23,1500,1309,0.00,6.492,-4.147,3.00,0.373,-0.353,9.787,0.016,-0.044,0.190,-9.763,0.188,0.769,-0.325,-0.062,0.023,0.000,0.000,0.000,0.00,15.2,OK
1787114177.772,ROTATING,1,19.00,73.57,-1.27,-0.23,1500,1309,0.00,6.494,-4.143,3.24,0.373,-0.353,9.787,0.016,-0.044,0.190,-9.797,0.357,0.872,-0.462,-0.064,0.035,0.000,0.000,0.000,0.00,15.2,OK
1787114177.823,ROTATING,1,19.00,73.57,-1.27,-0.23,1500,1309,0.00,6.494,-4.135,4.77,0.373,-0.353,9.787,0.016,-0.044,0.190,-9.766,0.030,0.740,-0.540,-0.063,0.020,0.000,0.000,0.000,0.00,15.2,OK
1787114177.873,ROTATING,1,19.00,73.57,-1.27,-0.23,1500,1309,0.00,6.494,-4.135,4.77,0.373,-0.353,9.787,0.016,-0.044,0.190,-9.692,-0.096,0.700,-0.591,-0.057,0.016,0.000,0.000,0.000,0.00,15.2,OK
1787114177.923,ROTATING,1,25.00,73.57,-1.27,-0.23,1500,1309,0.00,6.495,-4.130,6.72,0.510,-0.304,9.777,0.009,-0.050,0.597,-9.852,-0.141,0.783,-0.635,-0.059,0.009,0.000,0.000,0.000,0.00,15.2,OK
1787114177.972,ROTATING,1,25.00,73.57,-1.27,-0.23,1500,1330,0.00,6.495,-4.122,9.34,0.510,-0.304,9.777,0.009,-0.050,0.597,-9.695,-0.354,0.640,-0.673,-0.055,0.012,0.000,0.000,0.000,0.00,15.2,OK
1787114178.023,ROTATING,1,25.00,73.57,-1.27,-0.23,1500,1330,0.00,6.494,-4.109,11.10,0.510,-0.304,9.777,0.009,-0.050,0.597,-9.723,-0.412,0.772,-0.675,-0.049,0.011,0.000,0.000,0.000,0.00,15.2,OK
1787114178.072,ROTATING,1,25.00,73.57,-1.27,-0.23,1500,1330,0.00,6.494,-4.109,11.10,0.510,-0.304,9.777,0.009,-0.050,0.597,-9.737,-0.508,0.673,-0.687,-0.047,0.001,0.000,0.000,0.000,0.00,15.2,OK
1787114178.123,ROTATING,1,25.00,73.57,-1.27,-0.23,1500,1330,0.00,6.491,-4.095,12.72,0.510,-0.304,9.777,0.009,-0.050,0.597,-9.673,-0.467,0.695,-0.698,-0.038,0.002,0.000,0.000,0.000,0.00,15.2,OK
1787114178.173,ROTATING,1,34.00,73.57,-1.27,-0.23,1500,1330,0.00,6.489,-4.084,14.71,0.892,-0.353,9.738,-0.009,-0.028,0.704,-9.847,-0.538,0.716,-0.709,-0.033,0.020,0.000,0.000,0.000,0.00,15.2,OK
1787114178.222,ROTATING,1,34.00,73.57,-1.27,-0.23,1500,1361,0.00,6.493,-4.084,15.75,0.892,-0.353,9.738,-0.009,-0.028,0.704,-9.632,-0.621,0.635,-0.720,-0.029,-0.012,0.000,0.000,0.000,0.00,15.2,OK
1787114178.273,ROTATING,1,34.00,73.57,-1.27,-0.23,1500,1361,0.00,6.493,-4.084,15.75,0.892,-0.353,9.738,-0.009,-0.028,0.704,-9.706,-0.680,0.700,-0.711,-0.023,-0.006,0.000,0.000,0.000,0.00,15.2,OK
1787114178.323,ROTATING,1,34.00,73.57,-1.27,-0.23,1500,1361,0.00,6.496,-4.083,16.76,0.892,-0.353,9.738,-0.009,-0.028,0.704,-9.794,-0.815,0.606,-0.710,-0.016,0.003,0.000,0.000,0.000,0.00,15.2,OK
1787114178.372,ROTATING,1,34.00,73.57,-1.27,-0.23,1500,1361,0.00,6.499,-4.083,17.57,0.892,-0.353,9.738,-0.009,-0.028,0.704,-9.819,-0.703,0.577,-0.709,-0.012,0.008,0.000,0.000,0.000,0.00,15.2,OK
1787114178.422,ROTATING,1,44.00,73.57,-1.27,-0.23,1500,1361,0.00,6.502,-4.082,18.45,0.853,-0.490,9.758,-0.007,0.002,0.716,-9.709,-0.802,0.597,-0.712,0.000,0.004,0.000,0.000,0.000,0.00,15.2,OK
1787114178.473,ROTATING,1,44.00,73.57,-1.27,-0.23,1500,1396,0.00,6.502,-4.082,18.45,0.853,-0.490,9.758,-0.007,0.002,0.716,-9.711,-0.936,0.441,-0.707,0.008,0.024,0.000,0.000,0.000,0.00,15.2,OK
1787114178.523,ROTATING,1,44.00,73.57,-1.27,-0.23,1500,1396,0.00,6.505,-4.081,19.46,0.853,-0.490,9.758,-0.007,0.002,0.716,-9.699,-0.960,0.480,-0.683,0.012,0.035,0.000,0.000,0.000,0.00,15.2,OK
1787114178.573,ROTATING,1,44.00,73.57,-1.27,-0.23,1500,1396,0.00,6.508,-4.080,20.67,0.853,-0.490,9.758,-0.007,0.002,0.716,-9.749,-0.936,0.422,-0.670,0.017,0.056,0.000,0.000,0.000,0.00,15.2,OK
1787114178.623,ROTATING,1,44.00,73.57,-1.27,-0.23,1500,1396,0.00,6.511,-4.079,22.10,0.853,-0.490,9.758,-0.007,0.002,0.716,-9.771,-1.004,0.377,-0.655,0.020,0.056,0.000,0.000,0.000,0.00,15.2,OK
1787114178.673,ROTATING,1,53.00,73.57,-1.27,-0.23,1500,1396,0.00,6.511,-4.079,22.10,0.677,-0.696,9.777,0.046,0.031,0.662,-9.773,-0.865,0.365,-0.647,0.019,0.057,0.000,0.000,0.000,0.00,15.0,OK
1787114178.723,ROTATING,1,53.00,73.57,-1.27,-0.23,1500,1428,0.00,6.513,-4.078,23.91,0.677,-0.696,9.777,0.046,0.031,0.662,-9.833,-1.059,0.353,-0.647,0.020,0.065,0.000,0.000,0.000,0.00,15.0,OK
1787114178.773,ROTATING,1,53.00,73.57,-1.27,-0.23,1500,1428,0.00,6.516,-4.077,25.88,0.677,-0.696,9.777,0.046,0.031,0.662,-9.792,-0.939,0.422,-0.626,0.022,0.075,0.000,0.000,0.000,0.00,15.0,OK
1787114178.823,ROTATING,1,53.00,73.57,-1.27,-0.23,1500,1428,0.00,6.516,-4.077,25.88,0.677,-0.696,9.777,0.046,0.031,0.662,-9.821,-0.925,0.276,-0.603,0.020,0.048,0.000,0.000,0.000,0.00,15.0,OK
1787114178.873,ROTATING,1,53.00,73.57,-1.27,-0.23,1500,1428,0.00,6.529,-4.086,44.56,0.677,-0.696,9.777,0.046,0.031,0.662,-9.806,-0.942,0.319,-0.590,0.024,0.040,0.000,0.000,0.000,0.00,15.0,OK
1787114178.923,ROTATING,1,62.00,73.57,-1.26,-0.23,1500,1428,0.00,6.536,-4.094,48.01,0.530,-0.804,9.738,0.030,0.034,0.594,-9.823,-0.925,0.273,-0.582,0.022,0.060,0.000,0.000,0.000,0.00,15.0,OK
1787114178.973,FORWARD,1,62.00,73.57,-1.26,-0.23,1500,1428,9.95,6.538,-4.093,50.17,0.530,-0.804,9.738,0.030,0.034,0.594,-9.785,-0.815,0.211,-0.566,0.024,0.059,0.000,0.000,0.000,0.00,15.0,OK
1787114179.023,FORWARD,1,62.00,73.57,-1.26,-0.23,1600,1500,9.90,6.540,-4.091,52.56,0.530,-0.804,9.738,0.030,0.034,0.594,-9.759,-0.436,0.819,-0.589,0.031,0.058,0.000,0.000,0.000,0.00,15.0,OK
1787114179.073,FORWARD,1,62.00,73.57,-1.26,-0.23,1600,1500,9.85,6.540,-4.091,52.56,0.530,-0.804,9.738,0.030,0.034,0.594,-9.687,-0.787,0.374,-0.572,0.036,0.040,0.000,0.000,0.000,0.00,15.0,OK
1787114179.123,FORWARD,1,62.00,73.57,-1.26,-0.23,1600,1500,9.80,6.542,-4.090,55.18,0.530,-0.804,9.738,0.030,0.034,0.594,-9.845,-0.861,0.328,-0.556,0.030,0.038,0.000,0.000,0.000,0.00,15.0,OK
1787114179.173,FORWARD,1,69.00,73.57,-1.25,-0.23,1600,1500,9.75,6.544,-4.088,57.68,0.284,-0.794,9.777,0.025,0.039,0.561,-9.728,-0.812,0.204,-0.547,0.031,0.018,0.000,0.000,0.000,0.00,15.0,OK
1787114179.223,FORWARD,1,69.00,73.57,-1.25,-0.23,1600,1500,9.70,6.546,-4.086,59.71,0.284,-0.794,9.777,0.025,0.039,0.561,-9.847,-0.835,0.111,-0.532,0.030,0.020,0.000,0.000,0.000,0.00,15.0,OK
1787114179.273,FORWARD,1,69.00,73.57,-1.25,-0.23,1600,1500,9.65,6.546,-4.086,59.71,0.284,-0.794,9.777,0.025,0.039,0.561,-9.747,-0.841,0.063,-0.521,0.021,0.006,0.000,0.000,0.000,0.00,15.0,OK
1787114179.322,FORWARD,1,69.00,73.57,-1.25,-0.23,1600,1500,9.60,6.547,-4.085,61.31,0.284,-0.794,9.777,0.025,0.039,0.561,-9.749,-1.178,-0.114,-0.480,0.024,0.013,0.000,0.000,0.000,0.00,15.0,OK
1787114179.373,FORWARD,1,69.00,73.57,-1.25,-0.23,1600,1500,9.55,6.549,-4.083,62.45,0.284,-0.794,9.777,0.025,0.039,0.561,-9.802,-1.080,-0.126,-0.415,0.015,0.009,0.000,0.000,0.000,0.00,15.0,OK
1787114179.423,FORWARD,1,76.00,73.57,-1.24,-0.23,1600,1500,9.50,6.550,-4.082,63.61,0.343,-0.637,9.748,-0.001,0.022,0.416,-9.780,-1.240,0.066,-0.369,0.006,0.010,0.000,0.000,0.000,0.00,15.0,OK
1787114179.472,FORWARD,1,76.00,73.57,-1.24,-0.23,1600,1500,9.45,6.550,-4.082,63.61,0.343,-0.637,9.748,-0.001,0.022,0.416,-9.778,-1.181,0.042,-0.293,0.009,-0.005,0.000,0.000,0.000,0.00,15.0,OK
1787114179.523,FORWARD,1,76.00,73.57,-1.24,-0.23,1600,1500,9.40,6.495,-4.063,41.26,0.343,-0.637,9.748,-0.001,0.022,0.416,-9.761,-1.513,0.156,-0.233,0.005,-0.005,0.000,0.000,0.000,0.00,15.0,OK
1787114179.573,FORWARD,1,76.00,73.57,-1.24,-0.23,1600,1500,9.35,6.494,-4.056,43.12,0.343,-0.637,9.748,-0.001,0.022,0.416,-9.742,-1.288,0.106,-0.134,0.006,-0.019,0.000,0.000,0.000,0.00,15.0,OK
1787114179.622,FORWARD,1,76.00,73.57,-1.24,-0.23,1600,1500,9.30,6.489,-4.035,46.80,0.343,-0.637,9.748,-0.001,0.022,0.416,-9.802,-1.370,0.149,-0.056,0.007,-0.026,0.000,0.000,0.000,0.00,15.0,OK
1787114179.672,FORWARD,1,79.00,73.57,-1.24,-0.23,1600,1500,9.25,6.489,-4.035,46.80,-0.098,-0.726,9.709,-0.025,0.009,0.047,-9.778,-1.181,0.015,0.003,0.006,-0.022,0.000,0.000,0.000,0.00,15.0,OK
1787114179.722,FORWARD,1,79.00,73.57,-1.24,-0.23,1600,1500,9.20,6.506,-4.040,43.66,-0.098,-0.726,9.709,-0.025,0.009,0.047,-9.794,-1.076,-0.009,0.054,0.009,-0.011,0.000,0.000,0.000,0.00,15.2,OK
1787114179.772,FORWARD,1,79.00,73.57,-1.24,-0.23,1600,1500,9.15,6.483,-3.988,42.21,-0.098,-0.726,9.709,-0.025,0.009,0.047,-9.766,-1.030,0.011,0.089,0.006,-0.008,0.000,0.000,0.000,0.00,15.2,OK
1787114179.822,FORWARD,1,79.00,73.57,-1.24,-0.23,1600,1500,9.10,6.546,-3.942,11.21,-0.098,-0.726,9.709,-0.025,0.009,0.047,-9.878,-0.912,-0.011,0.101,0.001,-0.003,0.000,0.000,0.000,0.00,15.2,OK
1787114179.874,FORWARD,1,79.00,73.57,-1.24,-0.23,1600,1500,9.05,6.546,-3.942,11.21,-0.098,-0.726,9.709,-0.025,0.009,0.047,-9.766,-0.913,-0.042,0.115,-0.002,-0.004,0.000,0.000,0.000,0.00,15.2,OK
1787114179.923,FORWARD,1,77.00,73.57,-1.24,-0.23,1600,1500,9.00,6.556,-3.953,2.42,-0.020,-0.765,9.718,0.003,-0.001,-0.126,-9.795,-0.846,-0.023,0.114,-0.006,0.004,0.000,0.000,0.000,0.00,15.2,OK
1787114179.973,FORWARD,1,77.00,73.57,-1.24,-0.23,1600,1500,8.95,6.559,-3.952,6.03,-0.020,-0.765,9.718,0.003,-0.001,-0.126,-9.849,-0.686,-0.045,0.107,-0.008,0.014,0.000,0.000,0.000,0.00,15.2,OK
1787114180.023,FORWARD,1,77.00,73.57,-1.24,-0.23,1600,1500,8.90,6.561,-3.947,5.08,-0.020,-0.765,9.718,0.003,-0.001,-0.126,-9.706,-0.799,0.001,0.096,-0.018,0.001,0.000,0.000,0.000,0.00,15.2,OK
1787114180.073,FORWARD,1,77.00,73.57,-1.24,-0.23,1600,1500,8.85,6.561,-3.947,5.08,-0.020,-0.765,9.718,0.003,-0.001,-0.126,-9.785,-0.767,-0.038,0.089,-0.019,0.013,0.000,0.000,0.000,0.00,15.2,OK
1787114180.122,FORWARD,1,77.00,73.57,-1.24,-0.23,1600,1500,8.80,6.557,-3.951,9.58,-0.020,-0.765,9.718,0.003,-0.001,-0.126,-9.806,-0.753,0.010,0.082,-0.021,-0.015,0.000,0.000,0.000,0.00,15.2,OK
1787114180.173,FORWARD,1,75.00,73.57,-1.25,-0.23,1600,1500,8.75,6.574,-3.936,14.91,-0.059,-0.824,9.748,-0.012,-0.018,-0.096,-9.778,-0.764,0.058,0.081,-0.024,-0.019,0.000,0.000,0.000,0.00,15.2,OK
1787114180.223,FORWARD,1,75.00,73.57,-1.25,-0.23,1600,1500,8.70,6.582,-3.929,14.92,-0.059,-0.824,9.748,-0.012,-0.018,-0.096,-9.759,-0.769,-0.023,0.067,-0.027,-0.033,0.000,0.000,0.000,0.00,15.2,OK
1787114180.273,FORWARD,1,75.00,73.57,-1.25,-0.23,1600,1500,8.65,6.582,-3.929,14.92,-0.059,-0.824,9.748,-0.012,-0.018,-0.096,-9.804,-0.801,0.010,0.056,-0.033,-0.023,0.000,0.000,0.000,0.00,15.2,OK
1787114180.323,FORWARD,1,75.00,73.57,-1.25,-0.23,1600,1500,8.60,6.589,-3.926,21.04,-0.059,-0.824,9.748,-0.012,-0.018,-0.096,-9.756,-0.812,0.121,0.042,-0.040,-0.028,0.000,0.000,0.000,0.00,15.2,OK
1787114180.373,FORWARD,1,75.00,73.57,-1.25,-0.23,1600,1500,8.55,6.591,-3.922,17.86,-0.059,-0.824,9.748,-0.012,-0.018,-0.096,-9.716,-0.823,0.147,0.031,-0.040,-0.034,0.000,0.000,0.000,0.00,15.2,OK
1787114180.422,FORWARD,1,74.00,73.57,-1.25,-0.23,1600,1500,8.50,6.596,-3.917,17.26,-0.147,-0.765,9.738,-0.027,-0.038,-0.040,-9.711,-0.826,0.082,0.018,-0.044,-0.031,0.000,0.000,0.000,0.00,15.2,OK
1787114180.474,FORWARD,1,74.00,73.57,-1.25,-0.23,1600,1500,8.45,6.596,-3.917,17.26,-0.147,-0.765,9.738,-0.027,-0.038,-0.040,-9.713,-0.886,0.140,0.013,-0.052,-0.041,0.000,0.000,0.000,0.00,15.2,OK
1787114180.523,FORWARD,1,74.00,73.57,-1.25,-0.23,1600,1500,8.40,6.599,-3.911,17.25,-0.147,-0.765,9.738,-0.027,-0.038,-0.040,-9.847,-0.873,0.168,-0.004,-0.060,-0.020,0.000,0.000,0.000,0.00,15.2,OK
1787114180.573,FORWARD,1,74.00,73.57,-1.25,-0.23,1600,1500,8.35,6.601,-3.904,15.68,-0.147,-0.765,9.738,-0.027,-0.038,-0.040,-9.802,-0.863,0.226,-0.007,-0.068,-0.023,0.000,0.000,0.000,0.00,15.2,OK
1787114180.623,FORWARD,1,74.00,73.57,-1.25,-0.23,1600,1500,8.30,6.606,-3.898,17.56,-0.147,-0.765,9.738,-0.027,-0.038,-0.040,-9.747,-0.941,0.333,-0.015,-0.071,-0.028,0.000,0.000,0.000,0.00,15.2,OK
1787114180.673,FORWARD,1,74.00,73.57,-1.26,-0.23,1600,1500,8.25,6.606,-3.898,17.56,0.029,-0.824,9.738,-0.023,-0.066,0.005,-9.787,-0.982,0.286,-0.024,-0.070,-0.011,0.000,0.000,0.000,0.00,15.2,OK
1787114180.723,FORWARD,1,74.00,73.57,-1.26,-0.23,1600,1500,8.20,6.611,-3.892,19.09,0.029,-0.824,9.738,-0.023,-0.066,0.005,-9.833,-0.870,0.293,-0.032,-0.075,-0.013,0.000,0.000,0.000,0.00,15.0,OK
1787114180.773,FORWARD,1,74.00,73.57,-1.26,-0.23,1600,1500,8.15,6.611,-3.884,19.01,0.029,-0.824,9.738,-0.023,-0.066,0.005,-9.730,-0.989,0.386,-0.038,-0.075,-0.002,0.000,0.000,0.000,0.00,15.0,OK
1787114180.823,FORWARD,1,74.00,73.57,-1.26,-0.23,1600,1500,8.10,6.611,-3.878,18.24,0.029,-0.824,9.738,-0.023,-0.066,0.005,-9.721,-0.881,0.403,-0.034,-0.069,-0.000,0.000,0.000,0.000,0.00,15.0,OK
1787114180.873,FORWARD,1,74.00,73.57,-1.26,-0.23,1600,1500,8.05,6.611,-3.878,18.24,0.029,-0.824,9.738,-0.023,-0.066,0.005,-9.764,-0.944,0.403,-0.031,-0.071,0.004,0.000,0.000,0.000,0.00,15.0,OK
1787114180.923,FORWARD,1,74.00,73.57,-1.26,-0.23,1600,1500,8.00,6.621,-3.865,19.62,0.186,-0.922,9.728,0.002,-0.067,0.024,-9.678,-1.002,0.496,-0.029,-0.069,-0.001,0.000,0.000,0.000,0.00,15.0,OK
1787114180.973,FORWARD,1,74.00,73.57,-1.26,-0.23,1600,1500,7.95,6.629,-3.860,20.04,0.186,-0.922,9.728,0.002,-0.067,0.024,-9.728,-0.914,0.453,-0.031,-0.063,0.004,0.000,0.000,0.000,0.00,15.0,OK
1787114181.023,FORWARD,1,74.00,73.57,-1.26,-0.23,1600,1500,7.90,6.629,-3.860,20.04,0.186,-0.922,9.728,0.002,-0.067,0.024,-9.773,-0.996,0.515,-0.030,-0.057,0.007,0.000,0.000,0.000,0.00,15.0,OK
1787114181.074,FORWARD,1,74.00,73.57,-1.26,-0.23,1600,1500,7.85,6.641,-3.842,19.02,0.186,-0.922,9.728,0.002,-0.067,0.024,-9.728,-0.953,0.549,-0.025,-0.057,0.003,0.000,0.000,0.000,0.00,15.0,OK
1787114181.123,FORWARD,1,74.00,73.57,-1.26,-0.23,1600,1500,7.80,6.650,-3.833,20.68,0.186,-0.922,9.728,0.002,-0.067,0.024,-9.659,-0.969,0.597,-0.021,-0.051,-0.007,0.000,0.000,0.000,0.00,15.0,OK
1787114181.173,FORWARD,1,74.00,73.57,-1.28,-0.23,1600,1500,7.75,6.656,-3.829,24.63,0.324,-0.883,9.738,-0.003,-0.047,0.017,-9.733,-0.967,0.582,-0.026,-0.046,-0.001,0.000,0.000,0.000,0.00,15.0,OK
1787114181.223,FORWARD,1,74.00,73.57,-1.28,-0.23,1600,1500,7.70,6.652,-3.832,27.68,0.324,-0.883,9.738,-0.003,-0.047,0.017,-9.597,-0.994,0.643,-0.024,-0.041,-0.015,0.000,0.000,0.000,0.00,15.0,OK
1787114181.273,FORWARD,1,74.00,73.57,-1.28,-0.23,1600,1500,7.65,6.652,-3.832,27.68,0.324,-0.883,9.738,-0.003,-0.047,0.017,-9.697,-1.017,0.673,-0.028,-0.037,-0.014,0.000,0.000,0.000,0.00,15.0,OK
1787114181.323,FORWARD,1,74.00,73.57,-1.28,-0.23,1600,1500,7.60,6.653,-3.832,28.92,0.324,-0.883,9.738,-0.003,-0.047,0.017,-9.687,-1.031,0.628,-0.019,-0.029,-0.010,0.000,0.000,0.000,0.00,15.0,OK
1787114181.373,FORWARD,1,74.00,73.57,-1.28,-0.23,1600,1500,7.55,6.653,-3.832,29.69,0.324,-0.883,9.738,-0.003,-0.047,0.017,-9.763,-1.075,0.649,-0.014,-0.023,-0.005,0.000,0.000,0.000,0.00,15.0,OK
1787114181.422,FORWARD,1,74.00,73.57,-1.28,-0.23,1600,1500,7.50,6.653,-3.832,30.14,0.510,-0.863,9.748,-0.006,-0.021,0.006,-9.742,-1.025,0.692,-0.010,-0.022,-0.008,0.000,0.000,0.000,0.00,15.0,OK
1787114181.473,FORWARD,1,74.00,73.57,-1.28,-0.23,1600,1500,7.45,6.653,-3.832,30.14,0.510,-0.863,9.748,-0.006,-0.021,0.006,-9.699,-0.957,0.638,-0.008,-0.010,-0.002,0.000,0.000,0.000,0.00,15.0,OK
1787114181.523,FORWARD,1,74.00,73.57,-1.28,-0.23,1600,1500,7.40,6.653,-3.832,30.59,0.510,-0.863,9.748,-0.006,-0.021,0.006,-9.778,-1.006,0.652,-0.007,-0.005,0.006,0.000,0.000,0.000,0.00,15.0,OK
1787114181.573,FORWARD,1,74.00,73.57,-1.28,-0.23,1600,1500,7.35,6.656,-3.826,32.06,0.510,-0.863,9.748,-0.006,-0.021,0.006,-9.675,-0.995,0.649,-0.003,-0.003,0.006,0.000,0.000,0.000,0.00,15.0,OK
1787114181.623,FORWARD,1,74.00,73.57,-1.28,-0.23,1600,1500,7.30,6.656,-3.826,32.25,0.510,-0.863,9.748,-0.006,-0.021,0.006,-9.771,-1.037,0.676,-0.005,0.006,0.010,0.000,0.000,0.000,0.00,15.0,OK
1787114181.673,FORWARD,1,74.00,73.57,-1.29,-0.23,1600,1500,7.25,6.656,-3.826,32.25,0.559,-0.971,9.777,0.006,0.006,-0.005,-9.787,-0.963,0.659,-0.003,0.011,0.012,0.000,0.000,0.000,0.00,15.0,OK
1787114181.723,FORWARD,1,74.00,73.57,-1.29,-0.23,1600,1500,7.20,6.656,-3.826,32.52,0.559,-0.971,9.777,0.006,0.006,-0.005,-9.754,-0.879,0.676,-0.002,0.011,0.003,0.000,0.000,0.000,0.00,15.0,OK
1787114181.773,FORWARD,1,74.00,73.57,-1.29,-0.23,1600,1500,7.15,6.659,-3.825,34.15,0.559,-0.971,9.777,0.006,0.006,-0.005,-9.744,-1.001,0.642,-0.004,0.017,-0.005,0.000,0.000,0.000,0.00,15.0,OK
1787114181.823,FORWARD,1,74.00,73.57,-1.29,-0.23,1600,1500,7.10,6.663,-3.826,36.27,0.559,-0.971,9.777,0.006,0.006,-0.005,-9.756,-0.924,0.647,-0.004,0.022,0.002,0.000,0.000,0.000,0.00,15.0,OK
1787114181.873,FORWARD,1,74.00,73.57,-1.29,-0.23,1600,1500,7.05,6.663,-3.826,36.27,0.559,-0.971,9.777,0.006,0.006,-0.005,-9.764,-0.970,0.621,-0.000,0.024,0.006,0.000,0.000,0.000,0.00,15.0,OK
1787114181.924,FORWARD,1,74.00,73.57,-1.29,-0.23,1600,1500,7.00,6.665,-3.823,34.09,0.588,-0.932,9.777,0.005,0.028,-0.009,-9.678,-0.914,0.633,-0.003,0.032,0.005,0.000,0.000,0.000,0.00,15.0,OK
1787114181.973,FORWARD,1,74.00,73.57,-1.29,-0.23,1600,1500,6.95,6.664,-3.820,33.51,0.588,-0.932,9.777,0.005,0.028,-0.009,-9.816,-0.961,0.606,0.003,0.033,0.008,0.000,0.000,0.000,0.00,15.0,OK
1787114182.023,FORWARD,1,74.00,73.57,-1.29,-0.23,1600,1500,6.90,6.660,-3.810,31.38,0.588,-0.932,9.777,0.005,0.028,-0.009,-9.706,-0.907,0.619,-0.005,0.037,-0.001,0.000,0.000,0.000,0.00,15.0,OK
1787114182.073,FORWARD,1,74.00,73.57,-1.29,-0.23,1600,1500,6.85,6.660,-3.810,31.38,0.588,-0.932,9.777,0.005,0.028,-0.009,-9.713,-0.943,0.649,-0.003,0.039,0.002,0.000,0.000,0.000,0.00,15.0,OK
1787114182.123,FORWARD,1,74.00,73.57,-1.29,-0.23,1600,1500,6.80,6.665,-3.802,31.93,0.588,-0.932,9.777,0.005,0.028,-0.009,-9.811,-0.913,0.539,-0.004,0.045,-0.001,0.000,0.000,0.000,0.00,15.0,OK
1787114182.173,FORWARD,1,74.00,73.57,-1.29,-0.23,1600,1500,6.75,6.668,-3.801,31.50,0.539,-0.873,9.777,0.001,0.047,-0.005,-9.737,-0.886,0.523,-0.005,0.049,0.005,0.000,0.000,0.000,0.00,15.0,OK
1787114182.223,FORWARD,1,74.00,73.57,-1.29,-0.23,1600,1500,6.70,6.692,-3.779,25.79,0.539,-0.873,9.777,0.001,0.047,-0.005,-9.732,-0.960,0.549,-0.005,0.057,0.015,0.000,0.000,0.000,0.00,15.0,OK
1787114182.273,FORWARD,1,74.00,73.57,-1.29,-0.23,1600,1500,6.65,6.692,-3.779,25.79,0.539,-0.873,9.777,0.001,0.047,-0.005,-9.733,-0.893,0.453,-0.009,0.055,0.013,0.000,0.000,0.000,0.00,15.0,OK
1787114182.323,FORWARD,1,74.00,73.57,-1.29,-0.23,1600,1500,6.60,6.703,-3.770,25.58,0.539,-0.873,9.777,0.001,0.047,-0.005,-9.790,-0.925,0.420,-0.008,0.061,0.009,0.000,0.000,0.000,0.00,15.0,OK
1787114182.373,FORWARD,1,74.00,73.57,-1.29,-0.23,1600,1500,6.55,6.710,-3.760,23.15,0.539,-0.873,9.777,0.001,0.047,-0.005,-9.775,-0.908,0.367,-0.014,0.060,0.004,0.000,0.000,0.000,0.00,15.0,OK
1787114182.423,FORWARD,1,74.00,73.57,-1.28,-0.23,1600,1500,6.50,6.714,-3.756,21.87,0.471,-0.843,9.807,0.005,0.067,0.005,-9.787,-0.855,0.398,-0.017,0.065,0.005,0.000,0.000,0.000,0.00,15.0,OK
1787114182.474,FORWARD,1,74.00,73.57,-1.28,-0.23,1600,1500,6.45,6.714,-3.756,21.87,0.471,-0.843,9.807,0.005,0.067,0.005,-9.749,-0.965,0.319,-0.017,0.066,0.009,0.000,0.000,0.000,0.00,15.0,OK
1787114182.523,FORWARD,1,74.00,73.57,-1.28,-0.23,1600,1500,6.40,6.718,-3.747,15.81,0.471,-0.843,9.807,0.005,0.067,0.005,-9.771,-0.920,0.293,-0.017,0.071,0.016,0.000,0.000,0.000,0.00,15.0,OK
1787114182.573,FORWARD,1,74.00,73.57,-1.28,-0.23,1600,1500,6.35,6.721,-3.743,15.48,0.471,-0.843,9.807,0.005,0.067,0.005,-9.809,-0.918,0.250,-0.015,0.074,0.014,0.000,0.000,0.000,0.00,15.0,OK
1787114182.623,FORWARD,1,74.00,73.57,-1.28,-0.23,1600,1500,6.30,6.721,-3.743,15.48,0.471,-0.843,9.807,0.005,0.067,0.005,-9.697,-0.900,0.183,-0.014,0.076,0.019,0.000,0.000,0.000,0.00,15.0,OK
1787114182.673,FORWARD,1,74.00,73.57,-1.27,-0.23,1600,1500,6.25,6.728,-3.735,11.68,0.294,-0.873,9.777,0.019,0.079,0.001,-9.754,-0.819,0.175,-0.013,0.084,0.012,0.000,0.000,0.000,0.00,15.0,OK
1787114182.723,FORWARD,1,74.00,73.57,-1.27,-0.23,1600,1500,6.20,6.734,-3.728,6.61,0.294,-0.873,9.777,0.019,0.079,0.001,-9.759,-0.862,0.144,-0.007,0.086,0.013,0.000,0.000,0.000,0.00,15.0,OK
1787114182.773,FORWARD,1,74.00,73.57,-1.27,-0.23,1600,1500,6.15,6.743,-3.722,3.88,0.294,-0.873,9.777,0.019,0.079,0.001,-9.812,-0.846,0.051,-0.010,0.083,0.014,0.000,0.000,0.000,0.00,15.2,OK
1787114182.823,FORWARD,1,74.00,73.57,-1.27,-0.23,1600,1500,6.10,6.751,-3.716,-3.33,0.294,-0.873,9.777,0.019,0.079,0.001,-9.814,-0.861,0.063,-0.014,0.082,0.021,0.000,0.000,0.000,0.00,15.2,OK
1787114182.874,FORWARD,1,74.00,73.57,-1.27,-0.23,1600,1500,6.05,6.751,-3.716,-3.33,0.294,-0.873,9.777,0.019,0.079,0.001,-9.780,-0.834,0.027,-0.014,0.077,0.027,0.000,0.000,0.000,0.00,15.2,OK
1787114182.923,FORWARD,1,74.00,73.57,-1.27,-0.23,1600,1500,6.00,6.755,-3.707,-16.57,0.147,-0.824,9.728,0.021,0.082,0.003,-9.783,-0.863,-0.049,-0.016,0.081,0.027,0.000,0.000,0.000,0.00,15.2,OK
1787114182.972,FORWARD,1,74.00,73.57,-1.27,-0.23,1600,1500,5.95,6.757,-3.700,-22.52,0.147,-0.824,9.728,0.021,0.082,0.003,-9.740,-0.857,-0.085,-0.014,0.077,0.018,0.000,0.000,0.000,0.00,15.2,OK
1787114183.023,FORWARD,1,74.00,73.57,-1.27,-0.23,1600,1500,5.90,6.766,-3.692,-35.40,0.147,-0.824,9.728,0.021,0.082,0.003,-9.845,-0.815,-0.165,-0.016,0.073,0.019,0.000,0.000,0.000,0.00,15.2,OK
1787114183.074,FORWARD,1,74.00,73.57,-1.27,-0.23,1600,1500,5.85,6.766,-3.692,-35.40,0.147,-0.824,9.728,0.021,0.082,0.003,-9.811,-0.815,-0.152,-0.012,0.075,0.023,0.000,0.000,0.000,0.00,15.2,OK
1787114183.123,FORWARD,1,74.00,73.57,-1.27,-0.23,1600,1500,5.80,6.771,-3.689,-42.14,0.147,-0.824,9.728,0.021,0.082,0.003,-9.816,-0.794,-0.205,-0.008,0.067,0.034,0.000,0.000,0.000,0.00,15.2,OK
1787114183.172,FORWARD,1,74.00,73.57,-1.25,-0.23,1600,1500,5.75,6.775,-3.684,-48.63,-0.098,-0.804,9.758,0.030,0.069,-0.004,-9.701,-0.706,-0.231,-0.005,0.065,0.023,0.000,0.000,0.000,0.00,15.2,OK
1787114183.223,FORWARD,1,74.00,73.57,-1.25,-0.23,1600,1500,5.70,6.777,-3.680,-53.49,-0.098,-0.804,9.758,0.030,0.069,-0.004,-9.721,-0.821,-0.253,-0.006,0.055,0.008,0.000,0.000,0.000,0.00,15.2,OK
1787114183.273,FORWARD,1,74.00,73.57,-1.25,-0.23,1600,1500,5.65,6.777,-3.680,-53.49,-0.098,-0.804,9.758,0.030,0.069,-0.004,-9.792,-0.717,-0.322,-0.004,0.049,0.017,0.000,0.000,0.000,0.00,15.2,OK
1787114183.323,FORWARD,1,74.00,73.57,-1.25,-0.23,1600,1500,5.60,6.782,-3.674,-62.80,-0.098,-0.804,9.758,0.030,0.069,-0.004,-9.730,-0.757,-0.284,0.001,0.046,0.021,0.000,0.000,0.000,0.00,15.2,OK
1787114183.373,FORWARD,1,74.00,73.57,-1.25,-0.23,1600,1500,5.55,6.785,-3.671,-66.52,-0.098,-0.804,9.758,0.030,0.069,-0.004,-9.716,-0.737,-0.389,0.005,0.043,0.018,0.000,0.000,0.000,0.00,15.2,OK
1787114183.423,FORWARD,1,74.00,73.57,-1.25,-0.23,1600,1500,5.50,6.788,-3.667,-68.52,-0.314,-0.726,9.728,0.017,0.044,-0.015,-9.811,-0.700,-0.397,0.008,0.037,0.018,0.000,0.000,0.000,0.00,15.2,OK
1787114183.473,FORWARD,1,74.00,73.57,-1.25,-0.23,1600,1500,5.45,6.788,-3.667,-68.52,-0.314,-0.726,9.728,0.017,0.044,-0.015,-9.771,-0.683,-0.377,0.009,0.027,0.019,0.000,0.000,0.000,0.00,15.2,OK
1787114183.523,FORWARD,1,74.00,73.57,-1.25,-0.23,1600,1500,5.40,6.791,-3.664,-69.79,-0.314,-0.726,9.728,0.017,0.044,-0.015,-9.799,-0.707,-0.444,0.007,0.022,0.018,0.000,0.000,0.000,0.00,15.2,OK
1787114183.573,FORWARD,1,74.00,73.57,-1.25,-0.23,1600,1500,5.35,6.795,-3.660,-72.49,-0.314,-0.726,9.728,0.017,0.044,-0.015,-9.830,-0.729,-0.411,0.005,0.015,0.014,0.000,0.000,0.000,0.00,15.2,OK
1787114183.623,FORWARD,1,74.00,73.57,-1.25,-0.23,1600,1500,5.30,6.797,-3.657,-71.08,-0.314,-0.726,9.728,0.017,0.044,-0.015,-9.709,-0.680,-0.356,-0.002,0.003,0.004,0.000,0.000,0.000,0.00,15.2,OK
1787114183.673,FORWARD,1,74.00,73.57,-1.24,-0.23,1600,1500,5.25,6.797,-3.657,-71.08,-0.441,-0.696,9.718,0.002,0.003,-0.008,-9.799,-0.717,-0.341,-0.005,0.000,0.006,0.000,0.000,0.000,0.00,15.2,OK
1787114183.722,FORWARD,1,74.00,73.57,-1.24,-0.23,1600,1500,5.20,6.800,-3.653,-71.90,-0.441,-0.696,9.718,0.002,0.003,-0.008,-9.761,-0.719,-0.365,-0.005,-0.010,-0.003,0.000,0.000,0.000,0.00,15.2,OK
1787114183.773,FORWARD,1,74.00,73.57,-1.24,-0.23,1600,1500,5.15,6.804,-3.647,-71.48,-0.441,-0.696,9.718,0.002,0.003,-0.008,-9.768,-0.664,-0.349,-0.005,-0.017,0.002,0.000,0.000,0.000,0.00,15.2,OK
1787114183.823,FORWARD,1,74.00,73.57,-1.24,-0.23,1600,1500,5.10,6.809,-3.642,-75.28,-0.441,-0.696,9.718,0.002,0.003,-0.008,-9.794,-0.695,-0.351,-0.009,-0.020,-0.002,0.000,0.000,0.000,0.00,15.2,OK
1787114183.873,FORWARD,1,74.00,73.57,-1.24,-0.23,1600,1500,5.05,6.809,-3.642,-75.28,-0.441,-0.696,9.718,0.002,0.003,-0.008,-9.768,-0.762,-0.303,-0.002,-0.028,-0.016,0.000,0.000,0.000,0.00,15.2,OK
1787114183.923,FORWARD,1,74.00,73.57,-1.25,-0.23,1600,1500,5.00,6.812,-3.637,-77.24,-0.431,-0.677,9.689,-0.014,-0.028,-0.004,-9.799,-0.707,-0.274,-0.007,-0.034,0.006,0.000,0.000,0.000,0.00,15.2,OK
1787114183.973,FORWARD,1,74.00,73.57,-1.25,-0.23,1600,1500,4.95,6.816,-3.630,-81.81,-0.431,-0.677,9.689,-0.014,-0.028,-0.004,-9.840,-0.667,-0.323,-0.009,-0.034,-0.011,0.000,0.000,0.000,0.00,15.2,OK
1787114184.023,FORWARD,1,74.00,73.57,-1.25,-0.23,1600,1500,4.90,6.820,-3.625,-70.62,-0.431,-0.677,9.689,-0.014,-0.028,-0.004,-9.744,-0.771,-0.265,-0.002,-0.040,-0.015,0.000,0.000,0.000,0.00,15.2,OK
1787114184.073,FORWARD,1,74.00,73.57,-1.25,-0.23,1600,1500,4.85,6.820,-3.625,-70.62,-0.431,-0.677,9.689,-0.014,-0.028,-0.004,-9.833,-0.727,-0.274,-0.005,-0.042,-0.018,0.000,0.000,0.000,0.00,15.2,OK
1787114184.123,FORWARD,1,74.00,73.57,-1.25,-0.23,1600,1500,4.80,6.823,-3.621,-62.40,-0.431,-0.677,9.689,-0.014,-0.028,-0.004,-9.747,-0.776,-0.238,0.004,-0.040,-0.025,0.000,0.000,0.000,0.00,15.2,OK
1787114184.173,FORWARD,1,74.00,73.57,-1.26,-0.23,1600,1500,4.75,6.824,-3.619,-40.61,-0.373,-0.686,9.728,-0.027,-0.036,-0.009,-9.740,-0.829,-0.214,-0.004,-0.040,-0.017,0.000,0.000,0.000,0.00,15.2,OK
1787114184.223,FORWARD,1,74.00,73.57,-1.26,-0.23,1600,1500,4.70,6.824,-3.619,-18.07,-0.373,-0.686,9.728,-0.027,-0.036,-0.009,-9.742,-0.809,-0.279,0.007,-0.043,-0.015,0.000,0.000,0.000,0.00,15.2,OK
1787114184.272,FORWARD,1,74.00,73.57,-1.26,-0.23,1600,1500,4.65,6.824,-3.619,-18.07,-0.373,-0.686,9.728,-0.027,-0.036,-0.009,-9.759,-0.764,-0.200,0.002,-0.041,0.007,0.000,0.000,0.000,0.00,15.2,OK
1787114184.323,FORWARD,1,74.00,73.57,-1.26,-0.23,1600,1500,4.60,6.821,-3.618,-8.89,-0.373,-0.686,9.728,-0.027,-0.036,-0.009,-9.742,-0.771,-0.112,-0.000,-0.043,-0.011,0.000,0.000,0.000,0.00,15.2,OK
1787114184.373,FORWARD,1,74.00,73.57,-1.26,-0.23,1600,1500,4.55,6.796,-3.594,-21.80,-0.373,-0.686,9.728,-0.027,-0.036,-0.009,-9.754,-0.826,-0.138,-0.000,-0.044,0.000,0.000,0.000,0.000,0.00,15.2,OK
1787114184.423,FORWARD,1,74.00,73.57,-1.26,-0.23,1600,1500,4.50,6.796,-3.594,-21.80,-0.431,-0.726,9.758,-0.000,-0.045,-0.014,-9.780,-0.788,-0.095,0.003,-0.050,-0.008,0.000,0.000,0.000,0.00,15.2,OK
1787114184.472,FORWARD,1,74.00,73.57,-1.26,-0.23,1600,1500,4.45,6.801,-3.603,-3.54,-0.431,-0.726,9.758,-0.000,-0.045,-0.014,-9.742,-0.829,-0.076,0.013,-0.046,-0.027,0.000,0.000,0.000,0.00,15.2,OK
1787114184.522,FORWARD,1,74.00,73.57,-1.26,-0.23,1600,1500,4.40,6.798,-3.616,19.19,-0.431,-0.726,9.758,-0.000,-0.045,-0.014,-9.711,-0.874,0.054,0.006,-0.046,-0.017,0.000,0.000,0.000,0.00,15.2,OK
1787114184.573,FORWARD,1,74.00,73.57,-1.26,-0.23,1600,1500,4.35,6.795,-3.618,24.68,-0.431,-0.726,9.758,-0.000,-0.045,-0.014,-9.749,-0.762,-0.021,0.010,-0.046,-0.018,0.000,0.000,0.000,0.00,15.2,OK
1787114184.623,FORWARD,1,74.00,73.57,-1.26,-0.23,1600,1500,4.30,6.790,-3.634,28.86,-0.431,-0.726,9.758,-0.000,-0.045,-0.014,-9.771,-0.772,0.013,0.010,-0.042,-0.023,0.000,0.000,0.000,0.00,15.2,OK
1787114184.673,FORWARD,1,74.00,73.57,-1.28,-0.23,1600,1500,4.25,6.790,-3.634,28.86,-0.196,-0.716,9.718,-0.022,-0.043,-0.018,-9.744,-0.843,0.080,0.006,-0.045,-0.033,0.000,0.000,0.000,0.00,15.2,OK
1787114184.722,FORWARD,1,74.00,73.57,-1.28,-0.23,1600,1500,4.20,6.779,-3.644,29.56,-0.196,-0.716,9.718,-0.022,-0.043,-0.018,-9.840,-0.811,0.063,0.004,-0.046,-0.009,0.000,0.000,0.000,0.00,15.2,OK
1787114184.772,FORWARD,1,74.00,73.57,-1.28,-0.23,1600,1500,4.15,6.768,-3.653,30.37,-0.196,-0.716,9.718,-0.022,-0.043,-0.018,-9.735,-0.903,0.099,0.002,-0.040,-0.015,0.000,0.000,0.000,0.00,15.2,OK
1787114184.822,FORWARD,1,74.00,73.57,-1.28,-0.23,1600,1500,4.10,6.759,-3.656,33.92,-0.196,-0.716,9.718,-0.022,-0.043,-0.018,-9.768,-0.905,0.120,0.004,-0.041,-0.024,0.000,0.000,0.000,0.00,15.2,OK
1787114184.872,FORWARD,1,74.00,73.57,-1.28,-0.23,1600,1500,4.05,6.759,-3.656,33.92,-0.196,-0.716,9.718,-0.022,-0.043,-0.018,-9.713,-0.893,0.168,0.002,-0.039,-0.022,0.000,0.000,0.000,0.00,14.3,OK
1787114184.922,FORWARD,1,74.00,73.57,-1.29,-0.23,1600,1500,4.00,6.756,-3.654,35.14,-0.088,-0.735,9.767,-0.021,-0.035,-0.011,-9.816,-0.992,0.109,0.005,-0.033,-0.001,0.000,0.000,0.000,0.00,14.3,OK
1787114184.974,FORWARD,1,74.00,73.57,-1.29,-0.23,1600,1500,3.95,6.747,-3.667,38.63,-0.088,-0.735,9.767,-0.021,-0.035,-0.011,-9.740,-0.905,0.104,0.001,-0.032,-0.006,0.000,0.000,0.000,0.00,14.3,OK
1787114185.023,FORWARD,1,74.00,73.57,-1.29,-0.23,1600,1500,3.90,6.740,-3.670,39.91,-0.088,-0.735,9.767,-0.021,-0.035,-0.011,-9.728,-0.924,0.168,0.013,-0.029,-0.005,0.000,0.000,0.000,0.00,14.3,OK
1787114185.073,FORWARD,1,74.00,73.57,-1.29,-0.23,1600,1500,3.85,6.740,-3.670,39.91,-0.088,-0.735,9.767,-0.021,-0.035,-0.011,-9.823,-0.904,0.178,0.010,-0.030,-0.003,0.000,0.000,0.000,0.00,14.3,OK
1787114185.123,FORWARD,1,74.00,73.57,-1.29,-0.23,1600,1500,3.80,6.742,-3.670,39.72,-0.088,-0.735,9.767,-0.021,-0.035,-0.011,-9.711,-0.962,0.226,-0.001,-0.029,-0.004,0.000,0.000,0.000,0.00,14.3,OK
1787114185.173,FORWARD,1,73.00,73.57,-1.31,-0.23,1600,1500,3.75,6.742,-3.670,39.93,0.049,-0.804,9.758,0.003,-0.029,-0.013,-9.792,-0.946,0.178,0.009,-0.029,0.007,0.000,0.000,0.000,0.00,14.3,OK
1787114185.223,FORWARD,1,73.00,73.57,-1.31,-0.23,1600,1500,3.70,6.742,-3.670,39.93,0.049,-0.804,9.758,0.003,-0.029,-0.013,-9.773,-0.937,0.190,-0.001,-0.029,-0.008,0.000,0.000,0.000,0.00,14.3,OK
1787114185.273,FORWARD,1,73.00,73.57,-1.31,-0.23,1600,1500,3.65,6.742,-3.670,40.19,0.049,-0.804,9.758,0.003,-0.029,-0.013,-9.842,-0.937,0.233,0.006,-0.029,-0.000,0.000,0.000,0.000,0.00,14.3,OK
1787114185.323,FORWARD,1,73.00,73.57,-1.31,-0.23,1600,1500,3.60,6.742,-3.670,40.51,0.049,-0.804,9.758,0.003,-0.029,-0.013,-9.699,-0.905,0.293,0.006,-0.026,-0.008,0.000,0.000,0.000,0.00,14.3,OK
1787114185.373,FORWARD,1,73.00,73.57,-1.31,-0.23,1600,1500,3.55,6.742,-3.670,40.70,0.049,-0.804,9.758,0.003,-0.029,-0.013,-9.768,-0.886,0.231,-0.001,-0.023,-0.011,0.000,0.000,0.000,0.00,14.3,OK
1787114185.423,FORWARD,1,73.00,73.57,-1.32,-0.23,1600,1500,3.50,6.742,-3.670,40.85,0.098,-0.902,9.777,-0.012,-0.023,-0.012,-9.797,-0.937,0.288,0.003,-0.019,-0.016,0.000,0.000,0.000,0.00,14.3,OK
1787114185.473,FORWARD,1,73.00,73.57,-1.32,-0.23,1600,1500,3.45,6.742,-3.670,40.85,0.098,-0.902,9.777,-0.012,-0.023,-0.012,-9.778,-0.984,0.324,0.005,-0.016,-0.007,0.000,0.000,0.000,0.00,14.3,OK
1787114185.523,FORWARD,1,73.00,73.57,-1.32,-0.23,1600,1500,3.40,6.742,-3.670,40.85,0.098,-0.902,9.777,-0.012,-0.023,-0.012,-9.780,-0.886,0.329,0.005,-0.015,-0.017,0.000,0.000,0.000,0.00,14.3,OK
1787114185.573,FORWARD,1,73.00,73.57,-1.32,-0.23,1600,1500,3.35,6.742,-3.670,40.85,0.098,-0.902,9.777,-0.012,-0.023,-0.012,-9.768,-0.941,0.331,0.004,-0.009,-0.009,0.000,0.000,0.000,0.00,14.3,OK
1787114185.623,FORWARD,1,73.00,73.57,-1.32,-0.23,1600,1500,3.30,6.742,-3.670,40.85,0.098,-0.902,9.777,-0.012,-0.023,-0.012,-9.794,-0.951,0.276,0.006,-0.011,0.000,0.000,0.000,0.000,0.00,14.3,OK
1787114185.673,FORWARD,1,73.00,73.57,-1.33,-0.23,1600,1500,3.25,6.742,-3.670,40.75,0.196,-0.804,9.807,0.003,-0.007,-0.017,-9.854,-0.918,0.283,0.011,-0.001,0.008,0.000,0.000,0.000,0.00,14.3,OK
1787114185.723,FORWARD,1,73.00,73.57,-1.33,-0.23,1600,1500,3.20,6.742,-3.670,40.72,0.196,-0.804,9.807,0.003,-0.007,-0.017,-9.830,-0.978,0.326,0.015,-0.002,0.018,0.000,0.000,0.000,0.00,14.3,OK
1787114185.773,FORWARD,1,73.00,73.57,-1.33,-0.23,1600,1500,3.15,6.742,-3.670,40.79,0.196,-0.804,9.807,0.003,-0.007,-0.017,-9.807,-0.853,0.302,0.013,-0.001,0.035,0.000,0.000,0.000,0.00,14.3,OK
1787114185.823,FORWARD,1,73.00,73.57,-1.33,-0.23,1600,1500,3.10,6.742,-3.670,40.79,0.196,-0.804,9.807,0.003,-0.007,-0.017,-9.754,-0.865,0.331,0.018,0.004,0.015,0.000,0.000,0.000,0.00,14.3,OK
1787114185.873,FORWARD,1,73.00,73.57,-1.33,-0.23,1600,1500,3.05,6.742,-3.670,41.01,0.196,-0.804,9.807,0.003,-0.007,-0.017,-9.764,-0.846,0.293,0.016,0.008,0.016,0.000,0.000,0.000,0.00,15.0,OK
1787114185.922,FORWARD,1,73.00,73.57,-1.33,-0.23,1600,1500,3.00,6.742,-3.670,41.34,0.284,-0.853,9.787,0.022,0.007,-0.027,-9.849,-0.811,0.238,0.018,0.009,0.022,0.000,0.000,0.000,0.00,15.0,OK
1787114185.972,FORWARD,1,73.00,73.57,-1.33,-0.23,1600,1500,2.95,6.742,-3.670,41.56,0.284,-0.853,9.787,0.022,0.007,-0.027,-9.778,-0.839,0.298,0.011,0.015,0.020,0.000,0.000,0.000,0.00,15.0,OK
1787114186.022,FORWARD,1,73.00,73.57,-1.33,-0.23,1600,1500,2.90,6.749,-3.667,42.38,0.284,-0.853,9.787,0.022,0.007,-0.027,-9.811,-0.820,0.298,0.008,0.016,0.016,0.000,0.000,0.000,0.00,15.0,OK
1787114186.073,FORWARD,1,73.00,73.57,-1.33,-0.23,1600,1500,2.85,6.749,-3.667,42.38,0.284,-0.853,9.787,0.022,0.007,-0.027,-9.797,-0.815,0.283,0.003,0.020,0.011,0.000,0.000,0.000,0.00,15.0,OK
1787114186.123,FORWARD,1,73.00,73.57,-1.33,-0.23,1600,1500,2.80,6.749,-3.667,42.52,0.284,-0.853,9.787,0.022,0.007,-0.027,-9.802,-0.820,0.276,0.005,0.029,0.014,0.000,0.000,0.000,0.00,15.0,OK
1787114186.173,FORWARD,1,73.00,73.57,-1.33,-0.23,1600,1500,2.75,6.753,-3.660,45.61,0.206,-0.814,9.797,0.011,0.026,-0.014,-9.787,-0.793,0.228,0.003,0.031,0.009,0.000,0.000,0.000,0.00,15.0,OK
1787114186.222,FORWARD,1,73.00,73.57,-1.33,-0.23,1600,1500,2.70,6.766,-3.656,43.78,0.206,-0.814,9.797,0.011,0.026,-0.014,-9.770,-0.824,0.283,0.009,0.034,0.013,0.000,0.000,0.000,0.00,15.0,OK
1787114186.272,FORWARD,1,73.00,73.57,-1.33,-0.23,1600,1500,2.65,6.766,-3.656,43.78,0.206,-0.814,9.797,0.011,0.026,-0.014,-9.768,-0.867,0.171,0.009,0.041,0.019,0.000,0.000,0.000,0.00,15.0,OK
1787114186.323,FORWARD,1,73.00,73.57,-1.33,-0.23,1600,1500,2.60,6.766,-3.656,43.70,0.206,-0.814,9.797,0.011,0.026,-0.014,-9.804,-0.793,0.175,0.001,0.047,0.010,0.000,0.000,0.000,0.00,15.0,OK
1787114186.372,FORWARD,1,73.00,73.57,-1.33,-0.23,1600,1500,2.55,6.766,-3.656,43.69,0.206,-0.814,9.797,0.011,0.026,-0.014,-9.828,-0.791,0.180,0.000,0.058,0.012,0.000,0.000,0.000,0.00,15.0,OK
1787114186.422,FORWARD,1,73.00,73.57,-1.33,-0.23,1600,1500,2.50,6.766,-3.656,43.69,0.235,-0.745,9.787,0.011,0.055,-0.012,-9.764,-0.781,0.116,-0.000,0.060,0.011,0.000,0.000,0.000,0.00,15.0,OK
1787114186.473,FORWARD,1,73.00,73.57,-1.33,-0.23,1600,1500,2.45,6.766,-3.656,43.53,0.235,-0.745,9.787,0.011,0.055,-0.012,-9.737,-0.795,0.116,-0.006,0.070,0.003,0.000,0.000,0.000,0.00,15.0,OK
1787114186.523,FORWARD,1,73.00,73.57,-1.33,-0.23,1600,1500,2.40,6.766,-3.656,43.29,0.235,-0.745,9.787,0.011,0.055,-0.012,-9.830,-0.801,0.051,-0.003,0.067,0.001,0.000,0.000,0.000,0.00,15.0,OK
1787114186.573,FORWARD,1,73.00,73.57,-1.33,-0.23,1600,1500,2.35,6.766,-3.656,42.93,0.235,-0.745,9.787,0.011,0.055,-0.012,-9.821,-0.834,0.018,-0.004,0.070,0.009,0.000,0.000,0.000,0.00,15.0,OK
1787114186.623,FORWARD,1,73.00,73.57,-1.33,-0.23,1600,1500,2.30,6.772,-3.650,42.73,0.235,-0.745,9.787,0.011,0.055,-0.012,-9.849,-0.775,-0.074,-0.002,0.073,0.022,0.000,0.000,0.000,0.00,15.0,OK
1787114186.673,FORWARD,1,73.00,73.57,-1.32,-0.23,1600,1500,2.25,6.772,-3.650,42.73,0.078,-0.726,9.807,0.017,0.072,-0.008,-9.888,-0.790,-0.062,0.002,0.071,0.021,0.000,0.000,0.000,0.00,15.0,OK
1787114186.722,FORWARD,1,73.00,73.57,-1.32,-0.23,1600,1500,2.20,6.773,-3.643,44.12,0.078,-0.726,9.807,0.017,0.072,-0.008,-9.850,-0.832,-0.122,0.004,0.068,0.030,0.000,0.000,0.000,0.00,15.0,OK
1787114186.772,FORWARD,1,73.00,73.57,-1.32,-0.23,1600,1500,2.15,6.783,-3.639,42.44,0.078,-0.726,9.807,0.017,0.072,-0.008,-9.780,-0.810,-0.145,0.011,0.063,0.037,0.000,0.000,0.000,0.00,15.0,OK
1787114186.823,FORWARD,1,73.00,73.57,-1.32,-0.23,1600,1500,2.10,6.783,-3.639,42.44,0.078,-0.726,9.807,0.017,0.072,-0.008,-9.852,-0.730,-0.231,0.014,0.059,0.041,0.000,0.000,0.000,0.00,15.0,OK
1787114186.872,FORWARD,1,73.00,73.57,-1.32,-0.23,1600,1500,2.05,6.794,-3.689,34.25,0.078,-0.726,9.807,0.017,0.072,-0.008,-9.778,-0.685,-0.212,0.014,0.056,0.043,0.000,0.000,0.000,0.00,15.0,OK
1787114186.923,FORWARD,1,73.00,73.57,-1.31,-0.23,1600,1500,2.00,6.733,-3.681,39.83,-0.137,-0.677,9.767,0.042,0.056,-0.024,-9.797,-0.719,-0.227,0.024,0.051,0.040,0.000,0.000,0.000,0.00,15.2,OK
1787114186.972,FORWARD,1,73.00,73.57,-1.31,-0.23,1600,1500,1.95,6.722,-3.680,41.06,-0.137,-0.677,9.767,0.042,0.056,-0.024,-9.787,-0.600,-0.241,0.012,0.048,0.035,0.000,0.000,0.000,0.00,15.2,OK
1787114187.023,FORWARD,1,73.00,73.57,-1.31,-0.23,1600,1500,1.90,6.718,-3.678,44.02,-0.137,-0.677,9.767,0.042,0.056,-0.024,-9.761,-0.609,-0.236,0.016,0.047,0.012,0.000,0.000,0.000,0.00,15.2,OK
1787114187.072,FORWARD,1,73.00,73.57,-1.31,-0.23,1600,1500,1.85,6.718,-3.678,44.02,-0.137,-0.677,9.767,0.042,0.056,-0.024,-9.828,-0.636,-0.279,0.009,0.046,0.011,0.000,0.000,0.000,0.00,15.2,OK
1787114187.122,FORWARD,1,73.00,73.57,-1.31,-0.23,1600,1500,1.80,6.741,-3.683,45.42,-0.137,-0.677,9.767,0.042,0.056,-0.024,-9.828,-0.681,-0.296,0.005,0.042,-0.009,0.000,0.000,0.000,0.00,15.2,OK
1787114187.172,FORWARD,1,73.00,73.57,-1.30,-0.23,1600,1500,1.75,6.737,-3.687,45.33,-0.284,-0.637,9.787,-0.009,0.042,-0.018,-9.742,-0.594,-0.325,-0.001,0.039,-0.005,0.000,0.000,0.000,0.00,15.2,OK
1787114187.222,FORWARD,1,73.00,73.57,-1.30,-0.23,1600,1500,1.70,6.734,-3.700,46.52,-0.284,-0.637,9.787,-0.009,0.042,-0.018,-9.807,-0.652,-0.342,0.005,0.033,-0.005,0.000,0.000,0.000,0.00,15.2,OK
1787114187.273,FORWARD,1,73.00,73.57,-1.30,-0.23,1600,1500,1.65,6.734,-3.700,46.52,-0.284,-0.637,9.787,-0.009,0.042,-0.018,-9.828,-0.684,-0.411,0.005,0.028,-0.013,0.000,0.000,0.000,0.00,15.2,OK
1787114187.323,FORWARD,1,73.00,73.57,-1.30,-0.23,1600,1500,1.60,6.726,-3.711,46.96,-0.284,-0.637,9.787,-0.009,0.042,-0.018,-9.825,-0.631,-0.375,0.003,0.027,-0.015,0.000,0.000,0.000,0.00,15.2,OK
1787114187.373,FORWARD,1,73.00,73.57,-1.30,-0.23,1600,1500,1.55,6.716,-3.720,45.15,-0.284,-0.637,9.787,-0.009,0.042,-0.018,-9.840,-0.643,-0.404,0.012,0.021,-0.014,0.000,0.000,0.000,0.00,15.2,OK
1787114187.423,FORWARD,1,73.00,73.57,-1.30,-0.23,1600,1500,1.50,6.706,-3.714,44.52,-0.373,-0.598,9.787,-0.016,0.021,-0.018,-9.828,-0.686,-0.464,0.012,0.016,-0.014,0.000,0.000,0.000,0.00,15.2,OK
1787114187.472,FORWARD,1,73.00,73.57,-1.30,-0.23,1600,1500,1.45,6.706,-3.714,44.52,-0.373,-0.598,9.787,-0.016,0.021,-0.018,-9.702,-0.689,-0.439,0.013,0.012,-0.032,0.000,0.000,0.000,0.00,15.2,OK
1787114187.523,FORWARD,1,73.00,73.57,-1.30,-0.23,1600,1500,1.40,6.706,-3.714,44.29,-0.373,-0.598,9.787,-0.016,0.021,-0.018,-9.752,-0.755,-0.471,0.011,0.011,-0.008,0.000,0.000,0.000,0.00,15.2,OK
1787114187.572,FORWARD,1,73.00,73.57,-1.30,-0.23,1600,1500,1.35,6.706,-3.714,44.02,-0.373,-0.598,9.787,-0.016,0.021,-0.018,-9.809,-0.648,-0.366,0.013,0.011,0.008,0.000,0.000,0.000,0.00,15.2,OK
1787114187.623,FORWARD,1,73.00,73.57,-1.30,-0.23,1600,1500,1.30,6.706,-3.714,43.82,-0.373,-0.598,9.787,-0.016,0.021,-0.018,-9.673,-0.761,-0.382,0.012,0.003,0.001,0.000,0.000,0.000,0.00,15.2,OK
1787114187.673,FORWARD,1,73.00,73.57,-1.30,-0.23,1600,1500,1.25,6.706,-3.714,43.82,-0.461,-0.579,9.777,0.003,0.002,-0.025,-9.840,-0.727,-0.411,0.015,0.001,0.022,0.000,0.000,0.000,0.00,15.2,OK
1787114187.723,FORWARD,1,73.00,73.57,-1.30,-0.23,1600,1500,1.20,6.706,-3.714,43.77,-0.461,-0.579,9.777,0.003,0.002,-0.025,-9.730,-0.726,-0.361,0.013,-0.001,0.004,0.000,0.000,0.000,0.00,15.2,OK
1787114187.773,FORWARD,1,73.00,73.57,-1.30,-0.23,1600,1500,1.15,6.706,-3.714,43.78,-0.461,-0.579,9.777,0.003,0.002,-0.025,-9.821,-0.672,-0.416,0.015,-0.005,0.016,0.000,0.000,0.000,0.00,15.2,OK
1787114187.823,FORWARD,1,73.00,73.57,-1.30,-0.23,1600,1500,1.10,6.706,-3.714,43.87,-0.461,-0.579,9.777,0.003,0.002,-0.025,-9.709,-0.687,-0.423,0.017,-0.005,0.013,0.000,0.000,0.000,0.00,15.2,OK
1787114187.873,FORWARD,1,73.00,73.57,-1.30,-0.23,1600,1500,1.05,6.706,-3.714,43.87,-0.461,-0.579,9.777,0.003,0.002,-0.025,-9.787,-0.626,-0.389,0.015,-0.011,0.021,0.000,0.000,0.000,0.00,15.2,OK
1787114187.923,FORWARD,1,73.00,73.57,-1.29,-0.23,1600,1500,1.00,6.706,-3.714,43.97,-0.382,-0.628,9.689,0.021,-0.010,-0.024,-9.790,-0.643,-0.351,0.013,-0.014,0.037,0.000,0.000,0.000,0.00,15.2,OK
1787114187.973,FORWARD,1,73.00,73.57,-1.29,-0.23,1600,1500,0.95,6.706,-3.714,44.15,-0.382,-0.628,9.689,0.021,-0.010,-0.024,-9.764,-0.587,-0.351,0.009,-0.024,0.026,0.000,0.000,0.000,0.00,15.2,OK
1787114188.023,FORWARD,1,73.00,73.57,-1.29,-0.23,1600,1500,0.90,6.706,-3.714,44.43,-0.382,-0.628,9.689,0.021,-0.010,-0.024,-9.814,-0.597,-0.351,0.005,-0.026,0.021,0.000,0.000,0.000,0.00,15.2,OK
1787114188.073,FORWARD,1,73.00,73.57,-1.29,-0.23,1600,1500,0.85,6.706,-3.714,44.43,-0.382,-0.628,9.689,0.021,-0.010,-0.024,-9.759,-0.654,-0.363,0.003,-0.028,0.005,0.000,0.000,0.000,0.00,15.2,OK
1787114188.123,FORWARD,1,73.00,73.57,-1.29,-0.23,1600,1500,0.80,6.706,-3.714,44.78,-0.382,-0.628,9.689,0.021,-0.010,-0.024,-9.697,-0.663,-0.296,-0.002,-0.035,-0.010,0.000,0.000,0.000,0.00,15.2,OK
1787114188.173,FORWARD,1,73.00,73.57,-1.30,-0.23,1600,1500,0.75,6.706,-3.714,45.02,-0.471,-0.559,9.748,-0.002,-0.034,-0.006,-9.801,-0.669,-0.284,-0.006,-0.040,-0.009,0.000,0.000,0.000,0.00,15.2,OK
1787114188.223,FORWARD,1,73.00,73.57,-1.30,-0.23,1600,1500,0.70,6.706,-3.714,45.02,-0.471,-0.559,9.748,-0.002,-0.034,-0.006,-9.780,-0.664,-0.286,-0.002,-0.039,-0.023,0.000,0.000,0.000,0.00,15.2,OK
1787114188.273,FORWARD,1,73.00,73.57,-1.30,-0.23,1600,1500,0.65,6.706,-3.714,45.15,-0.471,-0.559,9.748,-0.002,-0.034,-0.006,-9.742,-0.719,-0.236,-0.003,-0.039,-0.020,0.000,0.000,0.000,0.00,15.2,OK
1787114188.323,FORWARD,1,73.00,73.57,-1.30,-0.23,1600,1500,0.60,6.706,-3.714,45.20,-0.471,-0.559,9.748,-0.002,-0.034,-0.006,-9.811,-0.655,-0.282,-0.001,-0.037,-0.017,0.000,0.000,0.000,0.00,15.2,OK
1787114188.373,FORWARD,1,73.00,73.57,-1.30,-0.23,1600,1500,0.55,6.706,-3.714,45.16,-0.471,-0.559,9.748,-0.002,-0.034,-0.006,-9.740,-0.730,-0.224,0.008,-0.035,-0.019,0.000,0.000,0.000,0.00,15.2,OK
1787114188.423,FORWARD,1,73.00,73.57,-1.30,-0.23,1600,1500,0.50,6.720,-3.706,46.04,-0.324,-0.569,9.718,-0.014,-0.033,-0.016,-9.756,-0.680,-0.188,0.006,-0.033,-0.009,0.000,0.000,0.000,0.00,15.2,OK
1787114188.472,FORWARD,1,73.00,73.57,-1.30,-0.23,1600,1500,0.45,6.720,-3.706,46.04,-0.324,-0.569,9.718,-0.014,-0.033,-0.016,-9.826,-0.712,-0.203,0.007,-0.032,-0.012,0.000,0.000,0.000,0.00,15.2,OK
1787114188.522,FORWARD,1,73.00,73.57,-1.30,-0.23,1600,1500,0.40,6.723,-3.700,45.73,-0.324,-0.569,9.718,-0.014,-0.033,-0.016,-9.752,-0.673,-0.171,0.007,-0.035,-0.009,0.000,0.000,0.000,0.00,15.2,OK
1787114188.573,FORWARD,1,73.00,73.57,-1.30,-0.23,1600,1500,0.35,6.722,-3.691,47.10,-0.324,-0.569,9.718,-0.014,-0.033,-0.016,-9.756,-0.700,-0.148,0.003,-0.033,0.010,0.000,0.000,0.000,0.00,15.2,OK
1787114188.623,FORWARD,1,73.00,73.57,-1.30,-0.23,1600,1500,0.30,6.748,-3.679,46.31,-0.324,-0.569,9.718,-0.014,-0.033,-0.016,-9.818,-0.674,-0.174,0.002,-0.033,0.011,0.000,0.000,0.000,0.00,15.2,OK
1787114188.672,FORWARD,1,73.00,73.57,-1.31,-0.23,1600,1500,0.25,6.748,-3.679,46.31,-0.284,-0.637,9.748,0.011,-0.032,-0.009,-9.725,-0.678,-0.148,-0.002,-0.028,0.001,0.000,0.000,0.000,0.00,15.2,OK
1787114188.723,FORWARD,1,73.00,73.57,-1.31,-0.23,1600,1500,0.20,6.748,-3.679,46.49,-0.284,-0.637,9.748,0.011,-0.032,-0.009,-9.742,-0.668,-0.064,-0.006,-0.028,0.013,0.000,0.000,0.000,0.00,15.2,OK
1787114188.773,FORWARD,1,73.00,73.57,-1.31,-0.23,1600,1500,0.15,6.748,-3.679,46.67,-0.284,-0.637,9.748,0.011,-0.032,-0.009,-9.761,-0.740,-0.128,-0.002,-0.026,0.010,0.000,0.000,0.000,0.00,15.2,OK
1787114188.823,FORWARD,1,73.00,73.57,-1.31,-0.23,1600,1500,0.10,6.748,-3.679,46.67,-0.284,-0.637,9.748,0.011,-0.032,-0.009,-9.845,-0.674,-0.088,-0.006,-0.024,0.002,0.000,0.000,0.000,0.00,15.2,OK
1787114188.873,FORWARD,1,73.00,73.57,-1.31,-0.23,1600,1500,0.05,6.748,-3.679,46.86,-0.284,-0.637,9.748,0.011,-0.032,-0.009,-9.759,-0.635,-0.066,0.001,-0.022,-0.001,0.000,0.000,0.000,0.00,15.2,OK
1787114188.923,FORWARD,1,73.00,73.57,-1.31,-0.23,1600,1500,0.00,6.748,-3.679,47.04,-0.235,-0.667,9.777,-0.002,-0.019,-0.005,-9.802,-0.717,-0.078,-0.000,-0.019,-0.002,0.000,0.000,0.000,0.00,15.2,OK
1787114188.973,ROTATING,2,73.00,163.57,-1.31,-0.23,1500,1500,0.00,6.748,-3.679,47.15,-0.235,-0.667,9.777,-0.002,-0.019,-0.005,-9.797,-0.937,-0.535,0.014,-0.014,-0.010,0.000,0.000,0.000,0.00,15.0,OK
1787114189.023,ROTATING,2,73.00,163.57,-1.31,-0.23,1500,1300,0.00,6.753,-3.667,47.24,-0.235,-0.667,9.777,-0.002,-0.019,-0.005,-9.866,-0.734,-0.313,0.028,-0.012,0.003,0.000,0.000,0.000,0.00,15.0,OK
1787114189.073,ROTATING,2,73.00,163.57,-1.31,-0.23,1500,1300,0.00,6.753,-3.667,47.24,-0.235,-0.667,9.777,-0.002,-0.019,-0.005,-9.888,-0.381,-0.437,0.009,-0.016,0.002,0.000,0.000,0.000,0.00,15.0,OK
1787114189.123,ROTATING,2,73.00,163.57,-1.31,-0.23,1500,1300,0.00,6.760,-3.668,47.51,-0.235,-0.667,9.777,-0.002,-0.019,-0.005,-9.866,0.194,-0.444,-0.076,-0.028,0.002,0.000,0.000,0.000,0.00,15.0,OK
1787114189.173,ROTATING,2,73.00,163.57,-1.31,-0.23,1500,1300,0.00,6.760,-3.662,47.68,-0.118,-0.588,9.787,0.009,-0.027,0.073,-9.912,-0.149,-0.275,-0.165,-0.036,0.022,0.000,0.000,0.000,0.00,15.0,OK
1787114189.223,ROTATING,2,73.00,163.57,-1.31,-0.23,1500,1300,0.00,6.760,-3.662,47.68,-0.118,-0.588,9.787,0.009,-0.027,0.073,-9.861,-0.089,-0.267,-0.235,-0.046,0.024,0.000,0.000,0.000,0.00,15.0,OK
1787114189.273,ROTATING,2,73.00,163.57,-1.31,-0.23,1500,1300,0.00,6.763,-3.662,47.68,-0.118,-0.588,9.787,0.009,-0.027,0.073,-9.802,-0.040,-0.090,-0.290,-0.052,0.016,0.000,0.000,0.000,0.00,15.0,OK
1787114189.323,ROTATING,2,73.00,163.57,-1.31,-0.23,1500,1300,0.00,6.764,-3.665,48.27,-0.118,-0.588,9.787,0.009,-0.027,0.073,-9.909,-0.104,-0.292,-0.369,-0.066,0.032,0.000,0.000,0.000,0.00,15.0,OK
1787114189.373,ROTATING,2,73.00,163.57,-1.31,-0.23,1500,1300,0.00,6.770,-3.653,50.19,-0.118,-0.588,9.787,0.009,-0.027,0.073,-9.883,-0.089,-0.095,-0.444,-0.071,0.020,0.000,0.000,0.000,0.00,15.0,OK
1787114189.422,ROTATING,2,78.00,163.57,-1.31,-0.23,1500,1300,0.00,6.790,-3.629,50.48,-0.333,-0.549,9.816,0.014,-0.066,0.440,-9.844,-0.105,0.111,-0.536,-0.080,0.022,0.000,0.000,0.000,0.00,15.0,OK
1787114189.473,ROTATING,2,78.00,163.57,-1.31,-0.23,1500,1300,0.00,6.790,-3.629,50.48,-0.333,-0.549,9.816,0.014,-0.066,0.440,-9.761,-0.248,-0.131,-0.595,-0.082,0.016,0.000,0.000,0.000,0.00,15.0,OK
1787114189.523,ROTATING,2,78.00,163.57,-1.31,-0.23,1500,1300,0.00,6.791,-3.627,51.22,-0.333,-0.549,9.816,0.014,-0.066,0.440,-9.907,-0.295,-0.078,-0.640,-0.086,0.020,0.000,0.000,0.000,0.00,15.0,OK
1787114189.573,ROTATING,2,78.00,163.57,-1.31,-0.23,1500,1300,0.00,6.792,-3.625,52.04,-0.333,-0.549,9.816,0.014,-0.066,0.440,-9.697,-0.409,-0.073,-0.680,-0.084,0.004,0.000,0.000,0.000,0.00,15.0,OK
1787114189.622,ROTATING,2,78.00,163.57,-1.31,-0.23,1500,1300,0.00,6.793,-3.623,52.84,-0.333,-0.549,9.816,0.014,-0.066,0.440,-9.708,-0.522,-0.109,-0.706,-0.084,-0.001,0.000,0.000,0.000,0.00,15.0,OK
1787114189.673,ROTATING,2,87.00,163.57,-1.33,-0.23,1500,1300,0.00,6.793,-3.623,52.84,-0.029,-0.579,9.797,-0.011,-0.074,0.714,-9.828,-0.428,-0.181,-0.717,-0.082,0.005,0.000,0.000,0.000,0.00,15.0,OK
1787114189.723,ROTATING,2,87.00,163.57,-1.33,-0.23,1500,1300,0.00,6.795,-3.620,53.57,-0.029,-0.579,9.797,-0.011,-0.074,0.714,-9.821,-0.507,0.008,-0.733,-0.082,0.012,0.000,0.000,0.000,0.00,15.0,OK
1787114189.773,ROTATING,2,87.00,163.57,-1.33,-0.23,1500,1300,0.00,6.796,-3.617,54.30,-0.029,-0.579,9.797,-0.011,-0.074,0.714,-9.711,-0.457,-0.092,-0.745,-0.073,0.030,0.000,0.000,0.000,0.00,15.0,OK
1787114189.823,ROTATING,2,87.00,163.57,-1.33,-0.23,1500,1300,0.00,6.797,-3.615,55.16,-0.029,-0.579,9.797,-0.011,-0.074,0.714,-9.866,-0.469,-0.093,-0.758,-0.068,0.043,0.000,0.000,0.000,0.00,15.0,OK
1787114189.873,ROTATING,2,87.00,163.57,-1.33,-0.23,1500,1300,0.00,6.797,-3.615,55.16,-0.029,-0.579,9.797,-0.011,-0.074,0.714,-9.804,-0.595,-0.018,-0.772,-0.057,0.041,0.000,0.000,0.000,0.00,15.0,OK
1787114189.922,ROTATING,2,98.00,163.57,-1.33,-0.23,1500,1300,0.00,6.798,-3.612,56.07,-0.059,-0.549,9.718,0.032,-0.042,0.785,-9.709,-0.479,-0.076,-0.797,-0.049,0.050,0.000,0.000,0.000,0.00,15.0,OK
1787114189.973,ROTATING,2,98.00,163.57,-1.33,-0.23,1500,1300,0.00,6.799,-3.609,57.10,-0.059,-0.549,9.718,0.032,-0.042,0.785,-9.787,-0.458,-0.023,-0.809,-0.035,0.066,0.000,0.000,0.000,0.00,15.0,OK
1787114190.023,ROTATING,2,98.00,163.57,-1.33,-0.23,1500,1300,0.00,6.799,-3.605,58.21,-0.059,-0.549,9.718,0.032,-0.042,0.785,-9.880,-0.551,-0.100,-0.823,-0.036,0.075,0.000,0.000,0.000,0.00,15.2,OK
1787114190.072,ROTATING,2,98.00,163.57,-1.33,-0.23,1500,1300,0.00,6.799,-3.605,58.21,-0.059,-0.549,9.718,0.032,-0.042,0.785,-9.916,-0.470,-0.055,-0.835,-0.028,0.087,0.000,0.000,0.000,0.00,15.2,OK
1787114190.123,ROTATING,2,98.00,163.57,-1.33,-0.23,1500,1300,0.00,6.800,-3.602,59.32,-0.059,-0.549,9.718,0.032,-0.042,0.785,-9.713,-0.541,-0.085,-0.842,-0.033,0.069,0.000,0.000,0.000,0.00,15.2,OK
1787114190.173,ROTATING,2,110.00,163.57,-1.33,-0.23,1500,1300,0.00,6.800,-3.599,60.40,-0.059,-0.579,9.836,0.065,-0.018,0.853,-9.881,-0.385,-0.201,-0.857,-0.029,0.094,0.000,0.000,0.000,0.00,15.2,OK
1787114190.223,ROTATING,2,110.00,163.57,-1.33,-0.23,1500,1313,0.00,6.800,-3.599,60.40,-0.059,-0.579,9.836,0.065,-0.018,0.853,-9.747,-0.427,-0.128,-0.860,-0.019,0.082,0.000,0.000,0.000,0.00,15.2,OK
1787114190.273,ROTATING,2,110.00,163.57,-1.33,-0.23,1500,1313,0.00,6.800,-3.595,61.60,-0.059,-0.579,9.836,0.065,-0.018,0.853,-9.957,-0.432,-0.229,-0.866,-0.025,0.114,0.000,0.000,0.000,0.00,15.2,OK
1787114190.323,ROTATING,2,110.00,163.57,-1.33,-0.23,1500,1313,0.00,6.800,-3.592,62.81,-0.059,-0.579,9.836,0.065,-0.018,0.853,-9.961,-0.468,-0.189,-0.865,-0.026,0.102,0.000,0.000,0.000,0.00,15.2,OK
1787114190.373,ROTATING,2,110.00,163.57,-1.33,-0.23,1500,1313,0.00,6.800,-3.588,63.97,-0.059,-0.579,9.836,0.065,-0.018,0.853,-9.725,-0.391,-0.068,-0.866,-0.031,0.097,0.000,0.000,0.000,0.00,15.2,OK
1787114190.423,ROTATING,2,123.00,163.57,-1.32,-0.23,1500,1313,0.00,6.799,-3.584,65.26,-0.020,-0.422,9.787,0.085,-0.021,0.882,-9.823,-0.334,-0.248,-0.867,-0.029,0.120,0.000,0.000,0.000,0.00,15.2,OK
1787114190.473,ROTATING,2,123.00,163.57,-1.32,-0.23,1500,1358,0.00,6.799,-3.584,65.26,-0.020,-0.422,9.787,0.085,-0.021,0.882,-9.842,-0.323,-0.205,-0.868,-0.028,0.102,0.000,0.000,0.000,0.00,15.2,OK
1787114190.523,ROTATING,2,123.00,163.57,-1.32,-0.23,1500,1358,0.00,6.798,-3.581,66.60,-0.020,-0.422,9.787,0.085,-0.021,0.882,-9.780,-0.370,-0.159,-0.843,-0.027,0.081,0.000,0.000,0.000,0.00,15.2,OK
1787114190.572,ROTATING,2,123.00,163.57,-1.32,-0.23,1500,1358,0.00,6.798,-3.577,67.91,-0.020,-0.422,9.787,0.085,-0.021,0.882,-9.802,-0.416,-0.061,-0.826,-0.019,0.044,0.000,0.000,0.000,0.00,15.2,OK
1787114190.623,ROTATING,2,123.00,163.57,-1.32,-0.23,1500,1358,0.00,6.796,-3.574,69.02,-0.020,-0.422,9.787,0.085,-0.021,0.882,-9.754,-0.228,-0.231,-0.814,-0.012,0.038,0.000,0.000,0.000,0.00,15.2,OK
1787114190.673,ROTATING,2,135.00,163.57,-1.32,-0.23,1500,1358,0.00,6.796,-3.574,69.02,0.167,-0.333,9.767,0.023,0.002,0.822,-9.795,-0.246,-0.222,-0.808,-0.001,0.056,0.000,0.000,0.000,0.00,15.2,OK
1787114190.723,ROTATING,2,135.00,163.57,-1.32,-0.23,1500,1400,0.00,6.795,-3.570,69.74,0.167,-0.333,9.767,0.023,0.002,0.822,-9.814,-0.251,-0.116,-0.802,0.004,0.048,0.000,0.000,0.000,0.00,15.2,OK
1787114190.773,ROTATING,2,135.00,163.57,-1.32,-0.23,1500,1400,0.00,6.794,-3.567,70.28,0.167,-0.333,9.767,0.023,0.002,0.822,-9.697,-0.395,-0.083,-0.773,0.011,0.011,0.000,0.000,0.000,0.00,15.2,OK
1787114190.823,ROTATING,2,135.00,163.57,-1.32,-0.23,1500,1400,0.00,6.792,-3.564,70.71,0.167,-0.333,9.767,0.023,0.002,0.822,-9.768,-0.396,-0.164,-0.747,0.025,0.011,0.000,0.000,0.000,0.00,15.2,OK
1787114190.873,ROTATING,2,135.00,163.57,-1.32,-0.23,1500,1400,0.00,6.792,-3.564,70.71,0.167,-0.333,9.767,0.023,0.002,0.822,-9.840,-0.167,-0.153,-0.732,0.040,0.005,0.000,0.000,0.000,0.00,15.2,OK
1787114190.922,ROTATING,2,147.00,163.57,-1.32,-0.23,1500,1400,0.00,6.790,-3.562,70.79,-0.069,-0.118,9.816,-0.012,0.047,0.739,-9.747,-0.211,-0.241,-0.722,0.048,-0.003,0.000,0.000,0.000,0.00,15.2,OK
1787114190.973,ROTATING,2,147.00,163.57,-1.32,-0.23,1500,1442,0.00,6.789,-3.559,70.49,-0.069,-0.118,9.816,-0.012,0.047,0.739,-9.890,-0.316,-0.196,-0.719,0.051,0.028,0.000,0.000,0.000,0.00,15.2,OK
1787114191.023,ROTATING,2,147.00,163.57,-1.32,-0.23,1500,1442,0.00,6.787,-3.557,69.96,-0.069,-0.118,9.816,-0.012,0.047,0.739,-9.835,-0.399,-0.296,-0.687,0.056,0.017,0.000,0.000,0.000,0.00,15.2,OK
1787114191.073,ROTATING,2,147.00,163.57,-1.32,-0.23,1500,1442,0.00,6.787,-3.557,69.96,-0.069,-0.118,9.816,-0.012,0.047,0.739,-9.868,-0.383,-0.310,-0.651,0.059,0.021,0.000,0.000,0.000,0.00,14.3,OK
1787114191.123,ROTATING,2,147.00,163.57,-1.32,-0.23,1500,1442,0.00,6.785,-3.554,69.31,-0.069,-0.118,9.816,-0.012,0.047,0.739,-9.749,-0.302,-0.298,-0.630,0.064,0.022,0.000,0.000,0.000,0.00,14.3,OK
1787114191.173,ROTATING,2,157.00,163.57,-1.31,-0.23,1500,1442,0.00,6.783,-3.552,68.50,-0.088,-0.167,9.846,0.010,0.071,0.636,-9.816,-0.210,-0.375,-0.610,0.069,0.018,0.000,0.000,0.000,0.00,14.3,OK
1787114191.222,FORWARD,2,157.00,163.57,-1.31,-0.23,1500,1442,9.95,6.781,-3.550,67.56,-0.088,-0.167,9.846,0.010,0.071,0.636,-9.842,-0.201,-0.430,-0.599,0.066,0.014,0.000,0.000,0.000,0.00,14.3,OK
1787114191.273,FORWARD,2,157.00,163.57,-1.31,-0.23,1600,1500,9.90,6.781,-3.550,67.56,-0.088,-0.167,9.846,0.010,0.071,0.636,-9.819,0.232,0.539,-0.605,0.066,0.016,0.000,0.000,0.000,0.00,14.3,OK
1787114191.323,FORWARD,2,157.00,163.57,-1.31,-0.23,1600,1500,9.85,6.779,-3.549,66.50,-0.088,-0.167,9.846,0.010,0.071,0.636,-9.825,-0.234,-0.174,-0.591,0.069,0.035,0.000,0.000,0.000,0.00,14.3,OK
1787114191.372,FORWARD,2,157.00,163.57,-1.31,-0.23,1600,1500,9.80,6.663,-3.559,43.17,-0.088,-0.167,9.846,0.010,0.071,0.636,-9.821,-0.114,-0.263,-0.580,0.063,0.045,0.000,0.000,0.000,0.00,14.3,OK
1787114191.423,FORWARD,2,166.00,163.57,-1.30,-0.23,1600,1500,9.75,6.663,-3.559,43.17,-0.206,-0.108,9.777,0.029,0.070,0.580,-9.754,-0.037,-0.368,-0.554,0.062,0.026,0.000,0.000,0.000,0.00,14.3,OK
1787114191.473,FORWARD,2,166.00,163.57,-1.30,-0.23,1600,1500,9.70,6.661,-3.557,42.19,-0.206,-0.108,9.777,0.029,0.070,0.580,-9.773,-0.219,-0.425,-0.535,0.066,0.018,0.000,0.000,0.000,0.00,14.3,OK
1787114191.523,FORWARD,2,166.00,163.57,-1.30,-0.23,1600,1500,9.65,6.660,-3.556,41.16,-0.206,-0.108,9.777,0.029,0.070,0.580,-9.744,-0.156,-0.557,-0.521,0.071,-0.001,0.000,0.000,0.000,0.00,14.3,OK
1787114191.574,FORWARD,2,166.00,163.57,-1.30,-0.23,1600,1500,9.60,6.658,-3.554,40.19,-0.206,-0.108,9.777,0.029,0.070,0.580,-9.749,-0.415,-0.684,-0.466,0.075,-0.022,0.000,0.000,0.000,0.00,14.3,OK
1787114191.623,FORWARD,2,166.00,163.57,-1.30,-0.23,1600,1500,9.55,6.658,-3.554,40.19,-0.206,-0.108,9.777,0.029,0.070,0.580,-9.754,-0.310,-0.684,-0.413,0.071,-0.013,0.000,0.000,0.000,0.00,14.3,OK
1787114191.673,FORWARD,2,174.00,163.57,-1.28,-0.23,1600,1500,9.50,6.656,-3.553,39.30,-0.167,-0.020,9.738,-0.032,0.076,0.411,-9.752,-0.286,-0.698,-0.365,0.075,-0.032,0.000,0.000,0.000,0.00,14.3,OK
1787114191.722,FORWARD,2,174.00,163.57,-1.28,-0.23,1600,1500,9.45,6.654,-3.552,38.50,-0.167,-0.020,9.738,-0.032,0.076,0.411,-9.787,-0.461,-0.602,-0.301,0.076,-0.034,0.000,0.000,0.000,0.00,14.3,OK
1787114191.773,FORWARD,2,174.00,163.57,-1.28,-0.23,1600,1500,9.40,6.653,-3.551,37.86,-0.167,-0.020,9.738,-0.032,0.076,0.411,-9.768,-0.353,-0.672,-0.261,0.073,-0.041,0.000,0.000,0.000,0.00,14.3,OK
1787114191.822,FORWARD,2,174.00,163.57,-1.28,-0.23,1600,1500,9.35,6.652,-3.550,37.27,-0.167,-0.020,9.738,-0.032,0.076,0.411,-9.745,-0.714,-0.653,-0.188,0.077,-0.023,0.000,0.000,0.000,0.00,14.3,OK
1787114191.873,FORWARD,2,174.00,163.57,-1.28,-0.23,1600,1500,9.30,6.652,-3.550,37.27,-0.167,-0.020,9.738,-0.032,0.076,0.411,-9.778,-0.631,-0.731,-0.106,0.078,-0.032,0.000,0.000,0.000,0.00,14.3,OK
1787114191.923,FORWARD,2,178.00,163.57,-1.29,-0.23,1600,1500,9.25,6.651,-3.550,36.75,-0.637,0.088,9.728,-0.037,0.079,0.096,-9.842,-0.722,-0.562,-0.038,0.071,-0.016,0.000,0.000,0.000,0.00,14.3,OK
1787114191.973,FORWARD,2,178.00,163.57,-1.29,-0.23,1600,1500,9.20,6.650,-3.550,36.27,-0.637,0.088,9.728,-0.037,0.079,0.096,-9.706,-0.474,-0.648,0.026,0.064,-0.016,0.000,0.000,0.000,0.00,14.3,OK
1787114192.023,FORWARD,2,178.00,163.57,-1.29,-0.23,1600,1500,9.15,6.650,-3.550,36.27,-0.637,0.088,9.728,-0.037,0.079,0.096,-9.732,-0.326,-0.758,0.065,0.059,-0.019,0.000,0.000,0.000,0.00,14.3,OK
1787114192.073,FORWARD,2,178.00,163.57,-1.29,-0.23,1600,1500,9.10,6.626,-3.525,29.50,-0.637,0.088,9.728,-0.037,0.079,0.096,-9.699,-0.211,-0.863,0.084,0.055,0.005,0.000,0.000,0.000,0.00,15.0,OK
1787114192.123,FORWARD,2,178.00,163.57,-1.29,-0.23,1600,1500,9.05,6.626,-3.537,31.79,-0.637,0.088,9.728,-0.037,0.079,0.096,-9.761,-0.111,-0.873,0.096,0.045,0.019,0.000,0.000,0.000,0.00,15.0,OK
1787114192.173,FORWARD,2,177.00,163.57,-1.27,-0.23,1600,1500,9.00,6.625,-3.540,31.78,-0.834,-0.039,9.738,0.018,0.042,-0.104,-9.801,-0.090,-0.911,0.096,0.034,0.016,0.000,0.000,0.000,0.00,15.0,OK
1787114192.223,FORWARD,2,177.00,163.57,-1.27,-0.23,1600,1500,8.95,6.625,-3.541,31.38,-0.834,-0.039,9.738,0.018,0.042,-0.104,-9.773,-0.083,-0.913,0.096,0.022,0.017,0.000,0.000,0.000,0.00,15.0,OK
1787114192.273,FORWARD,2,177.00,163.57,-1.27,-0.23,1600,1500,8.90,6.625,-3.541,31.38,-0.834,-0.039,9.738,0.018,0.042,-0.104,-9.775,-0.025,-0.947,0.090,0.015,0.023,0.000,0.000,0.000,0.00,15.0,OK
1787114192.323,FORWARD,2,177.00,163.57,-1.27,-0.23,1600,1500,8.85,6.626,-3.541,31.07,-0.834,-0.039,9.738,0.018,0.042,-0.104,-9.797,0.003,-0.954,0.076,-0.001,0.038,0.000,0.000,0.000,0.00,15.0,OK
1787114192.373,FORWARD,2,177.00,163.57,-1.27,-0.23,1600,1500,8.80,6.626,-3.541,30.84,-0.834,-0.039,9.738,0.018,0.042,-0.104,-9.787,0.003,-0.947,0.076,-0.011,0.033,0.000,0.000,0.000,0.00,15.0,OK
1787114192.423,FORWARD,2,176.00,163.57,-1.27,-0.23,1600,1500,8.75,6.626,-3.541,30.64,-0.902,-0.039,9.709,0.035,-0.009,-0.085,-9.804,0.013,-0.928,0.069,-0.018,0.045,0.000,0.000,0.000,0.00,15.0,OK
1787114192.473,FORWARD,2,176.00,163.57,-1.27,-0.23,1600,1500,8.70,6.626,-3.541,30.64,-0.902,-0.039,9.709,0.035,-0.009,-0.085,-9.852,0.079,-0.918,0.065,-0.033,0.056,0.000,0.000,0.000,0.00,15.0,OK
1787114192.523,FORWARD,2,176.00,163.57,-1.27,-0.23,1600,1500,8.65,6.627,-3.541,30.51,-0.902,-0.039,9.709,0.035,-0.009,-0.085,-9.773,0.113,-0.882,0.059,-0.042,0.047,0.000,0.000,0.000,0.00,15.0,OK
1787114192.573,FORWARD,2,176.00,163.57,-1.27,-0.23,1600,1500,8.60,6.627,-3.541,30.44,-0.902,-0.039,9.709,0.035,-0.009,-0.085,-9.785,0.101,-0.844,0.050,-0.048,0.045,0.000,0.000,0.000,0.00,15.0,OK
1787114192.623,FORWARD,2,176.00,163.57,-1.27,-0.23,1600,1500,8.55,6.627,-3.542,30.40,-0.902,-0.039,9.709,0.035,-0.009,-0.085,-9.792,0.037,-0.849,0.051,-0.054,0.043,0.000,0.000,0.000,0.00,15.0,OK
1787114192.673,FORWARD,2,175.00,163.57,-1.28,-0.23,1600,1500,8.50,6.627,-3.542,30.40,-1.089,0.000,9.689,0.043,-0.054,-0.059,-9.813,0.139,-0.832,0.046,-0.056,0.031,0.000,0.000,0.000,0.00,15.0,OK
1787114192.722,FORWARD,2,175.00,163.57,-1.28,-0.23,1600,1500,8.45,6.627,-3.542,30.48,-1.089,0.000,9.689,0.043,-0.054,-0.059,-9.757,0.071,-0.734,0.043,-0.066,0.020,0.000,0.000,0.000,0.00,15.0,OK
1787114192.773,FORWARD,2,175.00,163.57,-1.28,-0.23,1600,1500,8.40,6.647,-3.545,33.69,-1.089,0.000,9.689,0.043,-0.054,-0.059,-9.818,0.118,-0.760,0.038,-0.069,0.010,0.000,0.000,0.000,0.00,15.0,OK
1787114192.822,FORWARD,2,175.00,163.57,-1.28,-0.23,1600,1500,8.35,6.645,-3.545,34.31,-1.089,0.000,9.689,0.043,-0.054,-0.059,-9.747,0.092,-0.686,0.033,-0.073,-0.003,0.000,0.000,0.000,0.00,15.0,OK
1787114192.873,FORWARD,2,175.00,163.57,-1.28,-0.23,1600,1500,8.30,6.645,-3.545,34.31,-1.089,0.000,9.689,0.043,-0.054,-0.059,-9.771,0.140,-0.664,0.023,-0.075,-0.013,0.000,0.000,0.000,0.00,15.0,OK
1787114192.923,FORWARD,2,175.00,163.57,-1.28,-0.23,1600,1500,8.25,6.645,-3.545,34.84,-0.912,0.127,9.679,-0.013,-0.073,-0.032,-9.818,0.082,-0.636,0.019,-0.071,-0.023,0.000,0.000,0.000,0.00,15.0,OK
1787114192.973,FORWARD,2,175.00,163.57,-1.28,-0.23,1600,1500,8.20,6.646,-3.545,35.53,-0.912,0.127,9.679,-0.013,-0.073,-0.032,-9.795,0.084,-0.631,0.016,-0.070,-0.033,0.000,0.000,0.000,0.00,15.0,OK
1787114193.024,FORWARD,2,175.00,163.57,-1.28,-0.23,1600,1500,8.15,6.638,-3.495,27.41,-0.912,0.127,9.679,-0.013,-0.073,-0.032,-9.790,0.068,-0.564,0.011,-0.068,-0.044,0.000,0.000,0.000,0.00,15.0,OK
1787114193.072,FORWARD,2,175.00,163.57,-1.28,-0.23,1600,1500,8.10,6.638,-3.495,27.41,-0.912,0.127,9.679,-0.013,-0.073,-0.032,-9.763,0.001,-0.540,0.017,-0.070,-0.043,0.000,0.000,0.000,0.00,15.0,OK
1787114193.122,FORWARD,2,175.00,163.57,-1.28,-0.23,1600,1500,8.05,6.639,-3.492,28.18,-0.912,0.127,9.679,-0.013,-0.073,-0.032,-9.756,0.008,-0.507,0.012,-0.067,-0.041,0.000,0.000,0.000,0.00,15.3,OK
1787114193.173,FORWARD,2,175.00,163.57,-1.31,-0.23,1600,1500,8.00,6.639,-3.492,29.15,-0.628,0.127,9.728,-0.037,-0.067,-0.021,-9.828,-0.021,-0.433,0.016,-0.070,-0.035,0.000,0.000,0.000,0.00,15.3,OK
1787114193.223,FORWARD,2,175.00,163.57,-1.31,-0.23,1600,1500,7.95,6.639,-3.492,30.09,-0.628,0.127,9.728,-0.037,-0.067,-0.021,-9.728,-0.089,-0.461,0.017,-0.066,-0.028,0.000,0.000,0.000,0.00,15.3,OK
1787114193.273,FORWARD,2,175.00,163.57,-1.31,-0.23,1600,1500,7.90,6.639,-3.492,30.09,-0.628,0.127,9.728,-0.037,-0.067,-0.021,-9.789,-0.107,-0.380,0.015,-0.066,-0.014,0.000,0.000,0.000,0.00,15.3,OK
1787114193.323,FORWARD,2,175.00,163.57,-1.31,-0.23,1600,1500,7.85,6.639,-3.492,31.00,-0.628,0.127,9.728,-0.037,-0.067,-0.021,-9.835,-0.064,-0.339,0.017,-0.067,-0.010,0.000,0.000,0.000,0.00,15.3,OK
1787114193.373,FORWARD,2,175.00,163.57,-1.31,-0.23,1600,1500,7.80,6.639,-3.492,31.78,-0.628,0.127,9.728,-0.037,-0.067,-0.021,-9.790,-0.078,-0.313,0.024,-0.063,-0.004,0.000,0.000,0.000,0.00,15.3,OK
1787114193.423,FORWARD,2,175.00,163.57,-1.31,-0.23,1600,1500,7.75,6.639,-3.492,32.51,-0.520,0.020,9.777,-0.005,-0.063,-0.027,-9.806,-0.076,-0.215,0.020,-0.060,-0.004,0.000,0.000,0.000,0.00,15.3,OK
1787114193.473,FORWARD,2,175.00,163.57,-1.31,-0.23,1600,1500,7.70,6.639,-3.492,32.51,-0.520,0.020,9.777,-0.005,-0.063,-0.027,-9.795,-0.064,-0.210,0.021,-0.055,-0.002,0.000,0.000,0.000,0.00,15.3,OK
1787114193.522,FORWARD,2,175.00,163.57,-1.31,-0.23,1600,1500,7.65,6.516,-3.437,15.51,-0.520,0.020,9.777,-0.005,-0.063,-0.027,-9.828,-0.079,-0.224,0.024,-0.055,-0.005,0.000,0.000,0.000,0.00,15.3,OK
1787114193.572,FORWARD,2,175.00,163.57,-1.31,-0.23,1600,1500,7.60,6.517,-3.437,15.85,-0.520,0.020,9.777,-0.005,-0.063,-0.027,-9.761,-0.104,-0.171,0.024,-0.054,-0.021,0.000,0.000,0.000,0.00,15.3,OK
1787114193.622,FORWARD,2,175.00,163.57,-1.31,-0.23,1600,1500,7.55,6.517,-3.437,16.18,-0.520,0.020,9.777,-0.005,-0.063,-0.027,-9.864,-0.079,-0.184,0.024,-0.049,-0.018,0.000,0.000,0.000,0.00,15.3,OK
1787114193.673,FORWARD,2,174.00,163.57,-1.34,-0.23,1600,1500,7.50,6.517,-3.437,16.18,-0.373,-0.069,9.787,-0.016,-0.049,-0.034,-9.842,-0.096,-0.164,0.021,-0.044,-0.008,0.000,0.000,0.000,0.00,15.3,OK
1787114193.723,FORWARD,2,174.00,163.57,-1.34,-0.23,1600,1500,7.45,6.517,-3.437,16.59,-0.373,-0.069,9.787,-0.016,-0.049,-0.034,-9.835,-0.136,-0.117,0.024,-0.040,-0.001,0.000,0.000,0.000,0.00,15.3,OK
1787114193.773,FORWARD,2,174.00,163.57,-1.34,-0.23,1600,1500,7.40,6.517,-3.437,16.96,-0.373,-0.069,9.787,-0.016,-0.049,-0.034,-9.902,-0.135,-0.078,0.027,-0.040,0.018,0.000,0.000,0.000,0.00,15.3,OK
1787114193.823,FORWARD,2,174.00,163.57,-1.34,-0.23,1600,1500,7.35,6.517,-3.437,17.22,-0.373,-0.069,9.787,-0.016,-0.049,-0.034,-9.873,-0.005,-0.076,0.030,-0.043,0.010,0.000,0.000,0.000,0.00,15.3,OK
1787114193.873,FORWARD,2,174.00,163.57,-1.34,-0.23,1600,1500,7.30,6.517,-3.437,17.22,-0.373,-0.069,9.787,-0.016,-0.049,-0.034,-9.866,-0.067,-0.011,0.025,-0.042,0.005,0.000,0.000,0.000,0.00,15.3,OK
1787114193.923,FORWARD,2,174.00,163.57,-1.34,-0.23,1600,1500,7.25,6.517,-3.437,17.40,-0.226,-0.029,9.826,0.005,-0.043,-0.036,-9.818,-0.045,-0.045,0.025,-0.043,0.005,0.000,0.000,0.000,0.00,15.3,OK
1787114193.973,FORWARD,2,174.00,163.57,-1.34,-0.23,1600,1500,7.20,6.517,-3.437,17.60,-0.226,-0.029,9.826,0.005,-0.043,-0.036,-9.881,-0.079,0.000,0.021,-0.040,0.012,0.000,0.000,0.000,0.00,15.3,OK
1787114194.023,FORWARD,2,174.00,163.57,-1.34,-0.23,1600,1500,7.15,6.517,-3.437,17.82,-0.226,-0.029,9.826,0.005,-0.043,-0.036,-9.818,-0.014,0.027,0.017,-0.034,0.001,0.000,0.000,0.000,0.00,15.3,OK
1787114194.073,FORWARD,2,174.00,163.57,-1.34,-0.23,1600,1500,7.10,6.517,-3.437,17.82,-0.226,-0.029,9.826,0.005,-0.043,-0.036,-9.811,0.060,0.037,0.015,-0.032,-0.006,0.000,0.000,0.000,0.00,15.3,OK
1787114194.123,FORWARD,2,174.00,163.57,-1.34,-0.23,1600,1500,7.05,6.517,-3.438,17.98,-0.226,-0.029,9.826,0.005,-0.043,-0.036,-9.878,-0.031,0.051,0.009,-0.026,-0.009,0.000,0.000,0.000,0.00,15.0,OK
1787114194.173,FORWARD,2,174.00,163.57,-1.35,-0.23,1600,1500,7.00,6.517,-3.438,18.17,-0.127,0.000,9.865,-0.005,-0.026,-0.016,-9.792,-0.030,0.089,0.003,-0.020,-0.001,0.000,0.000,0.000,0.00,15.0,OK
1787114194.223,FORWARD,2,174.00,163.57,-1.35,-0.23,1600,1500,6.95,6.517,-3.438,18.39,-0.127,0.000,9.865,-0.005,-0.026,-0.016,-9.811,-0.083,0.046,0.001,-0.016,-0.002,0.000,0.000,0.000,0.00,15.0,OK
1787114194.273,FORWARD,2,174.00,163.57,-1.35,-0.23,1600,1500,6.90,6.517,-3.438,18.39,-0.127,0.000,9.865,-0.005,-0.026,-0.016,-9.811,-0.054,0.099,0.001,-0.007,-0.000,0.000,0.000,0.000,0.00,15.0,OK
1787114194.323,FORWARD,2,174.00,163.57,-1.35,-0.23,1600,1500,6.85,6.517,-3.438,18.53,-0.127,0.000,9.865,-0.005,-0.026,-0.016,-9.876,-0.050,0.156,0.001,-0.005,0.005,0.000,0.000,0.000,0.00,15.0,OK
1787114194.373,FORWARD,2,174.00,163.57,-1.35,-0.23,1600,1500,6.80,6.517,-3.438,18.61,-0.127,0.000,9.865,-0.005,-0.026,-0.016,-9.847,-0.021,0.125,0.002,-0.004,0.008,0.000,0.000,0.000,0.00,15.0,OK
1787114194.423,FORWARD,2,174.00,163.57,-1.36,-0.23,1600,1500,6.75,6.517,-3.438,18.61,-0.010,-0.069,9.846,0.007,0.000,-0.010,-9.852,-0.093,0.132,0.005,0.004,0.007,0.000,0.000,0.000,0.00,15.0,OK
1787114194.472,FORWARD,2,174.00,163.57,-1.36,-0.23,1600,1500,6.70,6.517,-3.438,18.61,-0.010,-0.069,9.846,0.007,0.000,-0.010,-9.826,-0.131,0.096,0.009,0.011,0.014,0.000,0.000,0.000,0.00,15.0,OK
1787114194.523,FORWARD,2,174.00,163.57,-1.36,-0.23,1600,1500,6.65,6.517,-3.438,18.58,-0.010,-0.069,9.846,0.007,0.000,-0.010,-9.895,-0.125,0.029,0.010,0.015,0.019,0.000,0.000,0.000,0.00,15.0,OK
1787114194.573,FORWARD,2,174.00,163.57,-1.36,-0.23,1600,1500,6.60,6.517,-3.438,18.46,-0.010,-0.069,9.846,0.007,0.000,-0.010,-9.761,-0.039,0.056,0.010,0.023,0.026,0.000,0.000,0.000,0.00,15.0,OK
1787114194.623,FORWARD,2,174.00,163.57,-1.36,-0.23,1600,1500,6.55,6.517,-3.438,18.27,-0.010,-0.069,9.846,0.007,0.000,-0.010,-9.795,0.013,0.041,0.010,0.027,0.029,0.000,0.000,0.000,0.00,15.0,OK
1787114194.673,FORWARD,2,174.00,163.57,-1.36,-0.23,1600,1500,6.50,6.517,-3.438,18.27,-0.020,-0.029,9.865,0.031,0.027,-0.021,-9.833,-0.016,0.010,0.017,0.029,0.030,0.000,0.000,0.000,0.00,15.0,OK
1787114194.723,FORWARD,2,174.00,163.57,-1.36,-0.23,1600,1500,6.45,6.517,-3.438,18.00,-0.020,-0.029,9.865,0.031,0.027,-0.021,-9.784,-0.018,0.030,0.014,0.036,0.037,0.000,0.000,0.000,0.00,15.0,OK
1787114194.773,FORWARD,2,174.00,163.57,-1.36,-0.23,1600,1500,6.40,6.517,-3.438,17.63,-0.020,-0.029,9.865,0.031,0.027,-0.021,-9.893,-0.024,-0.033,0.019,0.040,0.035,0.000,0.000,0.000,0.00,15.0,OK
1787114194.823,FORWARD,2,174.00,163.57,-1.36,-0.23,1600,1500,6.35,6.517,-3.438,17.22,-0.020,-0.029,9.865,0.031,0.027,-0.021,-9.811,0.051,-0.023,0.022,0.046,0.023,0.000,0.000,0.000,0.00,15.0,OK
1787114194.874,FORWARD,2,174.00,163.57,-1.36,-0.23,1600,1500,6.30,6.517,-3.438,17.22,-0.020,-0.029,9.865,0.031,0.027,-0.021,-9.794,0.029,-0.059,0.025,0.048,0.027,0.000,0.000,0.000,0.00,15.0,OK
1787114194.923,FORWARD,2,173.00,163.57,-1.35,-0.23,1600,1500,6.25,6.518,-3.438,16.77,-0.069,0.010,9.816,0.029,0.051,-0.031,-9.809,-0.028,-0.114,0.027,0.052,0.018,0.000,0.000,0.000,0.00,15.0,OK
1787114194.973,FORWARD,2,173.00,163.57,-1.35,-0.23,1600,1500,6.20,6.518,-3.438,16.34,-0.069,0.010,9.816,0.029,0.051,-0.031,-9.797,0.068,-0.131,0.031,0.060,0.016,0.000,0.000,0.000,0.00,15.0,OK
1787114195.023,FORWARD,2,173.00,163.57,-1.35,-0.23,1600,1500,6.15,6.518,-3.438,15.93,-0.069,0.010,9.816,0.029,0.051,-0.031,-9.799,0.123,-0.212,0.027,0.062,0.003,0.000,0.000,0.000,0.00,15.0,OK
1787114195.073,FORWARD,2,173.00,163.57,-1.35,-0.23,1600,1500,6.10,6.518,-3.438,15.93,-0.069,0.010,9.816,0.029,0.051,-0.031,-9.794,0.015,-0.183,0.024,0.065,0.006,0.000,0.000,0.000,0.00,15.0,OK
1787114195.123,FORWARD,2,173.00,163.57,-1.35,-0.23,1600,1500,6.05,6.518,-3.438,15.55,-0.069,0.010,9.816,0.029,0.051,-0.031,-9.811,0.142,-0.238,0.024,0.067,0.014,0.000,0.000,0.000,0.00,15.0,OK
1787114195.172,FORWARD,2,173.00,163.57,-1.34,-0.23,1600,1500,6.00,6.487,-3.441,14.69,-0.206,0.098,9.846,0.009,0.064,-0.033,-9.804,0.154,-0.294,0.021,0.067,-0.003,0.000,0.000,0.000,0.00,15.2,OK
1787114195.223,FORWARD,2,173.00,163.57,-1.34,-0.23,1600,1500,5.95,6.487,-3.441,14.35,-0.206,0.098,9.846,0.009,0.064,-0.033,-9.830,0.029,-0.315,0.025,0.069,0.007,0.000,0.000,0.000,0.00,15.2,OK
1787114195.273,FORWARD,2,173.00,163.57,-1.34,-0.23,1600,1500,5.90,6.487,-3.441,14.35,-0.206,0.098,9.846,0.009,0.064,-0.033,-9.807,0.056,-0.361,0.018,0.067,0.015,0.000,0.000,0.000,0.00,15.2,OK
1787114195.323,FORWARD,2,173.00,163.57,-1.34,-0.23,1600,1500,5.85,6.487,-3.441,14.04,-0.206,0.098,9.846,0.009,0.064,-0.033,-9.833,0.096,-0.342,0.015,0.065,0.011,0.000,0.000,0.000,0.00,15.2,OK
1787114195.373,FORWARD,2,173.00,163.57,-1.34,-0.23,1600,1500,5.80,6.487,-3.441,13.67,-0.206,0.098,9.846,0.009,0.064,-0.033,-9.818,0.079,-0.473,0.015,0.066,0.013,0.000,0.000,0.000,0.00,15.2,OK
1787114195.423,FORWARD,2,173.00,163.57,-1.33,-0.23,1600,1500,5.75,6.487,-3.441,13.28,-0.235,0.147,9.777,0.015,0.067,-0.021,-9.821,0.094,-0.452,0.016,0.062,0.009,0.000,0.000,0.000,0.00,15.2,OK
1787114195.473,FORWARD,2,173.00,163.57,-1.33,-0.23,1600,1500,5.70,6.487,-3.441,13.28,-0.235,0.147,9.777,0.015,0.067,-0.021,-9.752,0.114,-0.456,0.008,0.062,0.021,0.000,0.000,0.000,0.00,15.2,OK
1787114195.523,FORWARD,2,173.00,163.57,-1.33,-0.23,1600,1500,5.65,6.487,-3.441,12.90,-0.235,0.147,9.777,0.015,0.067,-0.021,-9.833,0.132,-0.564,0.011,0.052,0.013,0.000,0.000,0.000,0.00,15.2,OK
1787114195.573,FORWARD,2,173.00,163.57,-1.33,-0.23,1600,1500,5.60,6.487,-3.441,12.55,-0.235,0.147,9.777,0.015,0.067,-0.021,-9.797,0.132,-0.538,0.002,0.049,0.013,0.000,0.000,0.000,0.00,15.2,OK
1787114195.623,FORWARD,2,173.00,163.57,-1.33,-0.23,1600,1500,5.55,6.484,-3.452,14.06,-0.235,0.147,9.777,0.015,0.067,-0.021,-9.842,0.139,-0.526,0.001,0.049,0.012,0.000,0.000,0.000,0.00,15.2,OK
1787114195.672,FORWARD,2,172.00,163.57,-1.32,-0.23,1600,1500,5.50,6.484,-3.452,14.06,-0.471,0.157,9.797,0.008,0.048,-0.012,-9.835,0.182,-0.576,0.004,0.040,0.003,0.000,0.000,0.000,0.00,15.2,OK
1787114195.723,FORWARD,2,172.00,163.57,-1.32,-0.23,1600,1500,5.45,6.483,-3.452,13.79,-0.471,0.157,9.797,0.008,0.048,-0.012,-9.744,0.133,-0.597,0.003,0.038,-0.018,0.000,0.000,0.000,0.00,15.2,OK
1787114195.773,FORWARD,2,172.00,163.57,-1.32,-0.23,1600,1500,5.40,6.483,-3.452,13.55,-0.471,0.157,9.797,0.008,0.048,-0.012,-9.849,0.139,-0.586,0.001,0.036,-0.002,0.000,0.000,0.000,0.00,15.2,OK
1787114195.823,FORWARD,2,172.00,163.57,-1.32,-0.23,1600,1500,5.35,6.483,-3.452,13.40,-0.471,0.157,9.797,0.008,0.048,-0.012,-9.725,0.126,-0.588,-0.002,0.030,-0.017,0.000,0.000,0.000,0.00,15.2,OK
1787114195.873,FORWARD,2,172.00,163.57,-1.32,-0.23,1600,1500,5.30,6.483,-3.452,13.40,-0.471,0.157,9.797,0.008,0.048,-0.012,-9.811,0.103,-0.672,0.002,0.028,-0.020,0.000,0.000,0.000,0.00,15.2,OK
1787114195.923,FORWARD,2,172.00,163.57,-1.31,-0.23,1600,1500,5.25,6.483,-3.452,13.30,-0.598,0.186,9.758,-0.019,0.025,-0.008,-9.828,0.094,-0.657,-0.004,0.017,-0.005,0.000,0.000,0.000,0.00,15.2,OK
1787114195.973,FORWARD,2,172.00,163.57,-1.31,-0.23,1600,1500,5.20,6.483,-3.452,13.27,-0.598,0.186,9.758,-0.019,0.025,-0.008,-9.744,0.097,-0.676,-0.003,0.007,-0.020,0.000,0.000,0.000,0.00,15.2,OK
1787114196.023,FORWARD,2,172.00,163.57,-1.31,-0.23,1600,1500,5.15,6.483,-3.452,13.27,-0.598,0.186,9.758,-0.019,0.025,-0.008,-9.823,0.015,-0.686,-0.006,0.003,-0.016,0.000,0.000,0.000,0.00,15.2,OK
1787114196.073,FORWARD,2,172.00,163.57,-1.31,-0.23,1600,1500,5.10,6.483,-3.452,13.27,-0.598,0.186,9.758,-0.019,0.025,-0.008,-9.756,0.063,-0.645,-0.005,-0.004,-0.020,0.000,0.000,0.000,0.00,15.2,OK
1787114196.122,FORWARD,2,172.00,163.57,-1.31,-0.23,1600,1500,5.05,6.483,-3.452,13.33,-0.598,0.186,9.758,-0.019,0.025,-0.008,-9.754,0.037,-0.672,-0.008,-0.010,-0.015,0.000,0.000,0.000,0.00,15.2,OK
1787114196.173,FORWARD,2,172.00,163.57,-1.30,-0.23,1600,1500,5.00,6.483,-3.452,13.41,-0.735,0.147,9.748,-0.012,-0.010,-0.003,-9.766,0.082,-0.645,-0.003,-0.016,-0.014,0.000,0.000,0.000,0.00,15.0,OK
1787114196.223,FORWARD,2,172.00,163.57,-1.30,-0.23,1600,1500,4.95,6.483,-3.452,13.53,-0.735,0.147,9.748,-0.012,-0.010,-0.003,-9.799,0.041,-0.607,-0.002,-0.024,-0.027,0.000,0.000,0.000,0.00,15.0,OK
1787114196.273,FORWARD,2,172.00,163.57,-1.30,-0.23,1600,1500,4.90,6.483,-3.452,13.53,-0.735,0.147,9.748,-0.012,-0.010,-0.003,-9.787,-0.014,-0.597,-0.002,-0.032,-0.017,0.000,0.000,0.000,0.00,15.0,OK
1787114196.322,FORWARD,2,172.00,163.57,-1.30,-0.23,1600,1500,4.85,6.483,-3.452,13.68,-0.735,0.147,9.748,-0.012,-0.010,-0.003,-9.761,0.016,-0.595,-0.006,-0.029,-0.027,0.000,0.000,0.000,0.00,15.0,OK
1787114196.373,FORWARD,2,172.00,163.57,-1.30,-0.23,1600,1500,4.80,6.483,-3.452,13.92,-0.735,0.147,9.748,-0.012,-0.010,-0.003,-9.730,-0.053,-0.566,-0.001,-0.037,-0.020,0.000,0.000,0.000,0.00,15.0,OK
1787114196.423,FORWARD,2,172.00,163.57,-1.30,-0.23,1600,1500,4.75,6.483,-3.452,14.17,-0.745,0.078,9.699,-0.017,-0.036,-0.002,-9.740,-0.068,-0.566,-0.005,-0.041,-0.023,0.000,0.000,0.000,0.00,15.0,OK
1787114196.473,FORWARD,2,172.00,163.57,-1.30,-0.23,1600,1500,4.70,6.483,-3.452,14.17,-0.745,0.078,9.699,-0.017,-0.036,-0.002,-9.785,-0.016,-0.542,-0.003,-0.041,-0.017,0.000,0.000,0.000,0.00,15.0,OK
1787114196.523,FORWARD,2,172.00,163.57,-1.30,-0.23,1600,1500,4.65,6.483,-3.452,14.44,-0.745,0.078,9.699,-0.017,-0.036,-0.002,-9.696,-0.063,-0.497,0.005,-0.051,-0.024,0.000,0.000,0.000,0.00,15.0,OK
1787114196.573,FORWARD,2,172.00,163.57,-1.30,-0.23,1600,1500,4.60,6.483,-3.452,14.73,-0.745,0.078,9.699,-0.017,-0.036,-0.002,-9.785,-0.069,-0.530,0.013,-0.054,-0.022,0.000,0.000,0.000,0.00,15.0,OK
1787114196.623,FORWARD,2,172.00,163.57,-1.30,-0.23,1600,1500,4.55,6.483,-3.452,15.08,-0.745,0.078,9.699,-0.017,-0.036,-0.002,-9.799,-0.088,-0.439,0.013,-0.061,-0.030,0.000,0.000,0.000,0.00,15.0,OK
1787114196.672,FORWARD,2,172.00,163.57,-1.30,-0.23,1600,1500,4.50,6.483,-3.452,15.08,-0.637,0.000,9.689,-0.026,-0.059,-0.017,-9.842,-0.062,-0.416,0.011,-0.062,-0.028,0.000,0.000,0.000,0.00,15.0,OK
1787114196.723,FORWARD,2,172.00,163.57,-1.30,-0.23,1600,1500,4.45,6.483,-3.452,15.49,-0.637,0.000,9.689,-0.026,-0.059,-0.017,-9.785,-0.064,-0.353,0.012,-0.064,-0.023,0.000,0.000,0.000,0.00,15.0,OK
1787114196.773,FORWARD,2,172.00,163.57,-1.30,-0.23,1600,1500,4.40,6.483,-3.452,15.94,-0.637,0.000,9.689,-0.026,-0.059,-0.017,-9.780,-0.040,-0.320,0.009,-0.066,-0.013,0.000,0.000,0.000,0.00,15.0,OK
1787114196.823,FORWARD,2,172.00,163.57,-1.30,-0.23,1600,1500,4.35,6.483,-3.452,15.94,-0.637,0.000,9.689,-0.026,-0.059,-0.017,-9.780,-0.042,-0.313,0.004,-0.066,-0.018,0.000,0.000,0.000,0.00,15.0,OK
1787114196.873,FORWARD,2,172.00,163.57,-1.30,-0.23,1600,1500,4.30,6.483,-3.452,16.41,-0.637,0.000,9.689,-0.026,-0.059,-0.017,-9.785,-0.064,-0.219,0.008,-0.068,0.002,0.000,0.000,0.000,0.00,15.0,OK
1787114196.923,FORWARD,2,172.00,163.57,-1.30,-0.23,1600,1500,4.25,6.483,-3.452,16.86,-0.490,-0.010,9.738,-0.002,-0.066,-0.014,-9.878,-0.084,-0.239,0.002,-0.067,-0.008,0.000,0.000,0.000,0.00,15.0,OK
1787114196.973,FORWARD,2,172.00,163.57,-1.30,-0.23,1600,1500,4.20,6.483,-3.452,17.25,-0.490,-0.010,9.738,-0.002,-0.066,-0.014,-9.821,-0.064,-0.148,0.001,-0.067,-0.008,0.000,0.000,0.000,0.00,15.0,OK
1787114197.023,FORWARD,2,172.00,163.57,-1.30,-0.23,1600,1500,4.15,6.483,-3.452,17.61,-0.490,-0.010,9.738,-0.002,-0.066,-0.014,-9.778,-0.071,-0.121,0.002,-0.071,0.006,0.000,0.000,0.000,0.00,15.0,OK
1787114197.073,FORWARD,2,172.00,163.57,-1.30,-0.23,1600,1500,4.10,6.483,-3.452,17.61,-0.490,-0.010,9.738,-0.002,-0.066,-0.014,-9.744,-0.068,-0.123,-0.007,-0.065,-0.007,0.000,0.000,0.000,0.00,15.0,OK
1787114197.122,FORWARD,2,172.00,163.57,-1.30,-0.23,1600,1500,4.05,6.483,-3.452,17.98,-0.490,-0.010,9.738,-0.002,-0.066,-0.014,-9.732,-0.128,-0.066,-0.003,-0.066,-0.015,0.000,0.000,0.000,0.00,15.0,OK
1787114197.173,FORWARD,2,172.00,163.57,-1.32,-0.23,1600,1500,4.00,6.483,-3.452,18.34,-0.324,-0.010,9.767,-0.007,-0.064,-0.000,-9.730,-0.118,0.008,-0.011,-0.062,-0.014,0.000,0.000,0.000,0.00,15.0,OK
1787114197.223,FORWARD,2,172.00,163.57,-1.32,-0.23,1600,1500,3.95,6.483,-3.452,18.74,-0.324,-0.010,9.767,-0.007,-0.064,-0.000,-9.775,-0.111,-0.035,-0.015,-0.057,-0.008,0.000,0.000,0.000,0.00,15.0,OK
1787114197.273,FORWARD,2,172.00,163.57,-1.32,-0.23,1600,1500,3.90,6.483,-3.452,18.74,-0.324,-0.010,9.767,-0.007,-0.064,-0.000,-9.785,-0.097,-0.009,-0.020,-0.048,-0.015,0.000,0.000,0.000,0.00,15.0,OK
1787114197.323,FORWARD,2,172.00,163.57,-1.32,-0.23,1600,1500,3.85,6.483,-3.452,19.09,-0.324,-0.010,9.767,-0.007,-0.064,-0.000,-9.821,-0.088,0.077,-0.016,-0.042,-0.003,0.000,0.000,0.000,0.00,15.0,OK
1787114197.373,FORWARD,2,172.00,163.57,-1.32,-0.23,1600,1500,3.80,6.482,-3.452,19.43,-0.324,-0.010,9.767,-0.007,-0.064,-0.000,-9.818,-0.071,0.053,-0.008,-0.040,0.001,0.000,0.000,0.000,0.00,15.0,OK
1787114197.423,FORWARD,2,172.00,163.57,-1.32,-0.23,1600,1500,3.75,6.482,-3.452,19.72,-0.147,-0.049,9.797,0.001,-0.037,0.006,-9.823,-0.105,0.058,-0.008,-0.035,0.005,0.000,0.000,0.000,0.00,15.0,OK
1787114197.473,FORWARD,2,172.00,163.57,-1.32,-0.23,1600,1500,3.70,6.482,-3.452,19.72,-0.147,-0.049,9.797,0.001,-0.037,0.006,-9.840,-0.127,0.094,-0.011,-0.031,-0.000,0.000,0.000,0.000,0.00,15.0,OK
1787114197.523,FORWARD,2,172.00,163.57,-1.32,-0.23,1600,1500,3.65,6.482,-3.452,19.92,-0.147,-0.049,9.797,0.001,-0.037,0.006,-9.871,-0.122,0.094,-0.011,-0.027,0.013,0.000,0.000,0.000,0.00,15.0,OK
1787114197.573,FORWARD,2,172.00,163.57,-1.32,-0.23,1600,1500,3.60,6.482,-3.452,20.07,-0.147,-0.049,9.797,0.001,-0.037,0.006,-9.852,-0.019,0.092,-0.005,-0.018,0.016,0.000,0.000,0.000,0.00,15.0,OK
1787114197.623,FORWARD,2,172.00,163.57,-1.32,-0.23,1600,1500,3.55,6.482,-3.452,20.07,-0.147,-0.049,9.797,0.001,-0.037,0.006,-9.804,-0.059,0.139,-0.009,-0.015,0.004,0.000,0.000,0.000,0.00,15.0,OK
1787114197.673,FORWARD,2,172.00,163.57,-1.33,-0.23,1600,1500,3.50,6.516,-3.466,24.93,-0.039,-0.020,9.807,0.005,-0.015,-0.001,-9.780,-0.111,0.154,-0.006,-0.007,0.006,0.000,0.000,0.000,0.00,15.0,OK
1787114197.723,FORWARD,2,172.00,163.57,-1.33,-0.23,1600,1500,3.45,6.506,-3.465,25.17,-0.039,-0.020,9.807,0.005,-0.015,-0.001,-9.759,-0.032,0.125,-0.007,-0.001,0.013,0.000,0.000,0.000,0.00,15.0,OK
1787114197.773,FORWARD,2,172.00,163.57,-1.33,-0.23,1600,1500,3.40,6.508,-3.465,25.04,-0.039,-0.020,9.807,0.005,-0.015,-0.001,-9.883,-0.134,0.096,-0.002,0.003,-0.006,0.000,0.000,0.000,0.00,15.0,OK
1787114197.823,FORWARD,2,172.00,163.57,-1.33,-0.23,1600,1500,3.35,6.508,-3.465,25.05,-0.039,-0.020,9.807,0.005,-0.015,-0.001,-9.821,-0.153,0.099,0.003,0.007,-0.008,0.000,0.000,0.000,0.00,15.0,OK
1787114197.873,FORWARD,2,172.00,163.57,-1.33,-0.23,1600,1500,3.30,6.508,-3.465,25.05,-0.039,-0.020,9.807,0.005,-0.015,-0.001,-9.842,-0.093,0.073,-0.001,0.011,-0.002,0.000,0.000,0.000,0.00,15.0,OK
1787114197.923,FORWARD,2,172.00,163.57,-1.34,-0.23,1600,1500,3.25,6.508,-3.465,25.06,0.020,-0.039,9.856,-0.001,0.010,-0.007,-9.799,-0.097,0.137,0.002,0.016,-0.019,0.000,0.000,0.000,0.00,15.0,OK
1787114197.973,FORWARD,2,172.00,163.57,-1.34,-0.23,1600,1500,3.20,6.508,-3.465,25.04,0.020,-0.039,9.856,-0.001,0.010,-0.007,-9.771,-0.123,0.085,0.001,0.024,-0.018,0.000,0.000,0.000,0.00,15.0,OK
1787114198.023,FORWARD,2,172.00,163.57,-1.34,-0.23,1600,1500,3.15,6.508,-3.465,25.02,0.020,-0.039,9.856,-0.001,0.010,-0.007,-9.871,-0.048,0.082,-0.001,0.024,0.004,0.000,0.000,0.000,0.00,15.0,OK
1787114198.073,FORWARD,2,172.00,163.57,-1.34,-0.23,1600,1500,3.10,6.508,-3.465,25.02,0.020,-0.039,9.856,-0.001,0.010,-0.007,-9.859,-0.079,0.051,-0.001,0.026,0.006,0.000,0.000,0.000,0.00,15.0,OK
1787114198.122,FORWARD,2,172.00,163.57,-1.34,-0.23,1600,1500,3.05,6.508,-3.465,24.97,0.020,-0.039,9.856,-0.001,0.010,-0.007,-9.816,-0.129,0.094,0.005,0.028,0.006,0.000,0.000,0.000,0.00,15.0,OK
1787114198.173,FORWARD,2,172.00,163.57,-1.33,-0.23,1600,1500,3.00,6.508,-3.465,24.80,0.059,-0.069,9.816,0.006,0.028,-0.012,-9.845,-0.057,-0.002,0.009,0.026,0.006,0.000,0.000,0.000,0.00,15.0,OK
1787114198.223,FORWARD,2,172.00,163.57,-1.33,-0.23,1600,1500,2.95,6.508,-3.465,24.61,0.059,-0.069,9.816,0.006,0.028,-0.012,-9.835,-0.117,0.037,0.003,0.023,0.000,0.000,0.000,0.000,0.00,15.2,OK
1787114198.273,FORWARD,2,172.00,163.57,-1.33,-0.23,1600,1500,2.90,6.508,-3.465,24.61,0.059,-0.069,9.816,0.006,0.028,-0.012,-9.854,-0.093,0.008,-0.001,0.024,0.008,0.000,0.000,0.000,0.00,15.2,OK
1787114198.323,FORWARD,2,172.00,163.57,-1.33,-0.23,1600,1500,2.85,6.508,-3.465,24.39,0.059,-0.069,9.816,0.006,0.028,-0.012,-9.878,-0.086,0.010,0.001,0.025,0.007,0.000,0.000,0.000,0.00,15.2,OK
1787114198.373,FORWARD,2,172.00,163.57,-1.33,-0.23,1600,1500,2.80,6.508,-3.466,24.23,0.059,-0.069,9.816,0.006,0.028,-0.012,-9.816,-0.071,-0.016,0.004,0.018,0.001,0.000,0.000,0.000,0.00,15.2,OK
1787114198.423,FORWARD,2,172.00,163.57,-1.33,-0.23,1600,1500,2.75,6.508,-3.466,24.04,-0.029,-0.069,9.816,0.005,0.017,-0.008,-9.892,-0.046,-0.045,-0.002,0.015,0.014,0.000,0.000,0.000,0.00,15.2,OK
1787114198.473,FORWARD,2,172.00,163.57,-1.33,-0.23,1600,1500,2.70,6.508,-3.466,24.04,-0.029,-0.069,9.816,0.005,0.017,-0.008,-9.828,-0.155,-0.025,-0.003,0.013,0.014,0.000,0.000,0.000,0.00,15.2,OK
1787114198.523,FORWARD,2,172.00,163.57,-1.33,-0.23,1600,1500,2.65,6.508,-3.466,23.89,-0.029,-0.069,9.816,0.005,0.017,-0.008,-9.866,-0.041,-0.021,-0.000,0.009,0.021,0.000,0.000,0.000,0.00,15.2,OK
1787114198.573,FORWARD,2,172.00,163.57,-1.33,-0.23,1600,1500,2.60,6.508,-3.466,23.71,-0.029,-0.069,9.816,0.005,0.017,-0.008,-9.782,-0.016,-0.033,-0.002,0.008,0.007,0.000,0.000,0.000,0.00,15.2,OK
1787114198.623,FORWARD,2,172.00,163.57,-1.33,-0.23,1600,1500,2.55,6.518,-3.458,24.04,-0.029,-0.069,9.816,0.005,0.017,-0.008,-9.821,-0.069,-0.016,-0.004,0.008,0.020,0.000,0.000,0.000,0.00,15.2,OK
1787114198.672,FORWARD,2,172.00,163.57,-1.32,-0.23,1600,1500,2.50,6.518,-3.458,24.04,-0.020,-0.010,9.826,0.022,0.010,-0.006,-9.850,0.026,0.013,-0.005,0.009,0.027,0.000,0.000,0.000,0.00,15.2,OK
1787114198.723,FORWARD,2,172.00,163.57,-1.32,-0.23,1600,1500,2.45,6.530,-3.467,26.24,-0.020,-0.010,9.826,0.022,0.010,-0.006,-9.852,0.002,-0.019,0.003,0.011,0.015,0.000,0.000,0.000,0.00,15.2,OK
1787114198.773,FORWARD,2,172.00,163.57,-1.32,-0.23,1600,1500,2.40,6.536,-3.474,28.86,-0.020,-0.010,9.826,0.022,0.010,-0.006,-9.809,-0.009,-0.081,-0.000,0.010,0.014,0.000,0.000,0.000,0.00,15.2,OK
1787114198.823,FORWARD,2,172.00,163.57,-1.32,-0.23,1600,1500,2.35,6.543,-3.478,31.17,-0.020,-0.010,9.826,0.022,0.010,-0.006,-9.849,-0.021,-0.045,-0.003,0.011,0.010,0.000,0.000,0.000,0.00,15.2,OK
1787114198.873,FORWARD,2,172.00,163.57,-1.32,-0.23,1600,1500,2.30,6.543,-3.478,31.17,-0.020,-0.010,9.826,0.022,0.010,-0.006,-9.852,0.002,-0.059,0.004,0.010,0.006,0.000,0.000,0.000,0.00,15.2,OK
1787114198.922,FORWARD,2,172.00,163.57,-1.32,-0.23,1600,1500,2.25,6.525,-3.477,23.33,-0.137,0.000,9.836,0.006,0.012,-0.007,-9.825,-0.033,-0.023,-0.000,0.006,-0.004,0.000,0.000,0.000,0.00,15.2,OK
1787114198.973,FORWARD,2,172.00,163.57,-1.32,-0.23,1600,1500,2.20,6.531,-3.464,23.22,-0.137,0.000,9.836,0.006,0.012,-0.007,-9.830,-0.040,-0.097,0.002,0.008,-0.012,0.000,0.000,0.000,0.00,15.2,OK
1787114199.023,FORWARD,2,172.00,163.57,-1.32,-0.23,1600,1500,2.15,6.524,-3.461,22.13,-0.137,0.000,9.836,0.006,0.012,-0.007,-9.821,0.034,-0.078,-0.003,0.006,-0.005,0.000,0.000,0.000,0.00,15.2,OK
1787114199.073,FORWARD,2,172.00,163.57,-1.32,-0.23,1600,1500,2.10,6.524,-3.461,22.13,-0.137,0.000,9.836,0.006,0.012,-0.007,-9.790,-0.030,-0.093,-0.001,0.008,-0.014,0.000,0.000,0.000,0.00,15.2,OK
1787114199.123,FORWARD,2,172.00,163.57,-1.32,-0.23,1600,1500,2.05,6.500,-3.450,25.58,-0.137,0.000,9.836,0.006,0.012,-0.007,-9.754,-0.056,-0.102,0.002,0.009,-0.024,0.000,0.000,0.000,0.00,15.2,OK
1787114199.172,FORWARD,2,172.00,163.57,-1.32,-0.23,1600,1500,2.00,6.500,-3.450,25.61,-0.216,0.020,9.826,-0.024,0.010,-0.008,-9.840,-0.007,-0.105,-0.004,0.010,-0.024,0.000,0.000,0.000,0.00,15.2,OK
1787114199.222,FORWARD,2,172.00,163.57,-1.32,-0.23,1600,1500,1.95,6.500,-3.450,25.67,-0.216,0.020,9.826,-0.024,0.010,-0.008,-9.880,-0.022,-0.109,-0.003,0.009,-0.016,0.000,0.000,0.000,0.00,15.2,OK
1787114199.272,FORWARD,2,172.00,163.57,-1.32,-0.23,1600,1500,1.90,6.500,-3.450,25.67,-0.216,0.020,9.826,-0.024,0.010,-0.008,-9.847,-0.067,-0.093,-0.004,0.010,-0.016,0.000,0.000,0.000,0.00,14.3,OK
1787114199.322,FORWARD,2,172.00,163.57,-1.32,-0.23,1600,1500,1.85,6.481,-3.354,7.02,-0.216,0.020,9.826,-0.024,0.010,-0.008,-9.818,-0.095,-0.126,-0.005,0.012,-0.016,0.000,0.000,0.000,0.00,14.3,OK
1787114199.372,FORWARD,2,172.00,163.57,-1.32,-0.23,1600,1500,1.80,6.470,-3.331,6.95,-0.216,0.020,9.826,-0.024,0.010,-0.008,-9.794,-0.107,-0.114,-0.005,0.005,-0.015,0.000,0.000,0.000,0.00,14.3,OK
1787114199.422,FORWARD,2,171.00,163.57,-1.31,-0.23,1600,1500,1.75,6.461,-3.334,7.15,-0.186,0.049,9.797,-0.009,0.008,-0.001,-9.842,-0.062,-0.131,-0.015,0.004,-0.001,0.000,0.000,0.000,0.00,14.3,OK
1787114199.473,FORWARD,2,171.00,163.57,-1.31,-0.23,1600,1500,1.70,6.461,-3.334,7.15,-0.186,0.049,9.797,-0.009,0.008,-0.001,-9.735,-0.068,-0.097,-0.016,0.004,0.003,0.000,0.000,0.000,0.00,14.3,OK
1787114199.523,FORWARD,2,171.00,163.57,-1.31,-0.23,1600,1500,1.65,6.461,-3.335,7.49,-0.186,0.049,9.797,-0.009,0.008,-0.001,-9.783,-0.116,-0.131,-0.014,-0.004,0.004,0.000,0.000,0.000,0.00,14.3,OK
1787114199.573,FORWARD,2,171.00,163.57,-1.31,-0.23,1600,1500,1.60,6.461,-3.335,7.45,-0.186,0.049,9.797,-0.009,0.008,-0.001,-9.845,0.003,-0.117,-0.014,-0.007,0.024,0.000,0.000,0.000,0.00,14.3,OK
1787114199.623,FORWARD,2,171.00,163.57,-1.31,-0.23,1600,1500,1.55,6.461,-3.335,7.40,-0.186,0.049,9.797,-0.009,0.008,-0.001,-9.768,-0.090,-0.095,-0.015,-0.011,0.010,0.000,0.000,0.000,0.00,14.3,OK
1787114199.673,FORWARD,2,172.00,163.57,-1.30,-0.23,1600,1500,1.50,6.461,-3.335,7.40,-0.167,0.000,9.777,0.007,-0.009,0.003,-9.821,-0.119,-0.069,-0.009,-0.010,-0.002,0.000,0.000,0.000,0.00,14.3,OK
1787114199.723,FORWARD,2,172.00,163.57,-1.30,-0.23,1600,1500,1.45,6.461,-3.335,7.31,-0.167,0.000,9.777,0.007,-0.009,0.003,-9.761,-0.044,-0.155,-0.004,-0.012,-0.000,0.000,0.000,0.000,0.00,14.3,OK
1787114199.773,FORWARD,2,172.00,163.57,-1.30,-0.23,1600,1500,1.40,6.461,-3.335,7.31,-0.167,0.000,9.777,0.007,-0.009,0.003,-9.792,-0.083,-0.018,-0.005,-0.011,-0.010,0.000,0.000,0.000,0.00,14.3,OK
1787114199.823,FORWARD,2,172.00,163.57,-1.30,-0.23,1600,1500,1.35,6.461,-3.335,7.36,-0.167,0.000,9.777,0.007,-0.009,0.003,-9.744,-0.104,-0.126,-0.003,-0.010,-0.007,0.000,0.000,0.000,0.00,14.3,OK
1787114199.873,FORWARD,2,172.00,163.57,-1.30,-0.23,1600,1500,1.30,6.461,-3.335,7.36,-0.167,0.000,9.777,0.007,-0.009,0.003,-9.773,-0.061,-0.047,-0.008,-0.012,-0.006,0.000,0.000,0.000,0.00,14.3,OK
1787114199.923,FORWARD,2,171.00,163.57,-1.31,-0.23,1600,1500,1.25,6.461,-3.335,7.49,-0.255,-0.049,9.777,-0.005,-0.010,-0.003,-9.728,-0.037,-0.035,-0.004,-0.012,-0.020,0.000,0.000,0.000,0.00,14.3,OK
1787114199.973,FORWARD,2,171.00,163.57,-1.31,-0.23,1600,1500,1.20,6.461,-3.335,7.60,-0.255,-0.049,9.777,-0.005,-0.010,-0.003,-9.861,-0.081,-0.112,-0.011,-0.013,-0.014,0.000,0.000,0.000,0.00,14.3,OK
1787114200.023,FORWARD,2,171.00,163.57,-1.31,-0.23,1600,1500,1.15,6.461,-3.335,7.76,-0.255,-0.049,9.777,-0.005,-0.010,-0.003,-9.795,-0.116,-0.040,-0.013,-0.011,-0.020,0.000,0.000,0.000,0.00,14.3,OK
1787114200.073,FORWARD,2,171.00,163.57,-1.31,-0.23,1600,1500,1.10,6.461,-3.335,7.76,-0.255,-0.049,9.777,-0.005,-0.010,-0.003,-9.780,-0.114,-0.028,-0.005,-0.013,-0.022,0.000,0.000,0.000,0.00,14.3,OK
1787114200.123,FORWARD,2,171.00,163.57,-1.31,-0.23,1600,1500,1.05,6.461,-3.335,7.94,-0.255,-0.049,9.777,-0.005,-0.010,-0.003,-9.792,-0.083,-0.078,-0.009,-0.012,-0.019,0.000,0.000,0.000,0.00,14.3,OK
1787114200.173,FORWARD,2,171.00,163.57,-1.31,-0.23,1600,1500,1.00,6.461,-3.335,8.16,-0.118,-0.059,9.787,-0.018,-0.009,-0.001,-9.818,-0.124,-0.026,-0.005,-0.012,-0.022,0.000,0.000,0.000,0.00,14.3,OK
1787114200.223,FORWARD,2,171.00,163.57,-1.31,-0.23,1600,1500,0.95,6.461,-3.335,8.16,-0.118,-0.059,9.787,-0.018,-0.009,-0.001,-9.825,-0.129,0.015,-0.008,-0.012,-0.012,0.000,0.000,0.000,0.00,14.3,OK
1787114200.272,FORWARD,2,171.00,163.57,-1.31,-0.23,1600,1500,0.90,6.461,-3.335,8.36,-0.118,-0.059,9.787,-0.018,-0.009,-0.001,-9.828,-0.134,-0.018,-0.009,-0.017,-0.017,0.000,0.000,0.000,0.00,15.0,OK
1787114200.322,FORWARD,2,171.00,163.57,-1.31,-0.23,1600,1500,0.85,6.461,-3.335,8.60,-0.118,-0.059,9.787,-0.018,-0.009,-0.001,-9.823,-0.165,-0.054,-0.011,-0.016,-0.024,0.000,0.000,0.000,0.00,15.0,OK
1787114200.373,FORWARD,2,171.00,163.57,-1.31,-0.23,1600,1500,0.80,6.461,-3.335,8.84,-0.118,-0.059,9.787,-0.018,-0.009,-0.001,-9.845,-0.141,-0.033,-0.009,-0.017,-0.002,0.000,0.000,0.000,0.00,15.0,OK
1787114200.422,FORWARD,2,171.00,163.57,-1.31,-0.23,1600,1500,0.75,6.461,-3.335,9.04,-0.186,-0.020,9.787,-0.004,-0.013,-0.005,-9.840,-0.162,0.027,-0.006,-0.016,-0.005,0.000,0.000,0.000,0.00,15.0,OK
1787114200.472,FORWARD,2,171.00,163.57,-1.31,-0.23,1600,1500,0.70,6.461,-3.335,9.04,-0.186,-0.020,9.787,-0.004,-0.013,-0.005,-9.778,-0.080,0.085,-0.011,-0.016,0.003,0.000,0.000,0.000,0.00,15.0,OK
1787114200.523,FORWARD,2,171.00,163.57,-1.31,-0.23,1600,1500,0.65,6.461,-3.335,9.16,-0.186,-0.020,9.787,-0.004,-0.013,-0.005,-9.830,-0.138,0.017,-0.008,-0.017,0.016,0.000,0.000,0.000,0.00,15.0,OK
1787114200.573,FORWARD,2,171.00,163.57,-1.31,-0.23,1600,1500,0.60,6.461,-3.335,9.25,-0.186,-0.020,9.787,-0.004,-0.013,-0.005,-9.814,-0.155,0.029,-0.014,-0.018,0.015,0.000,0.000,0.000,0.00,15.0,OK
1787114200.622,FORWARD,2,171.00,163.57,-1.31,-0.23,1600,1500,0.55,6.461,-3.335,9.25,-0.186,-0.020,9.787,-0.004,-0.013,-0.005,-9.763,-0.157,0.063,-0.008,-0.019,0.014,0.000,0.000,0.000,0.00,15.0,OK
1787114200.673,FORWARD,2,171.00,163.57,-1.31,-0.23,1600,1500,0.50,6.461,-3.335,9.31,-0.098,-0.098,9.767,0.017,-0.018,-0.002,-9.842,-0.079,-0.006,-0.010,-0.019,0.017,0.000,0.000,0.000,0.00,15.0,OK
1787114200.723,FORWARD,2,171.00,163.57,-1.31,-0.23,1600,1500,0.45,6.461,-3.335,9.28,-0.098,-0.098,9.767,0.017,-0.018,-0.002,-9.854,-0.160,0.111,-0.006,-0.019,0.028,0.000,0.000,0.000,0.00,15.0,OK
1787114200.773,FORWARD,2,171.00,163.57,-1.31,-0.23,1600,1500,0.40,6.461,-3.335,9.27,-0.098,-0.098,9.767,0.017,-0.018,-0.002,-9.770,-0.181,0.070,-0.008,-0.017,0.003,0.000,0.000,0.000,0.00,15.0,OK
1787114200.823,FORWARD,2,171.00,163.57,-1.31,-0.23,1600,1500,0.35,6.461,-3.335,9.27,-0.098,-0.098,9.767,0.017,-0.018,-0.002,-9.826,-0.129,0.068,-0.001,-0.019,-0.002,0.000,0.000,0.000,0.00,15.0,OK
1787114200.873,FORWARD,2,171.00,163.57,-1.31,-0.23,1600,1500,0.30,6.461,-3.334,9.23,-0.098,-0.098,9.767,0.017,-0.018,-0.002,-9.785,-0.085,0.070,-0.006,-0.018,-0.011,0.000,0.000,0.000,0.00,15.0,OK
1787114200.922,FORWARD,2,171.00,163.57,-1.31,-0.23,1600,1500,0.25,6.461,-3.334,9.29,-0.069,-0.039,9.807,-0.009,-0.018,-0.000,-9.802,-0.078,0.128,-0.009,-0.016,-0.014,0.000,0.000,0.000,0.00,15.0,OK
1787114200.972,FORWARD,2,171.00,163.57,-1.31,-0.23,1600,1500,0.20,6.460,-3.334,9.44,-0.069,-0.039,9.807,-0.009,-0.018,-0.000,-9.833,-0.112,0.111,-0.011,-0.019,-0.013,0.000,0.000,0.000,0.00,15.0,OK
1787114201.022,FORWARD,2,171.00,163.57,-1.31,-0.23,1600,1500,0.15,6.460,-3.334,9.44,-0.069,-0.039,9.807,-0.009,-0.018,-0.000,-9.785,-0.174,0.135,-0.007,-0.016,-0.029,0.000,0.000,0.000,0.00,15.0,OK
1787114201.072,FORWARD,2,171.00,163.57,-1.31,-0.23,1600,1500,0.10,6.460,-3.334,9.65,-0.069,-0.039,9.807,-0.009,-0.018,-0.000,-9.792,-0.193,0.080,-0.007,-0.013,-0.044,0.000,0.000,0.000,0.00,15.0,OK
1787114201.123,FORWARD,2,171.00,163.57,-1.31,-0.23,1600,1500,0.05,6.460,-3.334,9.92,-0.069,-0.039,9.807,-0.009,-0.018,-0.000,-9.821,-0.239,0.099,-0.007,-0.013,-0.022,0.000,0.000,0.000,0.00,15.0,OK
1787114201.173,FORWARD,2,171.00,163.57,-1.31,-0.23,1600,1500,0.00,6.460,-3.334,10.23,0.049,-0.088,9.767,-0.016,-0.012,-0.003,-9.677,-0.330,0.145,-0.006,-0.008,-0.028,0.000,0.000,0.000,0.00,15.0,OK
1787114201.223,ROTATING,3,171.00,-106.43,-1.31,-0.23,1500,1500,0.00,6.456,-3.332,10.79,0.049,-0.088,9.767,-0.016,-0.012,-0.003,-9.825,-0.406,-0.425,0.009,-0.005,-0.018,0.000,0.000,0.000,0.00,15.0,OK
1787114201.273,ROTATING,3,171.00,-106.43,-1.31,-0.23,1500,1300,0.00,6.456,-3.332,10.79,0.049,-0.088,9.767,-0.016,-0.012,-0.003,-9.861,-0.299,-0.110,0.030,-0.012,-0.014,0.000,0.000,0.000,0.00,15.0,OK
1787114201.323,ROTATING,3,171.00,-106.43,-1.31,-0.23,1500,1300,0.00,6.431,-3.314,7.72,0.049,-0.088,9.767,-0.016,-0.012,-0.003,-9.873,0.213,-0.318,0.001,-0.019,-0.010,0.000,0.000,0.000,0.00,15.0,OK
1787114201.373,ROTATING,3,171.00,-106.43,-1.31,-0.23,1500,1300,0.00,6.431,-3.312,7.77,0.049,-0.088,9.767,-0.016,-0.012,-0.003,-9.928,0.564,-0.160,-0.100,-0.030,0.008,0.000,0.000,0.000,0.00,15.0,OK
1787114201.422,ROTATING,3,171.00,-106.43,-1.31,-0.23,1500,1300,0.00,6.431,-3.312,7.77,0.049,-0.177,9.797,0.004,-0.025,0.097,-9.928,0.253,-0.040,-0.184,-0.037,0.016,0.000,0.000,0.000,0.00,15.0,OK
1787114201.472,ROTATING,3,171.00,-106.43,-1.31,-0.23,1500,1300,0.00,6.425,-3.300,8.52,0.049,-0.177,9.797,0.004,-0.025,0.097,-9.916,0.284,-0.062,-0.260,-0.048,0.022,0.000,0.000,0.000,0.00,15.0,OK
1787114201.523,ROTATING,3,171.00,-106.43,-1.31,-0.23,1500,1300,0.00,6.431,-3.304,7.75,0.049,-0.177,9.797,0.004,-0.025,0.097,-9.921,0.358,0.058,-0.338,-0.057,0.010,0.000,0.000,0.000,0.00,15.0,OK
1787114201.573,ROTATING,3,171.00,-106.43,-1.31,-0.23,1500,1300,0.00,6.572,-3.306,13.08,0.049,-0.177,9.797,0.004,-0.025,0.097,-9.847,0.270,0.108,-0.401,-0.068,0.010,0.000,0.000,0.000,0.00,15.0,OK
1787114201.622,ROTATING,3,171.00,-106.43,-1.31,-0.23,1500,1300,0.00,6.572,-3.306,13.08,0.049,-0.177,9.797,0.004,-0.025,0.097,-9.981,0.374,0.170,-0.483,-0.074,-0.002,0.000,0.000,0.000,0.00,15.0,OK
1787114201.673,ROTATING,3,176.00,-106.43,-1.31,-0.23,1500,1300,0.00,6.519,-3.325,17.47,-0.255,-0.147,9.797,-0.008,-0.067,0.479,-9.740,0.281,0.252,-0.573,-0.078,0.003,0.000,0.000,0.000,0.00,15.0,OK
1787114201.723,ROTATING,3,176.00,-106.43,-1.31,-0.23,1500,1300,0.00,6.518,-3.324,17.64,-0.255,-0.147,9.797,-0.008,-0.067,0.479,-9.758,0.130,0.097,-0.636,-0.077,0.012,0.000,0.000,0.000,0.00,15.0,OK
1787114201.773,ROTATING,3,176.00,-106.43,-1.31,-0.23,1500,1300,0.00,6.516,-3.323,17.88,-0.255,-0.147,9.797,-0.008,-0.067,0.479,-9.852,0.057,0.161,-0.680,-0.069,0.010,0.000,0.000,0.000,0.00,15.0,OK
1787114201.823,ROTATING,3,176.00,-106.43,-1.31,-0.23,1500,1300,0.00,6.501,-3.329,12.32,-0.255,-0.147,9.797,-0.008,-0.067,0.479,-9.706,-0.089,0.070,-0.719,-0.070,0.010,0.000,0.000,0.000,0.00,15.0,OK
1787114201.872,ROTATING,3,176.00,-106.43,-1.31,-0.23,1500,1300,0.00,6.501,-3.329,12.32,-0.255,-0.147,9.797,-0.008,-0.067,0.479,-9.866,-0.084,0.139,-0.745,-0.059,0.039,0.000,0.000,0.000,0.00,15.0,OK
1787114201.922,ROTATING,3,-175.00,-106.43,-1.32,-0.23,1500,1300,0.00,6.477,-3.329,15.02,0.177,-0.245,9.856,0.019,-0.047,0.754,-9.756,-0.224,0.188,-0.762,-0.047,0.028,0.000,0.000,0.000,0.00,15.0,OK
1787114201.973,ROTATING,3,-175.00,-106.43,-1.32,-0.23,1500,1300,0.00,6.503,-3.359,16.07,0.177,-0.245,9.856,0.019,-0.047,0.754,-9.735,-0.144,0.188,-0.782,-0.040,0.024,0.000,0.000,0.000,0.00,15.0,OK
1787114202.023,ROTATING,3,-175.00,-106.43,-1.32,-0.23,1500,1300,0.00,6.507,-3.394,15.70,0.177,-0.245,9.856,0.019,-0.047,0.754,-9.775,-0.071,0.137,-0.798,-0.033,0.040,0.000,0.000,0.000,0.00,15.0,OK
1787114202.073,ROTATING,3,-175.00,-106.43,-1.32,-0.23,1500,1300,0.00,6.507,-3.394,15.70,0.177,-0.245,9.856,0.019,-0.047,0.754,-9.778,-0.243,0.183,-0.815,-0.029,0.023,0.000,0.000,0.000,0.00,15.0,OK
1787114202.123,ROTATING,3,-175.00,-106.43,-1.32,-0.23,1500,1300,0.00,6.488,-3.383,17.50,0.177,-0.245,9.856,0.019,-0.047,0.754,-9.675,-0.223,0.233,-0.831,-0.016,0.016,0.000,0.000,0.000,0.00,15.0,OK
1787114202.173,ROTATING,3,-163.00,-106.43,-1.31,-0.23,1500,1300,0.00,6.489,-3.409,13.24,0.255,-0.206,9.807,-0.003,-0.003,0.844,-9.682,-0.270,-0.016,-0.847,-0.016,0.015,0.000,0.000,0.000,0.00,15.0,OK
1787114202.223,ROTATING,3,-163.00,-106.43,-1.31,-0.23,1500,1302,0.00,6.455,-3.429,11.73,0.255,-0.206,9.807,-0.003,-0.003,0.844,-9.828,-0.191,0.051,-0.858,-0.003,0.034,0.000,0.000,0.000,0.00,15.0,OK
1787114202.273,ROTATING,3,-163.00,-106.43,-1.31,-0.23,1500,1302,0.00,6.455,-3.429,11.73,0.255,-0.206,9.807,-0.003,-0.003,0.844,-9.814,-0.368,0.137,-0.865,-0.004,0.057,0.000,0.000,0.000,0.00,15.0,OK
1787114202.322,ROTATING,3,-163.00,-106.43,-1.31,-0.23,1500,1302,0.00,6.458,-3.419,10.79,0.255,-0.206,9.807,-0.003,-0.003,0.844,-9.923,-0.197,0.127,-0.876,0.003,0.050,0.000,0.000,0.000,0.00,15.0,OK
1787114202.372,ROTATING,3,-163.00,-106.43,-1.31,-0.23,1500,1302,0.00,6.463,-3.455,9.32,0.255,-0.206,9.807,-0.003,-0.003,0.844,-9.680,-0.323,0.018,-0.879,0.006,0.045,0.000,0.000,0.000,0.00,15.0,OK
1787114202.422,ROTATING,3,-151.00,-106.43,-1.31,-0.23,1500,1302,0.00,6.470,-3.449,7.14,0.235,-0.294,9.767,0.035,0.016,0.895,-9.821,-0.184,-0.047,-0.889,0.009,0.068,0.000,0.000,0.000,0.00,15.0,OK
1787114202.473,ROTATING,3,-151.00,-106.43,-1.31,-0.23,1500,1344,0.00,6.470,-3.449,7.14,0.235,-0.294,9.767,0.035,0.016,0.895,-9.907,-0.453,0.055,-0.890,0.004,0.041,0.000,0.000,0.000,0.00,15.0,OK
1787114202.522,ROTATING,3,-151.00,-106.43,-1.31,-0.23,1500,1344,0.00,6.477,-3.462,-0.39,0.235,-0.294,9.767,0.035,0.016,0.895,-9.814,-0.452,-0.064,-0.867,0.008,0.031,0.000,0.000,0.000,0.00,15.0,OK
1787114202.573,ROTATING,3,-151.00,-106.43,-1.31,-0.23,1500,1344,0.00,6.478,-3.453,-2.71,0.235,-0.294,9.767,0.035,0.016,0.895,-9.847,-0.344,0.022,-0.861,-0.000,0.050,0.000,0.000,0.000,0.00,15.0,OK
1787114202.623,ROTATING,3,-151.00,-106.43,-1.31,-0.23,1500,1344,0.00,6.469,-3.479,-6.88,0.235,-0.294,9.767,0.035,0.016,0.895,-9.859,-0.385,-0.148,-0.847,-0.008,0.056,0.000,0.000,0.000,0.00,15.0,OK
1787114202.673,ROTATING,3,-138.00,-106.43,-1.30,-0.23,1500,1344,0.00,6.469,-3.479,-6.88,0.333,-0.255,9.767,0.047,0.006,0.859,-9.930,-0.314,-0.047,-0.845,-0.010,0.077,0.000,0.000,0.000,0.00,15.0,OK
1787114202.723,ROTATING,3,-138.00,-106.43,-1.30,-0.23,1500,1389,0.00,6.465,-3.474,-7.70,0.333,-0.255,9.767,0.047,0.006,0.859,-9.675,-0.395,-0.080,-0.840,-0.014,0.045,0.000,0.000,0.000,0.00,15.0,OK
1787114202.772,ROTATING,3,-138.00,-106.43,-1.30,-0.23,1500,1389,0.00,6.461,-3.475,-8.75,0.333,-0.255,9.767,0.047,0.006,0.859,-9.849,-0.442,-0.117,-0.812,-0.012,0.062,0.000,0.000,0.000,0.00,15.0,OK
1787114202.823,ROTATING,3,-138.00,-106.43,-1.30,-0.23,1500,1389,0.00,6.461,-3.475,-8.75,0.333,-0.255,9.767,0.047,0.006,0.859,-9.864,-0.400,0.017,-0.796,-0.013,0.046,0.000,0.000,0.000,0.00,15.0,OK
1787114202.873,ROTATING,3,-138.00,-106.43,-1.30,-0.23,1500,1389,0.00,6.458,-3.477,-9.75,0.333,-0.255,9.767,0.047,0.006,0.859,-9.725,-0.364,-0.045,-0.777,-0.008,0.016,0.000,0.000,0.000,0.00,15.0,OK
1787114202.923,ROTATING,3,-126.00,-106.43,-1.29,-0.23,1500,1389,0.00,6.455,-3.478,-10.57,0.137,-0.196,9.748,0.015,0.003,0.787,-9.861,-0.395,-0.083,-0.760,-0.011,0.037,0.000,0.000,0.000,0.00,15.0,OK
1787114202.973,ROTATING,3,-126.00,-106.43,-1.29,-0.23,1500,1431,0.00,6.453,-3.479,-11.17,0.137,-0.196,9.748,0.015,0.003,0.787,-9.745,-0.410,-0.078,-0.747,-0.006,0.021,0.000,0.000,0.000,0.00,15.0,OK
1787114203.023,ROTATING,3,-126.00,-106.43,-1.29,-0.23,1500,1431,0.00,6.453,-3.479,-11.17,0.137,-0.196,9.748,0.015,0.003,0.787,-9.751,-0.525,-0.066,-0.710,0.000,0.028,0.000,0.000,0.000,0.00,15.0,OK
1787114203.074,ROTATING,3,-126.00,-106.43,-1.29,-0.23,1500,1431,0.00,6.477,-3.513,-8.26,0.137,-0.196,9.748,0.015,0.003,0.787,-9.801,-0.394,0.003,-0.695,0.000,0.031,0.000,0.000,0.000,0.00,15.0,OK
1787114203.122,ROTATING,3,-126.00,-106.43,-1.29,-0.23,1500,1431,0.00,6.496,-3.537,-7.58,0.137,-0.196,9.748,0.015,0.003,0.787,-9.773,-0.346,-0.102,-0.666,-0.003,0.029,0.000,0.000,0.000,0.00,15.0,OK
1787114203.172,ROTATING,3,-116.00,-106.43,-1.29,-0.23,1500,1431,0.00,6.495,-3.538,-7.12,0.078,-0.147,9.748,0.011,0.008,0.677,-9.880,-0.280,0.017,-0.657,-0.005,0.028,0.000,0.000,0.000,0.00,15.0,OK
1787114203.222,FORWARD,3,-116.00,-106.43,-1.29,-0.23,1500,1431,9.95,6.493,-3.539,-7.43,0.078,-0.147,9.748,0.011,0.008,0.677,-9.795,-0.336,-0.023,-0.642,-0.012,0.017,0.000,0.000,0.000,0.00,15.0,OK
1787114203.272,FORWARD,3,-116.00,-106.43,-1.29,-0.23,1600,1500,9.90,6.493,-3.539,-7.43,0.078,-0.147,9.748,0.011,0.008,0.677,-9.887,0.009,0.580,-0.660,-0.011,0.019,0.000,0.000,0.000,0.00,15.0,OK
1787114203.322,FORWARD,3,-116.00,-106.43,-1.29,-0.23,1600,1500,9.85,6.491,-3.541,-7.75,0.078,-0.147,9.748,0.011,0.008,0.677,-9.802,-0.236,0.278,-0.622,-0.009,0.003,0.000,0.000,0.000,0.00,15.2,OK
1787114203.373,FORWARD,3,-116.00,-106.43,-1.29,-0.23,1600,1500,9.80,6.489,-3.543,-8.06,0.078,-0.147,9.748,0.011,0.008,0.677,-9.758,-0.389,0.176,-0.610,-0.008,0.009,0.000,0.000,0.000,0.00,15.2,OK
1787114203.422,FORWARD,3,-106.00,-106.43,-1.28,-0.23,1600,1500,9.75,6.487,-3.545,-8.27,0.000,-0.118,9.787,-0.003,0.003,0.615,-9.768,-0.293,0.169,-0.587,0.006,0.001,0.000,0.000,0.000,0.00,15.2,OK
1787114203.473,FORWARD,3,-106.00,-106.43,-1.28,-0.23,1600,1500,9.70,6.487,-3.545,-8.27,0.000,-0.118,9.787,-0.003,0.003,0.615,-9.706,-0.335,0.049,-0.569,0.015,-0.024,0.000,0.000,0.000,0.00,15.2,OK
1787114203.523,FORWARD,3,-106.00,-106.43,-1.28,-0.23,1600,1500,9.65,6.485,-3.547,-8.36,0.000,-0.118,9.787,-0.003,0.003,0.615,-9.806,-0.420,0.030,-0.550,0.025,-0.040,0.000,0.000,0.000,0.00,15.2,OK
1787114203.573,FORWARD,3,-106.00,-106.43,-1.28,-0.23,1600,1500,9.60,6.484,-3.548,-8.23,0.000,-0.118,9.787,-0.003,0.003,0.615,-9.730,-0.749,-0.057,-0.495,0.031,-0.072,0.000,0.000,0.000,0.00,15.2,OK
1787114203.623,FORWARD,3,-106.00,-106.43,-1.28,-0.23,1600,1500,9.55,6.482,-3.550,-7.83,0.000,-0.118,9.787,-0.003,0.003,0.615,-9.766,-0.824,-0.013,-0.432,0.038,-0.065,0.000,0.000,0.000,0.00,15.2,OK
1787114203.673,FORWARD,3,-98.00,-106.43,-1.28,-0.23,1600,1500,9.50,6.482,-3.550,-7.83,0.284,-0.118,9.777,-0.077,0.044,0.429,-9.773,-0.774,0.015,-0.371,0.037,-0.050,0.000,0.000,0.000,0.00,15.2,OK
1787114203.723,FORWARD,3,-98.00,-106.43,-1.28,-0.23,1600,1500,9.45,6.481,-3.552,-7.24,0.284,-0.118,9.777,-0.077,0.044,0.429,-9.828,-0.822,-0.018,-0.297,0.040,-0.047,0.000,0.000,0.000,0.00,15.2,OK
1787114203.772,FORWARD,3,-98.00,-106.43,-1.28,-0.23,1600,1500,9.40,6.480,-3.553,-6.59,0.284,-0.118,9.777,-0.077,0.044,0.429,-9.756,-0.936,0.022,-0.240,0.044,-0.032,0.000,0.000,0.000,0.00,15.2,OK
1787114203.823,FORWARD,3,-98.00,-106.43,-1.28,-0.23,1600,1500,9.35,6.479,-3.554,-5.94,0.284,-0.118,9.777,-0.077,0.044,0.429,-9.735,-1.092,0.025,-0.148,0.046,-0.028,0.000,0.000,0.000,0.00,15.2,OK
1787114203.872,FORWARD,3,-98.00,-106.43,-1.28,-0.23,1600,1500,9.30,6.479,-3.554,-5.94,0.284,-0.118,9.777,-0.077,0.044,0.429,-9.825,-0.921,-0.014,-0.072,0.045,-0.014,0.000,0.000,0.000,0.00,15.2,OK
1787114203.922,FORWARD,3,-95.00,-106.43,-1.28,-0.23,1600,1500,9.25,6.514,-3.517,-16.01,-0.098,-0.245,9.748,-0.010,0.049,0.062,-9.787,-0.851,0.010,-0.018,0.037,-0.008,0.000,0.000,0.000,0.00,15.2,OK
1787114203.973,FORWARD,3,-95.00,-106.43,-1.28,-0.23,1600,1500,9.20,6.500,-3.533,-10.41,-0.098,-0.245,9.748,-0.010,0.049,0.062,-9.809,-0.695,-0.092,0.024,0.035,-0.003,0.000,0.000,0.000,0.00,15.2,OK
1787114204.023,FORWARD,3,-95.00,-106.43,-1.28,-0.23,1600,1500,9.15,6.499,-3.538,-11.04,-0.098,-0.245,9.748,-0.010,0.049,0.062,-9.778,-0.571,-0.093,0.054,0.026,0.012,0.000,0.000,0.000,0.00,15.2,OK
1787114204.072,FORWARD,3,-95.00,-106.43,-1.28,-0.23,1600,1500,9.10,6.499,-3.538,-11.04,-0.098,-0.245,9.748,-0.010,0.049,0.062,-9.799,-0.566,-0.152,0.067,0.023,0.029,0.000,0.000,0.000,0.00,15.2,OK
1787114204.123,FORWARD,3,-95.00,-106.43,-1.28,-0.23,1600,1500,9.05,6.501,-3.544,-10.79,-0.098,-0.245,9.748,-0.010,0.049,0.062,-9.856,-0.474,-0.217,0.065,0.022,0.026,0.000,0.000,0.000,0.00,15.2,OK
1787114204.173,FORWARD,3,-95.00,-106.43,-1.28,-0.23,1600,1500,9.00,6.505,-3.549,-10.90,-0.167,-0.451,9.758,0.030,0.023,-0.077,-9.859,-0.380,-0.198,0.064,0.016,0.031,0.000,0.000,0.000,0.00,15.2,OK
1787114204.223,FORWARD,3,-95.00,-106.43,-1.28,-0.23,1600,1500,8.95,6.505,-3.550,-10.61,-0.167,-0.451,9.758,0.030,0.023,-0.077,-9.785,-0.301,-0.284,0.056,0.015,0.029,0.000,0.000,0.000,0.00,15.2,OK
1787114204.273,FORWARD,3,-95.00,-106.43,-1.28,-0.23,1600,1500,8.90,6.505,-3.550,-10.61,-0.167,-0.451,9.758,0.030,0.023,-0.077,-9.799,-0.346,-0.215,0.056,0.014,0.016,0.000,0.000,0.000,0.00,15.2,OK
1787114204.323,FORWARD,3,-95.00,-106.43,-1.28,-0.23,1600,1500,8.85,6.505,-3.550,-10.47,-0.167,-0.451,9.758,0.030,0.023,-0.077,-9.826,-0.378,-0.224,0.051,0.014,0.014,0.000,0.000,0.000,0.00,15.0,OK
1787114204.373,FORWARD,3,-95.00,-106.43,-1.28,-0.23,1600,1500,8.80,6.506,-3.549,-10.33,-0.167,-0.451,9.758,0.030,0.023,-0.077,-9.847,-0.344,-0.244,0.051,0.016,0.013,0.000,0.000,0.000,0.00,15.0,OK
1787114204.422,FORWARD,3,-96.00,-106.43,-1.28,-0.23,1600,1500,8.75,6.506,-3.549,-10.18,-0.304,-0.382,9.777,0.016,0.014,-0.058,-9.759,-0.360,-0.277,0.047,0.014,0.010,0.000,0.000,0.000,0.00,15.0,OK
1787114204.473,FORWARD,3,-96.00,-106.43,-1.28,-0.23,1600,1500,8.70,6.506,-3.549,-10.18,-0.304,-0.382,9.777,0.016,0.014,-0.058,-9.818,-0.330,-0.262,0.043,0.008,0.011,0.000,0.000,0.000,0.00,15.0,OK
1787114204.523,FORWARD,3,-96.00,-106.43,-1.28,-0.23,1600,1500,8.65,6.506,-3.549,-10.04,-0.304,-0.382,9.777,0.016,0.014,-0.058,-9.847,-0.328,-0.265,0.037,0.002,0.013,0.000,0.000,0.000,0.00,15.0,OK
1787114204.573,FORWARD,3,-96.00,-106.43,-1.28,-0.23,1600,1500,8.60,6.507,-3.544,-12.48,-0.304,-0.382,9.777,0.016,0.014,-0.058,-9.811,-0.308,-0.200,0.029,-0.003,0.010,0.000,0.000,0.000,0.00,15.0,OK
1787114204.623,FORWARD,3,-96.00,-106.43,-1.28,-0.23,1600,1500,8.55,6.506,-3.544,-12.61,-0.304,-0.382,9.777,0.016,0.014,-0.058,-9.823,-0.306,-0.322,0.032,-0.008,-0.005,0.000,0.000,0.000,0.00,15.0,OK
1787114204.673,FORWARD,3,-96.00,-106.43,-1.28,-0.23,1600,1500,8.50,6.506,-3.544,-12.61,-0.294,-0.363,9.758,-0.000,-0.008,-0.038,-9.845,-0.359,-0.272,0.025,-0.012,-0.003,0.000,0.000,0.000,0.00,15.0,OK
1787114204.723,FORWARD,3,-96.00,-106.43,-1.28,-0.23,1600,1500,8.45,6.507,-3.544,-12.68,-0.294,-0.363,9.758,-0.000,-0.008,-0.038,-9.809,-0.346,-0.253,0.018,-0.017,-0.004,0.000,0.000,0.000,0.00,15.0,OK
1787114204.773,FORWARD,3,-96.00,-106.43,-1.28,-0.23,1600,1500,8.40,6.507,-3.544,-12.82,-0.294,-0.363,9.758,-0.000,-0.008,-0.038,-9.804,-0.327,-0.234,0.013,-0.020,-0.017,0.000,0.000,0.000,0.00,15.0,OK
1787114204.822,FORWARD,3,-96.00,-106.43,-1.28,-0.23,1600,1500,8.35,6.507,-3.544,-13.03,-0.294,-0.363,9.758,-0.000,-0.008,-0.038,-9.835,-0.359,-0.200,0.014,-0.023,-0.025,0.000,0.000,0.000,0.00,15.0,OK
1787114204.874,FORWARD,3,-96.00,-106.43,-1.28,-0.23,1600,1500,8.30,6.507,-3.544,-13.03,-0.294,-0.363,9.758,-0.000,-0.008,-0.038,-9.792,-0.310,-0.164,0.005,-0.021,-0.039,0.000,0.000,0.000,0.00,15.0,OK
1787114204.923,FORWARD,3,-96.00,-106.43,-1.28,-0.23,1600,1500,8.25,6.507,-3.544,-13.26,-0.343,-0.294,9.787,-0.039,-0.022,-0.014,-9.766,-0.441,-0.198,0.007,-0.019,-0.051,0.000,0.000,0.000,0.00,15.0,OK
1787114204.973,FORWARD,3,-96.00,-106.43,-1.28,-0.23,1600,1500,8.20,6.507,-3.544,-13.51,-0.343,-0.294,9.787,-0.039,-0.022,-0.014,-9.835,-0.404,-0.186,0.007,-0.020,-0.041,0.000,0.000,0.000,0.00,15.0,OK
1787114205.023,FORWARD,3,-96.00,-106.43,-1.28,-0.23,1600,1500,8.15,6.506,-3.544,-13.73,-0.343,-0.294,9.787,-0.039,-0.022,-0.014,-9.720,-0.467,-0.155,0.011,-0.016,-0.033,0.000,0.000,0.000,0.00,15.0,OK
1787114205.073,FORWARD,3,-96.00,-106.43,-1.28,-0.23,1600,1500,8.10,6.506,-3.544,-13.73,-0.343,-0.294,9.787,-0.039,-0.022,-0.014,-9.771,-0.482,-0.157,0.022,-0.018,-0.041,0.000,0.000,0.000,0.00,15.0,OK
1787114205.123,FORWARD,3,-96.00,-106.43,-1.28,-0.23,1600,1500,8.05,6.506,-3.544,-13.94,-0.343,-0.294,9.787,-0.039,-0.022,-0.014,-9.797,-0.561,-0.164,0.024,-0.020,-0.023,0.000,0.000,0.000,0.00,15.0,OK
1787114205.173,FORWARD,3,-96.00,-106.43,-1.30,-0.23,1600,1500,8.00,6.506,-3.544,-14.13,-0.255,-0.333,9.807,-0.023,-0.019,-0.028,-9.813,-0.497,-0.131,0.018,-0.025,-0.011,0.000,0.000,0.000,0.00,15.0,OK
1787114205.223,FORWARD,3,-96.00,-106.43,-1.30,-0.23,1600,1500,7.95,6.506,-3.544,-14.35,-0.255,-0.333,9.807,-0.023,-0.019,-0.028,-9.909,-0.419,-0.119,0.019,-0.028,-0.007,0.000,0.000,0.000,0.00,15.0,OK
1787114205.272,FORWARD,3,-96.00,-106.43,-1.30,-0.23,1600,1500,7.90,6.506,-3.544,-14.35,-0.255,-0.333,9.807,-0.023,-0.019,-0.028,-9.835,-0.495,-0.090,0.019,-0.032,0.008,0.000,0.000,0.000,0.00,15.0,OK
1787114205.323,FORWARD,3,-96.00,-106.43,-1.30,-0.23,1600,1500,7.85,6.506,-3.544,-14.70,-0.255,-0.333,9.807,-0.023,-0.019,-0.028,-9.756,-0.563,-0.069,0.023,-0.033,0.018,0.000,0.000,0.000,0.00,15.0,OK
1787114205.373,FORWARD,3,-96.00,-106.43,-1.30,-0.23,1600,1500,7.80,6.506,-3.544,-15.13,-0.255,-0.333,9.807,-0.023,-0.019,-0.028,-9.823,-0.480,-0.054,0.026,-0.035,0.023,0.000,0.000,0.000,0.00,15.0,OK
1787114205.422,FORWARD,3,-97.00,-106.43,-1.29,-0.23,1600,1500,7.75,6.507,-3.544,-15.60,-0.333,-0.461,9.758,0.028,-0.034,-0.033,-9.804,-0.406,-0.085,0.027,-0.036,0.022,0.000,0.000,0.000,0.00,15.0,OK
1787114205.473,FORWARD,3,-97.00,-106.43,-1.29,-0.23,1600,1500,7.70,6.507,-3.544,-15.60,-0.333,-0.461,9.758,0.028,-0.034,-0.033,-9.785,-0.487,-0.016,0.023,-0.035,0.019,0.000,0.000,0.000,0.00,15.0,OK
1787114205.523,FORWARD,3,-97.00,-106.43,-1.29,-0.23,1600,1500,7.65,6.507,-3.544,-16.11,-0.333,-0.461,9.758,0.028,-0.034,-0.033,-9.806,-0.437,-0.009,0.027,-0.042,0.019,0.000,0.000,0.000,0.00,15.0,OK
1787114205.573,FORWARD,3,-97.00,-106.43,-1.29,-0.23,1600,1500,7.60,6.507,-3.544,-16.65,-0.333,-0.461,9.758,0.028,-0.034,-0.033,-9.818,-0.377,0.032,0.023,-0.045,0.024,0.000,0.000,0.000,0.00,15.0,OK
1787114205.624,FORWARD,3,-97.00,-106.43,-1.29,-0.23,1600,1500,7.55,6.507,-3.544,-17.23,-0.333,-0.461,9.758,0.028,-0.034,-0.033,-9.828,-0.428,0.053,0.029,-0.043,0.019,0.000,0.000,0.000,0.00,15.0,OK
1787114205.672,FORWARD,3,-97.00,-106.43,-1.30,-0.23,1600,1500,7.50,6.507,-3.544,-17.23,-0.098,-0.402,9.787,0.027,-0.042,-0.032,-9.837,-0.351,0.108,0.021,-0.046,0.021,0.000,0.000,0.000,0.00,15.0,OK
1787114205.723,FORWARD,3,-97.00,-106.43,-1.30,-0.23,1600,1500,7.45,6.507,-3.543,-17.84,-0.098,-0.402,9.787,0.027,-0.042,-0.032,-9.823,-0.421,0.130,0.026,-0.047,0.011,0.000,0.000,0.000,0.00,15.0,OK
1787114205.773,FORWARD,3,-97.00,-106.43,-1.30,-0.23,1600,1500,7.40,6.507,-3.543,-18.46,-0.098,-0.402,9.787,0.027,-0.042,-0.032,-9.797,-0.380,0.070,0.020,-0.041,0.013,0.000,0.000,0.000,0.00,15.0,OK
1787114205.823,FORWARD,3,-97.00,-106.43,-1.30,-0.23,1600,1500,7.35,6.507,-3.543,-19.11,-0.098,-0.402,9.787,0.027,-0.042,-0.032,-9.840,-0.354,0.180,0.018,-0.044,0.003,0.000,0.000,0.000,0.00,15.0,OK
1787114205.874,FORWARD,3,-97.00,-106.43,-1.30,-0.23,1600,1500,7.30,6.507,-3.543,-19.11,-0.098,-0.402,9.787,0.027,-0.042,-0.032,-9.809,-0.310,0.166,0.021,-0.040,0.002,0.000,0.000,0.000,0.00,15.0,OK
1787114205.923,FORWARD,3,-97.00,-106.43,-1.31,-0.23,1600,1500,7.25,6.507,-3.543,-19.73,-0.020,-0.333,9.797,0.006,-0.040,-0.030,-9.761,-0.420,0.264,0.027,-0.039,-0.009,0.000,0.000,0.000,0.00,15.0,OK
1787114205.974,FORWARD,3,-97.00,-106.43,-1.31,-0.23,1600,1500,7.20,6.507,-3.543,-20.32,-0.020,-0.333,9.797,0.006,-0.040,-0.030,-9.852,-0.392,0.202,0.024,-0.040,0.006,0.000,0.000,0.000,0.00,15.0,OK
1787114206.023,FORWARD,3,-97.00,-106.43,-1.31,-0.23,1600,1500,7.15,6.507,-3.543,-20.85,-0.020,-0.333,9.797,0.006,-0.040,-0.030,-9.849,-0.371,0.230,0.028,-0.037,-0.009,0.000,0.000,0.000,0.00,15.0,OK
1787114206.073,FORWARD,3,-97.00,-106.43,-1.31,-0.23,1600,1500,7.10,6.507,-3.543,-20.85,-0.020,-0.333,9.797,0.006,-0.040,-0.030,-9.778,-0.398,0.257,0.024,-0.030,-0.004,0.000,0.000,0.000,0.00,15.0,OK
1787114206.123,FORWARD,3,-97.00,-106.43,-1.31,-0.23,1600,1500,7.05,6.507,-3.543,-21.34,-0.020,-0.333,9.797,0.006,-0.040,-0.030,-9.806,-0.389,0.295,0.023,-0.025,-0.000,0.000,0.000,0.000,0.00,15.0,OK
1787114206.173,FORWARD,3,-97.00,-106.43,-1.31,-0.23,1600,1500,7.00,6.507,-3.543,-21.78,0.127,-0.314,9.797,-0.002,-0.023,-0.033,-9.856,-0.337,0.257,0.029,-0.023,-0.004,0.000,0.000,0.000,0.00,15.0,OK
1787114206.222,FORWARD,3,-97.00,-106.43,-1.31,-0.23,1600,1500,6.95,6.507,-3.543,-21.78,0.127,-0.314,9.797,-0.002,-0.023,-0.033,-9.752,-0.391,0.298,0.023,-0.020,0.003,0.000,0.000,0.000,0.00,15.0,OK
1787114206.272,FORWARD,3,-97.00,-106.43,-1.31,-0.23,1600,1500,6.90,6.507,-3.543,-22.15,0.127,-0.314,9.797,-0.002,-0.023,-0.033,-9.763,-0.465,0.300,0.028,-0.015,-0.000,0.000,0.000,0.000,0.00,15.0,OK
1787114206.323,FORWARD,3,-97.00,-106.43,-1.31,-0.23,1600,1500,6.85,6.507,-3.543,-22.48,0.127,-0.314,9.797,-0.002,-0.023,-0.033,-9.785,-0.370,0.317,0.022,-0.013,0.003,0.000,0.000,0.000,0.00,15.0,OK
1787114206.373,FORWARD,3,-97.00,-106.43,-1.31,-0.23,1600,1500,6.80,6.508,-3.543,-22.74,0.127,-0.314,9.797,-0.002,-0.023,-0.033,-9.797,-0.420,0.317,0.021,-0.004,0.001,0.000,0.000,0.000,0.00,15.0,OK
1787114206.423,FORWARD,3,-98.00,-106.43,-1.31,-0.23,1600,1500,6.75,6.508,-3.543,-22.90,0.147,-0.333,9.816,0.003,-0.004,-0.028,-9.802,-0.349,0.333,0.025,0.001,-0.001,0.000,0.000,0.000,0.00,15.0,OK
1787114206.473,FORWARD,3,-98.00,-106.43,-1.31,-0.23,1600,1500,6.70,6.508,-3.543,-22.90,0.147,-0.333,9.816,0.003,-0.004,-0.028,-9.818,-0.411,0.333,0.016,0.005,0.001,0.000,0.000,0.000,0.00,15.0,OK
1787114206.523,FORWARD,3,-98.00,-106.43,-1.31,-0.23,1600,1500,6.65,6.518,-3.537,-26.60,0.147,-0.333,9.816,0.003,-0.004,-0.028,-9.809,-0.310,0.300,0.017,0.012,-0.002,0.000,0.000,0.000,0.00,15.0,OK
1787114206.573,FORWARD,3,-98.00,-106.43,-1.31,-0.23,1600,1500,6.60,6.518,-3.537,-26.57,0.147,-0.333,9.816,0.003,-0.004,-0.028,-9.764,-0.382,0.345,0.015,0.019,-0.017,0.000,0.000,0.000,0.00,15.0,OK
1787114206.623,FORWARD,3,-98.00,-106.43,-1.31,-0.23,1600,1500,6.55,6.518,-3.537,-26.57,0.147,-0.333,9.816,0.003,-0.004,-0.028,-9.816,-0.349,0.242,0.020,0.024,-0.012,0.000,0.000,0.000,0.00,15.0,OK
1787114206.673,FORWARD,3,-98.00,-106.43,-1.31,-0.23,1600,1500,6.50,6.530,-3.516,-35.38,0.216,-0.324,9.816,-0.015,0.027,-0.024,-9.752,-0.424,0.293,0.016,0.027,-0.021,0.000,0.000,0.000,0.00,15.0,OK
1787114206.723,FORWARD,3,-98.00,-106.43,-1.31,-0.23,1600,1500,6.45,6.530,-3.516,-35.35,0.216,-0.324,9.816,-0.015,0.027,-0.024,-9.795,-0.494,0.276,0.018,0.030,-0.020,0.000,0.000,0.000,0.00,15.0,OK
1787114206.774,FORWARD,3,-98.00,-106.43,-1.31,-0.23,1600,1500,6.40,6.530,-3.516,-35.06,0.216,-0.324,9.816,-0.015,0.027,-0.024,-9.840,-0.461,0.259,0.021,0.032,-0.016,0.000,0.000,0.000,0.00,15.0,OK
1787114206.823,FORWARD,3,-98.00,-106.43,-1.31,-0.23,1600,1500,6.35,6.530,-3.516,-34.72,0.216,-0.324,9.816,-0.015,0.027,-0.024,-9.878,-0.455,0.211,0.022,0.034,-0.008,0.000,0.000,0.000,0.00,15.0,OK
1787114206.873,FORWARD,3,-98.00,-106.43,-1.31,-0.23,1600,1500,6.30,6.530,-3.516,-34.72,0.216,-0.324,9.816,-0.015,0.027,-0.024,-9.797,-0.521,0.216,0.021,0.038,-0.010,0.000,0.000,0.000,0.00,15.0,OK
1787114206.923,FORWARD,3,-98.00,-106.43,-1.32,-0.23,1600,1500,6.25,6.530,-3.516,-34.32,0.226,-0.324,9.797,-0.007,0.036,-0.031,-9.830,-0.490,0.171,0.023,0.035,0.004,0.000,0.000,0.000,0.00,15.0,OK
1787114206.973,FORWARD,3,-98.00,-106.43,-1.32,-0.23,1600,1500,6.20,6.530,-3.516,-33.87,0.226,-0.324,9.797,-0.007,0.036,-0.031,-9.897,-0.338,0.123,0.020,0.038,0.008,0.000,0.000,0.000,0.00,15.0,OK
1787114207.023,FORWARD,3,-98.00,-106.43,-1.32,-0.23,1600,1500,6.15,6.530,-3.516,-33.38,0.226,-0.324,9.797,-0.007,0.036,-0.031,-9.828,-0.445,0.132,0.027,0.039,0.004,0.000,0.000,0.000,0.00,15.0,OK
1787114207.073,FORWARD,3,-98.00,-106.43,-1.32,-0.23,1600,1500,6.10,6.530,-3.516,-33.38,0.226,-0.324,9.797,-0.007,0.036,-0.031,-9.833,-0.425,0.144,0.019,0.040,0.013,0.000,0.000,0.000,0.00,15.0,OK
1787114207.122,FORWARD,3,-98.00,-106.43,-1.32,-0.23,1600,1500,6.05,6.526,-3.519,-33.00,0.226,-0.324,9.797,-0.007,0.036,-0.031,-9.833,-0.390,0.037,0.019,0.039,0.018,0.000,0.000,0.000,0.00,15.0,OK
1787114207.173,FORWARD,3,-98.00,-106.43,-1.31,-0.23,1600,1500,6.00,6.525,-3.521,-32.59,0.118,-0.412,9.816,0.018,0.043,-0.027,-9.773,-0.453,0.046,0.021,0.044,0.019,0.000,0.000,0.000,0.00,15.0,OK
1787114207.223,FORWARD,3,-98.00,-106.43,-1.31,-0.23,1600,1500,5.95,6.521,-3.520,-32.23,0.118,-0.412,9.816,0.018,0.043,-0.027,-9.823,-0.428,0.037,0.020,0.045,0.025,0.000,0.000,0.000,0.00,15.0,OK
1787114207.273,FORWARD,3,-98.00,-106.43,-1.31,-0.23,1600,1500,5.90,6.521,-3.520,-32.23,0.118,-0.412,9.816,0.018,0.043,-0.027,-9.823,-0.363,0.053,0.022,0.046,0.012,0.000,0.000,0.000,0.00,15.0,OK
1787114207.323,FORWARD,3,-98.00,-106.43,-1.31,-0.23,1600,1500,5.85,6.526,-3.523,-33.57,0.118,-0.412,9.816,0.018,0.043,-0.027,-9.766,-0.331,0.006,0.017,0.048,0.003,0.000,0.000,0.000,0.00,15.0,OK
1787114207.373,FORWARD,3,-98.00,-106.43,-1.31,-0.23,1600,1500,5.80,6.526,-3.529,-33.01,0.118,-0.412,9.816,0.018,0.043,-0.027,-9.823,-0.279,-0.018,0.017,0.045,0.013,0.000,0.000,0.000,0.00,15.2,OK
1787114207.423,FORWARD,3,-98.00,-106.43,-1.30,-0.23,1600,1500,5.75,6.526,-3.529,-33.01,0.000,-0.343,9.807,0.014,0.045,-0.023,-9.880,-0.328,-0.035,0.012,0.043,0.009,0.000,0.000,0.000,0.00,15.2,OK
1787114207.473,FORWARD,3,-98.00,-106.43,-1.30,-0.23,1600,1500,5.70,6.526,-3.529,-32.33,0.000,-0.343,9.807,0.014,0.045,-0.023,-9.845,-0.392,-0.023,0.014,0.039,0.028,0.000,0.000,0.000,0.00,15.2,OK
1787114207.523,FORWARD,3,-98.00,-106.43,-1.30,-0.23,1600,1500,5.65,6.526,-3.529,-31.67,0.000,-0.343,9.807,0.014,0.045,-0.023,-9.761,-0.362,-0.088,0.007,0.039,0.014,0.000,0.000,0.000,0.00,15.2,OK
1787114207.573,FORWARD,3,-98.00,-106.43,-1.30,-0.23,1600,1500,5.60,6.526,-3.529,-31.03,0.000,-0.343,9.807,0.014,0.045,-0.023,-9.797,-0.351,-0.088,0.009,0.032,0.006,0.000,0.000,0.000,0.00,15.2,OK
1787114207.623,FORWARD,3,-98.00,-106.43,-1.30,-0.23,1600,1500,5.55,6.527,-3.529,-30.46,0.000,-0.343,9.807,0.014,0.045,-0.023,-9.873,-0.326,-0.121,0.014,0.028,0.007,0.000,0.000,0.000,0.00,15.2,OK
1787114207.673,FORWARD,3,-99.00,-106.43,-1.29,-0.23,1600,1500,5.50,6.527,-3.529,-30.46,-0.078,-0.324,9.758,0.007,0.031,-0.016,-9.811,-0.375,-0.107,0.009,0.027,0.007,0.000,0.000,0.000,0.00,15.2,OK
1787114207.723,FORWARD,3,-99.00,-106.43,-1.29,-0.23,1600,1500,5.45,6.527,-3.529,-29.98,-0.078,-0.324,9.758,0.007,0.031,-0.016,-9.747,-0.343,-0.152,0.009,0.028,-0.008,0.000,0.000,0.000,0.00,15.2,OK
1787114207.773,FORWARD,3,-99.00,-106.43,-1.29,-0.23,1600,1500,5.40,6.527,-3.529,-29.56,-0.078,-0.324,9.758,0.007,0.031,-0.016,-9.861,-0.347,-0.176,0.016,0.028,-0.011,0.000,0.000,0.000,0.00,15.2,OK
1787114207.823,FORWARD,3,-99.00,-106.43,-1.29,-0.23,1600,1500,5.35,6.527,-3.529,-29.14,-0.078,-0.324,9.758,0.007,0.031,-0.016,-9.725,-0.379,-0.109,0.018,0.027,-0.011,0.000,0.000,0.000,0.00,15.2,OK
1787114207.873,FORWARD,3,-99.00,-106.43,-1.29,-0.23,1600,1500,5.30,6.527,-3.529,-29.14,-0.078,-0.324,9.758,0.007,0.031,-0.016,-9.825,-0.344,-0.155,0.010,0.028,-0.006,0.000,0.000,0.000,0.00,15.2,OK
1787114207.923,FORWARD,3,-99.00,-106.43,-1.29,-0.23,1600,1500,5.25,6.527,-3.528,-28.76,-0.177,-0.333,9.777,-0.009,0.029,-0.019,-9.806,-0.353,-0.234,0.015,0.026,-0.006,0.000,0.000,0.000,0.00,15.2,OK
1787114207.973,FORWARD,3,-99.00,-106.43,-1.29,-0.23,1600,1500,5.20,6.527,-3.528,-28.37,-0.177,-0.333,9.777,-0.009,0.029,-0.019,-9.823,-0.375,-0.193,0.013,0.023,-0.014,0.000,0.000,0.000,0.00,15.2,OK
1787114208.023,FORWARD,3,-99.00,-106.43,-1.29,-0.23,1600,1500,5.15,6.527,-3.528,-28.00,-0.177,-0.333,9.777,-0.009,0.029,-0.019,-9.797,-0.389,-0.203,0.017,0.023,-0.018,0.000,0.000,0.000,0.00,15.2,OK
1787114208.073,FORWARD,3,-99.00,-106.43,-1.29,-0.23,1600,1500,5.10,6.527,-3.528,-28.00,-0.177,-0.333,9.777,-0.009,0.029,-0.019,-9.849,-0.411,-0.227,0.018,0.016,-0.014,0.000,0.000,0.000,0.00,15.2,OK
1787114208.123,FORWARD,3,-99.00,-106.43,-1.29,-0.23,1600,1500,5.05,6.527,-3.528,-27.68,-0.177,-0.333,9.777,-0.009,0.029,-0.019,-9.814,-0.382,-0.251,0.015,0.015,-0.001,0.000,0.000,0.000,0.00,15.2,OK
1787114208.172,FORWARD,3,-99.00,-106.43,-1.29,-0.23,1600,1500,5.00,6.522,-3.531,-27.92,-0.275,-0.304,9.777,-0.003,0.017,-0.019,-9.883,-0.414,-0.260,0.014,0.006,0.003,0.000,0.000,0.000,0.00,15.2,OK
1787114208.223,FORWARD,3,-99.00,-106.43,-1.29,-0.23,1600,1500,4.95,6.522,-3.531,-27.73,-0.275,-0.304,9.777,-0.003,0.017,-0.019,-9.809,-0.437,-0.215,0.018,0.004,0.010,0.000,0.000,0.000,0.00,15.2,OK
1787114208.273,FORWARD,3,-99.00,-106.43,-1.29,-0.23,1600,1500,4.90,6.522,-3.531,-27.73,-0.275,-0.304,9.777,-0.003,0.017,-0.019,-9.785,-0.329,-0.246,0.015,0.001,-0.004,0.000,0.000,0.000,0.00,15.2,OK
1787114208.323,FORWARD,3,-99.00,-106.43,-1.29,-0.23,1600,1500,4.85,6.522,-3.531,-27.58,-0.275,-0.304,9.777,-0.003,0.017,-0.019,-9.833,-0.406,-0.306,0.019,-0.007,-0.005,0.000,0.000,0.000,0.00,15.2,OK
1787114208.373,FORWARD,3,-99.00,-106.43,-1.29,-0.23,1600,1500,4.80,6.522,-3.531,-27.53,-0.275,-0.304,9.777,-0.003,0.017,-0.019,-9.732,-0.441,-0.174,0.026,-0.003,0.004,0.000,0.000,0.000,0.00,15.2,OK
1787114208.423,FORWARD,3,-99.00,-106.43,-1.29,-0.23,1600,1500,4.75,6.522,-3.531,-27.53,-0.314,-0.324,9.767,0.003,-0.006,-0.028,-9.861,-0.352,-0.267,0.020,-0.007,-0.009,0.000,0.000,0.000,0.00,14.3,OK
1787114208.474,FORWARD,3,-99.00,-106.43,-1.29,-0.23,1600,1500,4.70,6.522,-3.531,-27.59,-0.314,-0.324,9.767,0.003,-0.006,-0.028,-9.861,-0.361,-0.239,0.022,-0.013,-0.014,0.000,0.000,0.000,0.00,14.3,OK
1787114208.523,FORWARD,3,-99.00,-106.43,-1.29,-0.23,1600,1500,4.65,6.522,-3.530,-27.69,-0.314,-0.324,9.767,0.003,-0.006,-0.028,-9.778,-0.410,-0.169,0.018,-0.020,-0.021,0.000,0.000,0.000,0.00,14.3,OK
1787114208.573,FORWARD,3,-99.00,-106.43,-1.29,-0.23,1600,1500,4.60,6.522,-3.530,-27.87,-0.314,-0.324,9.767,0.003,-0.006,-0.028,-9.821,-0.377,-0.162,0.015,-0.027,-0.010,0.000,0.000,0.000,0.00,14.3,OK
1787114208.623,FORWARD,3,-99.00,-106.43,-1.29,-0.23,1600,1500,4.55,6.522,-3.530,-28.16,-0.314,-0.324,9.767,0.003,-0.006,-0.028,-9.833,-0.361,-0.172,0.017,-0.025,-0.013,0.000,0.000,0.000,0.00,14.3,OK
1787114208.673,FORWARD,3,-99.00,-106.43,-1.28,-0.23,1600,1500,4.50,6.522,-3.530,-28.16,-0.245,-0.314,9.767,-0.016,-0.024,-0.025,-9.756,-0.453,-0.157,0.020,-0.025,-0.011,0.000,0.000,0.000,0.00,14.3,OK
1787114208.723,FORWARD,3,-99.00,-106.43,-1.28,-0.23,1600,1500,4.45,6.522,-3.530,-28.52,-0.245,-0.314,9.767,-0.016,-0.024,-0.025,-9.787,-0.437,-0.152,0.019,-0.028,-0.000,0.000,0.000,0.000,0.00,14.3,OK
1787114208.773,FORWARD,3,-99.00,-106.43,-1.28,-0.23,1600,1500,4.40,6.522,-3.530,-28.93,-0.245,-0.314,9.767,-0.016,-0.024,-0.025,-9.747,-0.484,-0.095,0.017,-0.030,-0.010,0.000,0.000,0.000,0.00,14.3,OK
1787114208.823,FORWARD,3,-99.00,-106.43,-1.28,-0.23,1600,1500,4.35,6.522,-3.530,-29.34,-0.245,-0.314,9.767,-0.016,-0.024,-0.025,-9.788,-0.408,-0.102,0.017,-0.028,-0.007,0.000,0.000,0.000,0.00,14.3,OK
1787114208.872,FORWARD,3,-99.00,-106.43,-1.28,-0.23,1600,1500,4.30,6.522,-3.530,-29.34,-0.245,-0.314,9.767,-0.016,-0.024,-0.025,-9.809,-0.413,-0.040,0.015,-0.030,0.018,0.000,0.000,0.000,0.00,14.3,OK
1787114208.923,FORWARD,3,-99.00,-106.43,-1.28,-0.23,1600,1500,4.25,6.522,-3.530,-29.79,-0.235,-0.333,9.738,0.016,-0.025,-0.022,-9.747,-0.520,-0.066,0.015,-0.026,0.013,0.000,0.000,0.000,0.00,14.3,OK
1787114208.973,FORWARD,3,-99.00,-106.43,-1.28,-0.23,1600,1500,4.20,6.522,-3.530,-30.19,-0.235,-0.333,9.738,0.016,-0.025,-0.022,-9.825,-0.425,-0.064,0.019,-0.026,0.024,0.000,0.000,0.000,0.00,14.3,OK
1787114209.023,FORWARD,3,-99.00,-106.43,-1.28,-0.23,1600,1500,4.15,6.522,-3.530,-30.58,-0.235,-0.333,9.738,0.016,-0.025,-0.022,-9.814,-0.365,-0.076,0.020,-0.029,0.009,0.000,0.000,0.000,0.00,14.3,OK
1787114209.073,FORWARD,3,-99.00,-106.43,-1.28,-0.23,1600,1500,4.10,6.522,-3.530,-30.58,-0.235,-0.333,9.738,0.016,-0.025,-0.022,-9.816,-0.428,-0.037,0.017,-0.031,0.006,0.000,0.000,0.000,0.00,14.3,OK
1787114209.123,FORWARD,3,-99.00,-106.43,-1.28,-0.23,1600,1500,4.05,6.522,-3.530,-30.96,-0.235,-0.333,9.738,0.016,-0.025,-0.022,-9.740,-0.396,-0.023,0.015,-0.032,-0.006,0.000,0.000,0.000,0.00,14.3,OK
1787114209.173,FORWARD,3,-99.00,-106.43,-1.29,-0.23,1600,1500,4.00,6.522,-3.530,-31.38,-0.196,-0.392,9.777,-0.005,-0.030,-0.019,-9.866,-0.380,0.025,0.014,-0.031,-0.016,0.000,0.000,0.000,0.00,14.3,OK
1787114209.223,FORWARD,3,-99.00,-106.43,-1.29,-0.23,1600,1500,3.95,6.522,-3.530,-31.84,-0.196,-0.392,9.777,-0.005,-0.030,-0.019,-9.692,-0.493,-0.018,0.018,-0.030,-0.015,0.000,0.000,0.000,0.00,14.3,OK
1787114209.273,FORWARD,3,-99.00,-106.43,-1.29,-0.23,1600,1500,3.90,6.522,-3.530,-31.84,-0.196,-0.392,9.777,-0.005,-0.030,-0.019,-9.744,-0.491,0.020,0.016,-0.027,-0.016,0.000,0.000,0.000,0.00,14.3,OK
1787114209.322,FORWARD,3,-99.00,-106.43,-1.29,-0.23,1600,1500,3.85,6.522,-3.530,-32.35,-0.196,-0.392,9.777,-0.005,-0.030,-0.019,-9.792,-0.444,0.075,0.019,-0.027,-0.009,0.000,0.000,0.000,0.00,14.3,OK
1787114209.372,FORWARD,3,-99.00,-106.43,-1.29,-0.23,1600,1500,3.80,6.513,-3.549,-28.68,-0.196,-0.392,9.777,-0.005,-0.030,-0.019,-9.809,-0.432,0.077,0.010,-0.024,-0.005,0.000,0.000,0.000,0.00,14.3,OK
1787114209.422,FORWARD,3,-99.00,-106.43,-1.29,-0.23,1600,1500,3.75,6.498,-3.563,-25.97,-0.118,-0.294,9.807,-0.004,-0.025,-0.019,-9.759,-0.425,0.128,0.004,-0.025,-0.008,0.000,0.000,0.000,0.00,14.3,OK
1787114209.472,FORWARD,3,-99.00,-106.43,-1.29,-0.23,1600,1500,3.70,6.498,-3.563,-25.97,-0.118,-0.294,9.807,-0.004,-0.025,-0.019,-9.835,-0.488,0.106,0.014,-0.019,0.005,0.000,0.000,0.000,0.00,15.2,OK
1787114209.522,FORWARD,3,-99.00,-106.43,-1.29,-0.23,1600,1500,3.65,6.506,-3.555,-28.49,-0.118,-0.294,9.807,-0.004,-0.025,-0.019,-9.804,-0.418,0.113,0.015,-0.017,-0.000,0.000,0.000,0.000,0.00,15.2,OK
1787114209.573,FORWARD,3,-99.00,-106.43,-1.29,-0.23,1600,1500,3.60,6.503,-3.558,-29.97,-0.118,-0.294,9.807,-0.004,-0.025,-0.019,-9.823,-0.397,0.058,0.010,-0.016,-0.002,0.000,0.000,0.000,0.00,15.2,OK
1787114209.624,FORWARD,3,-99.00,-106.43,-1.29,-0.23,1600,1500,3.55,6.503,-3.558,-29.97,-0.118,-0.294,9.807,-0.004,-0.025,-0.019,-9.847,-0.459,0.113,0.008,-0.008,-0.004,0.000,0.000,0.000,0.00,15.2,OK
1787114209.673,FORWARD,3,-99.00,-106.43,-1.30,-0.23,1600,1500,3.50,6.503,-3.558,-30.23,-0.020,-0.431,9.787,-0.006,-0.007,-0.016,-9.833,-0.497,0.156,0.012,-0.007,-0.015,0.000,0.000,0.000,0.00,15.2,OK
1787114209.722,FORWARD,3,-99.00,-106.43,-1.30,-0.23,1600,1500,3.45,6.503,-3.558,-30.43,-0.020,-0.431,9.787,-0.006,-0.007,-0.016,-9.768,-0.422,0.156,0.011,-0.006,-0.005,0.000,0.000,0.000,0.00,15.2,OK
1787114209.773,FORWARD,3,-99.00,-106.43,-1.30,-0.23,1600,1500,3.40,6.503,-3.558,-30.58,-0.020,-0.431,9.787,-0.006,-0.007,-0.016,-9.825,-0.483,0.101,0.012,-0.004,-0.008,0.000,0.000,0.000,0.00,15.2,OK
1787114209.823,FORWARD,3,-99.00,-106.43,-1.30,-0.23,1600,1500,3.35,6.503,-3.558,-30.70,-0.020,-0.431,9.787,-0.006,-0.007,-0.016,-9.813,-0.545,0.130,0.018,-0.009,-0.012,0.000,0.000,0.000,0.00,15.2,OK
1787114209.873,FORWARD,3,-99.00,-106.43,-1.30,-0.23,1600,1500,3.30,6.503,-3.558,-30.70,-0.020,-0.431,9.787,-0.006,-0.007,-0.016,-9.759,-0.472,0.130,0.011,-0.006,-0.005,0.000,0.000,0.000,0.00,15.2,OK
1787114209.923,FORWARD,3,-99.00,-106.43,-1.30,-0.23,1600,1500,3.25,6.503,-3.558,-30.80,0.010,-0.392,9.787,-0.008,-0.002,-0.023,-9.780,-0.523,0.152,0.015,-0.002,-0.012,0.000,0.000,0.000,0.00,15.2,OK
1787114209.973,FORWARD,3,-99.00,-106.43,-1.30,-0.23,1600,1500,3.20,6.503,-3.558,-30.91,0.010,-0.392,9.787,-0.008,-0.002,-0.023,-9.783,-0.556,0.109,0.015,-0.001,-0.009,0.000,0.000,0.000,0.00,15.2,OK
1787114210.023,FORWARD,3,-99.00,-106.43,-1.30,-0.23,1600,1500,3.15,6.503,-3.558,-30.98,0.010,-0.392,9.787,-0.008,-0.002,-0.023,-9.842,-0.543,0.135,0.015,-0.001,-0.013,0.000,0.000,0.000,0.00,15.2,OK
1787114210.073,FORWARD,3,-99.00,-106.43,-1.30,-0.23,1600,1500,3.10,6.503,-3.558,-30.98,0.010,-0.392,9.787,-0.008,-0.002,-0.023,-9.818,-0.533,0.144,0.021,0.004,-0.001,0.000,0.000,0.000,0.00,15.2,OK
1787114210.123,FORWARD,3,-99.00,-106.43,-1.30,-0.23,1600,1500,3.05,6.503,-3.558,-31.02,0.010,-0.392,9.787,-0.008,-0.002,-0.023,-9.878,-0.488,0.142,0.020,0.004,0.009,0.000,0.000,0.000,0.00,15.2,OK
1787114210.173,FORWARD,3,-100.00,-106.43,-1.30,-0.23,1600,1500,3.00,6.503,-3.558,-31.03,0.000,-0.422,9.767,0.004,0.003,-0.024,-9.845,-0.469,0.130,0.020,0.003,0.008,0.000,0.000,0.000,0.00,15.2,OK
1787114210.223,FORWARD,3,-100.00,-106.43,-1.30,-0.23,1600,1500,2.95,6.503,-3.558,-31.01,0.000,-0.422,9.767,0.004,0.003,-0.024,-9.785,-0.533,0.161,0.024,0.005,-0.005,0.000,0.000,0.000,0.00,15.2,OK
1787114210.273,FORWARD,3,-100.00,-106.43,-1.30,-0.23,1600,1500,2.90,6.503,-3.558,-31.01,0.000,-0.422,9.767,0.004,0.003,-0.024,-9.849,-0.497,0.113,0.019,0.007,0.013,0.000,0.000,0.000,0.00,15.2,OK
1787114210.323,FORWARD,3,-100.00,-106.43,-1.30,-0.23,1600,1500,2.85,6.503,-3.558,-30.96,0.000,-0.422,9.767,0.004,0.003,-0.024,-9.847,-0.466,0.120,0.017,0.005,0.004,0.000,0.000,0.000,0.00,15.2,OK
1787114210.373,FORWARD,3,-100.00,-106.43,-1.30,-0.23,1600,1500,2.80,6.503,-3.558,-30.88,0.000,-0.422,9.767,0.004,0.003,-0.024,-9.742,-0.501,0.188,0.016,0.009,0.003,0.000,0.000,0.000,0.00,15.2,OK
1787114210.423,FORWARD,3,-100.00,-106.43,-1.30,-0.23,1600,1500,2.75,6.503,-3.558,-30.80,0.108,-0.422,9.816,0.012,0.008,-0.023,-9.785,-0.449,0.099,0.017,0.011,0.016,0.000,0.000,0.000,0.00,15.2,OK
1787114210.473,FORWARD,3,-100.00,-106.43,-1.30,-0.23,1600,1500,2.70,6.503,-3.558,-30.80,0.108,-0.422,9.816,0.012,0.008,-0.023,-9.790,-0.492,0.118,0.018,0.013,0.012,0.000,0.000,0.000,0.00,15.0,OK
1787114210.523,FORWARD,3,-100.00,-106.43,-1.30,-0.23,1600,1500,2.65,6.501,-3.561,-31.60,0.108,-0.422,9.816,0.012,0.008,-0.023,-9.802,-0.471,0.094,0.020,0.017,0.020,0.000,0.000,0.000,0.00,15.0,OK
1787114210.573,FORWARD,3,-100.00,-106.43,-1.30,-0.23,1600,1500,2.60,6.501,-3.561,-31.44,0.108,-0.422,9.816,0.012,0.008,-0.023,-9.809,-0.463,0.099,0.019,0.019,0.014,0.000,0.000,0.000,0.00,15.0,OK
1787114210.623,FORWARD,3,-100.00,-106.43,-1.30,-0.23,1600,1500,2.55,6.501,-3.561,-31.18,0.108,-0.422,9.816,0.012,0.008,-0.023,-9.742,-0.384,0.075,0.021,0.023,0.016,0.000,0.000,0.000,0.00,15.0,OK
1787114210.672,FORWARD,3,-100.00,-106.43,-1.31,-0.23,1600,1500,2.50,6.501,-3.561,-31.18,0.078,-0.441,9.767,0.017,0.025,-0.027,-9.833,-0.397,0.039,0.019,0.024,0.008,0.000,0.000,0.000,0.00,15.0,OK
1787114210.723,FORWARD,3,-100.00,-106.43,-1.31,-0.23,1600,1500,2.45,6.495,-3.560,-32.77,0.078,-0.441,9.767,0.017,0.025,-0.027,-9.845,-0.483,0.065,0.022,0.027,0.003,0.000,0.000,0.000,0.00,15.0,OK
1787114210.773,FORWARD,3,-100.00,-106.43,-1.31,-0.23,1600,1500,2.40,6.491,-3.560,-33.26,0.078,-0.441,9.767,0.017,0.025,-0.027,-9.847,-0.457,0.037,0.021,0.027,0.003,0.000,0.000,0.000,0.00,15.0,OK
1787114210.823,FORWARD,3,-100.00,-106.43,-1.31,-0.23,1600,1500,2.35,6.491,-3.560,-33.26,0.078,-0.441,9.767,0.017,0.025,-0.027,-9.828,-0.433,0.008,0.021,0.023,0.001,0.000,0.000,0.000,0.00,15.0,OK
1787114210.873,FORWARD,3,-100.00,-106.43,-1.31,-0.23,1600,1500,2.30,6.491,-3.560,-32.89,0.078,-0.441,9.767,0.017,0.025,-0.027,-9.859,-0.445,-0.026,0.017,0.022,0.000,0.000,0.000,0.000,0.00,15.0,OK
1787114210.923,FORWARD,3,-100.00,-106.43,-1.30,-0.23,1600,1500,2.25,6.491,-3.560,-32.53,0.000,-0.333,9.807,0.004,0.024,-0.021,-9.833,-0.421,0.034,0.018,0.021,-0.006,0.000,0.000,0.000,0.00,15.0,OK
1787114210.973,FORWARD,3,-100.00,-106.43,-1.30,-0.23,1600,1500,2.20,6.486,-3.565,-32.24,0.000,-0.333,9.807,0.004,0.024,-0.021,-9.830,-0.459,-0.018,0.014,0.017,-0.008,0.000,0.000,0.000,0.00,15.0,OK
1787114211.023,FORWARD,3,-100.00,-106.43,-1.30,-0.23,1600,1500,2.15,6.486,-3.566,-31.95,0.000,-0.333,9.807,0.004,0.024,-0.021,-9.797,-0.470,-0.073,0.020,0.017,0.009,0.000,0.000,0.000,0.00,15.0,OK
1787114211.073,FORWARD,3,-100.00,-106.43,-1.30,-0.23,1600,1500,2.10,6.486,-3.566,-31.95,0.000,-0.333,9.807,0.004,0.024,-0.021,-9.794,-0.439,0.020,0.018,0.016,0.001,0.000,0.000,0.000,0.00,15.0,OK
1787114211.123,FORWARD,3,-100.00,-106.43,-1.30,-0.23,1600,1500,2.05,6.484,-3.560,-34.33,0.000,-0.333,9.807,0.004,0.024,-0.021,-9.857,-0.421,-0.066,0.019,0.012,0.004,0.000,0.000,0.000,0.00,15.0,OK
1787114211.173,FORWARD,3,-100.00,-106.43,-1.30,-0.23,1600,1500,2.00,6.471,-3.573,-33.37,-0.108,-0.363,9.807,0.005,0.014,-0.021,-9.744,-0.501,-0.035,0.022,0.007,0.009,0.000,0.000,0.000,0.00,15.0,OK
1787114211.223,FORWARD,3,-100.00,-106.43,-1.30,-0.23,1600,1500,1.95,6.471,-3.573,-33.37,-0.108,-0.363,9.807,0.005,0.014,-0.021,-9.756,-0.489,-0.042,0.019,0.003,0.012,0.000,0.000,0.000,0.00,15.0,OK
1787114211.274,FORWARD,3,-100.00,-106.43,-1.30,-0.23,1600,1500,1.90,6.549,-3.507,-34.00,-0.108,-0.363,9.807,0.005,0.014,-0.021,-9.900,-0.443,-0.035,0.026,-0.003,0.033,0.000,0.000,0.000,0.00,15.0,OK
1787114211.323,FORWARD,3,-100.00,-106.43,-1.30,-0.23,1600,1500,1.85,6.509,-3.520,-33.47,-0.108,-0.363,9.807,0.005,0.014,-0.021,-9.811,-0.404,-0.011,0.018,-0.008,0.017,0.000,0.000,0.000,0.00,15.0,OK
1787114211.372,FORWARD,3,-100.00,-106.43,-1.30,-0.23,1600,1500,1.80,6.491,-3.516,-40.47,-0.108,-0.363,9.807,0.005,0.014,-0.021,-9.821,-0.394,0.006,0.019,-0.011,0.017,0.000,0.000,0.000,0.00,15.0,OK
1787114211.423,FORWARD,3,-100.00,-106.43,-1.30,-0.23,1600,1500,1.75,6.491,-3.516,-40.47,-0.177,-0.412,9.787,0.019,-0.011,-0.024,-9.819,-0.394,-0.069,0.018,-0.015,0.016,0.000,0.000,0.000,0.00,15.0,OK
1787114211.473,FORWARD,3,-100.00,-106.43,-1.30,-0.23,1600,1500,1.70,6.476,-3.521,-43.35,-0.177,-0.412,9.787,0.019,-0.011,-0.024,-9.837,-0.380,-0.009,0.019,-0.013,0.012,0.000,0.000,0.000,0.00,15.0,OK
1787114211.523,FORWARD,3,-100.00,-106.43,-1.30,-0.23,1600,1500,1.65,6.466,-3.537,-44.80,-0.177,-0.412,9.787,0.019,-0.011,-0.024,-9.823,-0.385,0.025,0.012,-0.014,-0.004,0.000,0.000,0.000,0.00,15.2,OK
1787114211.572,FORWARD,3,-100.00,-106.43,-1.30,-0.23,1600,1500,1.60,6.454,-3.549,-45.39,-0.177,-0.412,9.787,0.019,-0.011,-0.024,-9.795,-0.353,0.034,0.012,-0.012,0.002,0.000,0.000,0.000,0.00,15.2,OK
1787114211.622,FORWARD,3,-100.00,-106.43,-1.30,-0.23,1600,1500,1.55,6.457,-3.552,-45.92,-0.177,-0.412,9.787,0.019,-0.011,-0.024,-9.790,-0.368,0.034,0.011,-0.013,-0.009,0.000,0.000,0.000,0.00,15.2,OK
1787114211.672,FORWARD,3,-100.00,-106.43,-1.29,-0.23,1600,1500,1.50,6.457,-3.552,-45.92,-0.147,-0.304,9.797,-0.013,-0.011,-0.017,-9.764,-0.405,0.051,0.009,-0.011,-0.018,0.000,0.000,0.000,0.00,15.2,OK
1787114211.723,FORWARD,3,-100.00,-106.43,-1.29,-0.23,1600,1500,1.45,6.453,-3.557,-45.81,-0.147,-0.304,9.797,-0.013,-0.011,-0.017,-9.850,-0.411,0.020,0.012,-0.009,-0.018,0.000,0.000,0.000,0.00,15.2,OK
1787114211.773,FORWARD,3,-100.00,-106.43,-1.29,-0.23,1600,1500,1.40,6.446,-3.567,-45.85,-0.147,-0.304,9.797,-0.013,-0.011,-0.017,-9.799,-0.432,0.051,0.012,-0.009,-0.025,0.000,0.000,0.000,0.00,15.2,OK
1787114211.823,FORWARD,3,-100.00,-106.43,-1.29,-0.23,1600,1500,1.35,6.431,-3.582,-43.17,-0.147,-0.304,9.797,-0.013,-0.011,-0.017,-9.797,-0.466,-0.014,0.013,-0.007,-0.030,0.000,0.000,0.000,0.00,15.2,OK
1787114211.872,FORWARD,3,-100.00,-106.43,-1.29,-0.23,1600,1500,1.30,6.431,-3.582,-43.17,-0.147,-0.304,9.797,-0.013,-0.011,-0.017,-9.833,-0.483,0.039,0.010,-0.010,-0.017,0.000,0.000,0.000,0.00,15.2,OK
1787114211.922,FORWARD,3,-100.00,-106.43,-1.29,-0.23,1600,1500,1.25,6.415,-3.589,-40.08,-0.069,-0.314,9.797,-0.020,-0.007,-0.021,-9.785,-0.444,0.080,0.020,-0.010,-0.016,0.000,0.000,0.000,0.00,15.2,OK
1787114211.973,FORWARD,3,-100.00,-106.43,-1.29,-0.23,1600,1500,1.20,6.410,-3.610,-38.47,-0.069,-0.314,9.797,-0.020,-0.007,-0.021,-9.823,-0.478,0.075,0.020,-0.010,-0.025,0.000,0.000,0.000,0.00,15.2,OK
1787114212.023,FORWARD,3,-100.00,-106.43,-1.29,-0.23,1600,1500,1.15,6.410,-3.610,-38.47,-0.069,-0.314,9.797,-0.020,-0.007,-0.021,-9.776,-0.501,0.068,0.027,-0.013,-0.020,0.000,0.000,0.000,0.00,15.2,OK
1787114212.072,FORWARD,3,-100.00,-106.43,-1.29,-0.23,1600,1500,1.10,6.409,-3.606,-39.74,-0.069,-0.314,9.797,-0.020,-0.007,-0.021,-9.809,-0.518,0.070,0.021,-0.012,0.003,0.000,0.000,0.000,0.00,15.2,OK
1787114212.123,FORWARD,3,-100.00,-106.43,-1.29,-0.23,1600,1500,1.05,6.421,-3.595,-42.72,-0.069,-0.314,9.797,-0.020,-0.007,-0.021,-9.799,-0.427,0.054,0.022,-0.011,0.004,0.000,0.000,0.000,0.00,15.2,OK
1787114212.173,FORWARD,3,-101.00,-106.43,-1.29,-0.23,1600,1500,1.00,6.412,-3.583,-44.98,-0.039,-0.431,9.777,0.005,-0.011,-0.027,-9.747,-0.491,0.082,0.019,-0.011,0.019,0.000,0.000,0.000,0.00,15.2,OK
1787114212.223,FORWARD,3,-101.00,-106.43,-1.29,-0.23,1600,1500,0.95,6.403,-3.591,-45.33,-0.039,-0.431,9.777,0.005,-0.011,-0.027,-9.818,-0.430,0.063,0.021,-0.011,0.011,0.000,0.000,0.000,0.00,15.2,OK
1787114212.272,FORWARD,3,-101.00,-106.43,-1.29,-0.23,1600,1500,0.90,6.403,-3.591,-45.33,-0.039,-0.431,9.777,0.005,-0.011,-0.027,-9.818,-0.473,0.106,0.018,-0.012,0.000,0.000,0.000,0.000,0.00,15.2,OK
1787114212.322,FORWARD,3,-101.00,-106.43,-1.29,-0.23,1600,1500,0.85,6.400,-3.598,-46.11,-0.039,-0.431,9.777,0.005,-0.011,-0.027,-9.761,-0.472,0.104,0.019,-0.011,0.020,0.000,0.000,0.000,0.00,15.2,OK
1787114212.373,FORWARD,3,-101.00,-106.43,-1.29,-0.23,1600,1500,0.80,6.394,-3.603,-46.23,-0.039,-0.431,9.777,0.005,-0.011,-0.027,-9.835,-0.483,0.099,0.020,-0.013,0.006,0.000,0.000,0.000,0.00,15.2,OK
1787114212.422,FORWARD,3,-101.00,-106.43,-1.29,-0.23,1600,1500,0.75,6.393,-3.607,-46.80,-0.029,-0.441,9.758,0.010,-0.010,-0.024,-9.799,-0.430,0.120,0.023,-0.012,0.004,0.000,0.000,0.000,0.00,15.2,OK
1787114212.473,FORWARD,3,-101.00,-106.43,-1.29,-0.23,1600,1500,0.70,6.393,-3.607,-46.80,-0.029,-0.441,9.758,0.010,-0.010,-0.024,-9.871,-0.400,0.099,0.015,-0.014,0.004,0.000,0.000,0.000,0.00,15.2,OK
1787114212.522,FORWARD,3,-101.00,-106.43,-1.29,-0.23,1600,1500,0.65,6.389,-3.612,-46.57,-0.029,-0.441,9.758,0.010,-0.010,-0.024,-9.802,-0.456,0.192,0.015,-0.014,0.002,0.000,0.000,0.000,0.00,15.2,OK
1787114212.572,FORWARD,3,-101.00,-106.43,-1.29,-0.23,1600,1500,0.60,6.399,-3.607,-50.87,-0.029,-0.441,9.758,0.010,-0.010,-0.024,-9.842,-0.473,0.113,0.014,-0.012,0.010,0.000,0.000,0.000,0.00,15.2,OK
1787114212.622,FORWARD,3,-101.00,-106.43,-1.29,-0.23,1600,1500,0.55,6.408,-3.603,-54.24,-0.029,-0.441,9.758,0.010,-0.010,-0.024,-9.852,-0.457,0.149,0.016,-0.018,-0.000,0.000,0.000,0.000,0.00,15.2,OK
1787114212.673,FORWARD,3,-101.00,-106.43,-1.29,-0.23,1600,1500,0.50,6.408,-3.603,-54.24,0.000,-0.402,9.777,-0.000,-0.014,-0.021,-9.828,-0.452,0.156,0.014,-0.018,-0.009,0.000,0.000,0.000,0.00,15.2,OK
1787114212.723,FORWARD,3,-101.00,-106.43,-1.29,-0.23,1600,1500,0.45,6.399,-3.607,-52.86,0.000,-0.402,9.777,-0.000,-0.014,-0.021,-9.794,-0.451,0.149,0.021,-0.018,-0.014,0.000,0.000,0.000,0.00,15.2,OK
1787114212.773,FORWARD,3,-101.00,-106.43,-1.29,-0.23,1600,1500,0.40,6.388,-3.613,-52.14,0.000,-0.402,9.777,-0.000,-0.014,-0.021,-9.792,-0.540,0.223,0.018,-0.017,-0.005,0.000,0.000,0.000,0.00,15.2,OK
1787114212.823,FORWARD,3,-101.00,-106.43,-1.29,-0.23,1600,1500,0.35,6.379,-3.627,-51.16,0.000,-0.402,9.777,-0.000,-0.014,-0.021,-9.773,-0.408,0.180,0.017,-0.025,0.002,0.000,0.000,0.000,0.00,15.2,OK
1787114212.872,FORWARD,3,-101.00,-106.43,-1.29,-0.23,1600,1500,0.30,6.379,-3.627,-51.16,0.000,-0.402,9.777,-0.000,-0.014,-0.021,-9.804,-0.442,0.238,0.017,-0.022,0.008,0.000,0.000,0.000,0.00,15.2,OK
1787114212.923,FORWARD,3,-101.00,-106.43,-1.29,-0.23,1600,1500,0.25,6.381,-3.636,-51.62,0.029,-0.363,9.807,0.010,-0.021,-0.020,-9.751,-0.446,0.228,0.009,-0.021,0.009,0.000,0.000,0.000,0.00,15.2,OK
1787114212.973,FORWARD,3,-101.00,-106.43,-1.29,-0.23,1600,1500,0.20,6.368,-3.645,-50.14,0.029,-0.363,9.807,0.010,-0.021,-0.020,-9.823,-0.373,0.154,0.011,-0.020,-0.001,0.000,0.000,0.000,0.00,15.2,OK
1787114213.023,FORWARD,3,-101.00,-106.43,-1.29,-0.23,1600,1500,0.15,6.368,-3.645,-50.14,0.029,-0.363,9.807,0.010,-0.021,-0.020,-9.785,-0.430,0.204,0.012,-0.022,-0.002,0.000,0.000,0.000,0.00,15.2,OK
1787114213.073,FORWARD,3,-101.00,-106.43,-1.29,-0.23,1600,1500,0.10,6.356,-3.662,-47.63,0.029,-0.363,9.807,0.010,-0.021,-0.020,-9.814,-0.497,0.271,0.013,-0.023,0.006,0.000,0.000,0.000,0.00,15.2,OK
1787114213.123,FORWARD,3,-101.00,-106.43,-1.29,-0.23,1600,1500,0.05,6.345,-3.670,-46.84,0.029,-0.363,9.807,0.010,-0.021,-0.020,-9.785,-0.418,0.274,0.008,-0.020,-0.006,0.000,0.000,0.000,0.00,15.2,OK
1787114213.173,FORWARD,3,-101.00,-106.43,-1.30,-0.23,1600,1500,0.00,6.342,-3.674,-47.13,0.088,-0.412,9.758,-0.007,-0.018,-0.011,-9.720,-0.481,0.283,0.004,-0.017,-0.014,0.000,0.000,0.000,0.00,15.2,OK
1787114213.223,ROTATING,4,-101.00,-79.68,-1.30,-0.23,1500,1500,0.00,6.338,-3.679,-47.65,0.088,-0.412,9.758,-0.007,-0.018,-0.011,-9.747,-0.654,-0.169,0.014,-0.014,-0.011,0.000,0.000,0.000,0.00,15.2,OK
1787114213.273,ROTATING,4,-101.00,-79.68,-1.30,-0.23,1500,1425,0.00,6.338,-3.679,-47.65,0.088,-0.412,9.758,-0.007,-0.018,-0.011,-9.833,-0.488,0.018,0.026,-0.012,-0.010,0.000,0.000,0.000,0.00,15.2,OK
1787114213.323,ROTATING,4,-101.00,-79.68,-1.30,-0.23,1500,1425,0.00,6.337,-3.683,-48.98,0.088,-0.412,9.758,-0.007,-0.018,-0.011,-9.861,-0.347,0.036,0.022,-0.015,-0.005,0.000,0.000,0.000,0.00,15.2,OK
1787114213.372,ROTATING,4,-101.00,-79.68,-1.30,-0.23,1500,1425,0.00,6.328,-3.685,-48.65,0.088,-0.412,9.758,-0.007,-0.018,-0.011,-9.816,-0.320,0.061,0.009,-0.016,-0.008,0.000,0.000,0.000,0.00,15.2,OK
1787114213.423,ROTATING,4,-101.00,-79.68,-1.30,-0.23,1500,1425,0.00,6.323,-3.686,-49.04,0.157,-0.422,9.787,-0.007,-0.015,-0.009,-9.790,-0.408,0.156,-0.008,-0.017,0.000,0.000,0.000,0.000,0.00,15.2,OK
1787114213.472,ROTATING,4,-101.00,-79.68,-1.30,-0.23,1500,1425,0.00,6.323,-3.686,-49.04,0.157,-0.422,9.787,-0.007,-0.015,-0.009,-9.826,-0.380,0.173,-0.013,-0.021,0.005,0.000,0.000,0.000,0.00,15.2,OK
1787114213.523,ROTATING,4,-101.00,-79.68,-1.30,-0.23,1500,1425,0.00,6.316,-3.691,-48.37,0.157,-0.422,9.787,-0.007,-0.015,-0.009,-9.842,-0.304,0.226,-0.026,-0.022,0.006,0.000,0.000,0.000,0.00,15.2,OK
1787114213.573,ROTATING,4,-101.00,-79.68,-1.30,-0.23,1500,1425,0.00,6.313,-3.692,-48.70,0.157,-0.422,9.787,-0.007,-0.015,-0.009,-9.780,-0.286,0.317,-0.058,-0.028,0.003,0.000,0.000,0.000,0.00,15.0,OK
1787114213.624,ROTATING,4,-101.00,-79.68,-1.30,-0.23,1500,1425,0.00,6.313,-3.692,-48.70,0.157,-0.422,9.787,-0.007,-0.015,-0.009,-9.821,-0.160,0.329,-0.088,-0.024,0.024,0.000,0.000,0.000,0.00,15.0,OK
1787114213.673,ROTATING,4,-100.00,-79.68,-1.30,-0.23,1500,1425,0.00,6.311,-3.693,-49.10,0.000,-0.412,9.777,0.023,-0.024,0.086,-9.747,-0.157,0.346,-0.130,-0.028,0.020,0.000,0.000,0.000,0.00,15.0,OK
1787114213.723,ROTATING,4,-100.00,-79.68,-1.30,-0.23,1500,1429,0.00,6.310,-3.694,-49.23,0.000,-0.412,9.777,0.023,-0.024,0.086,-9.773,-0.322,0.355,-0.161,-0.022,0.013,0.000,0.000,0.000,0.00,15.0,OK
1787114213.774,ROTATING,4,-100.00,-79.68,-1.30,-0.23,1500,1429,0.00,6.313,-3.694,-50.59,0.000,-0.412,9.777,0.023,-0.024,0.086,-9.852,-0.225,0.285,-0.190,-0.025,0.027,0.000,0.000,0.000,0.00,15.0,OK
1787114213.823,ROTATING,4,-100.00,-79.68,-1.30,-0.23,1500,1429,0.00,6.318,-3.697,-51.79,0.000,-0.412,9.777,0.023,-0.024,0.086,-9.766,-0.209,0.278,-0.207,-0.023,0.006,0.000,0.000,0.000,0.00,15.0,OK
1787114213.873,ROTATING,4,-100.00,-79.68,-1.30,-0.23,1500,1429,0.00,6.318,-3.697,-51.79,0.000,-0.412,9.777,0.023,-0.024,0.086,-9.768,-0.298,0.312,-0.225,-0.021,0.018,0.000,0.000,0.000,0.00,15.0,OK
1787114213.922,ROTATING,4,-98.00,-79.68,-1.30,-0.23,1500,1429,0.00,6.317,-3.695,-51.36,0.353,-0.412,9.797,0.019,-0.019,0.227,-9.818,-0.322,0.319,-0.243,-0.025,0.020,0.000,0.000,0.000,0.00,15.0,OK
1787114213.973,ROTATING,4,-98.00,-79.68,-1.30,-0.23,1500,1436,0.00,6.316,-3.699,-51.58,0.353,-0.412,9.797,0.019,-0.019,0.227,-9.830,-0.339,0.343,-0.258,-0.025,0.015,0.000,0.000,0.000,0.00,15.0,OK
1787114214.023,ROTATING,4,-98.00,-79.68,-1.30,-0.23,1500,1436,0.00,6.316,-3.699,-51.58,0.353,-0.412,9.797,0.019,-0.019,0.227,-9.785,-0.394,0.331,-0.265,-0.022,0.004,0.000,0.000,0.000,0.00,15.0,OK
1787114214.073,ROTATING,4,-98.00,-79.68,-1.30,-0.23,1500,1436,0.00,6.318,-3.701,-52.10,0.353,-0.412,9.797,0.019,-0.019,0.227,-9.818,-0.397,0.317,-0.268,-0.021,0.009,0.000,0.000,0.000,0.00,15.0,OK
1787114214.122,ROTATING,4,-98.00,-79.68,-1.30,-0.23,1500,1436,0.00,6.321,-3.702,-52.49,0.353,-0.412,9.797,0.019,-0.019,0.227,-9.730,-0.443,0.379,-0.269,-0.021,0.003,0.000,0.000,0.000,0.00,15.0,OK
1787114214.173,ROTATING,4,-94.00,-79.68,-1.30,-0.23,1500,1436,0.00,6.325,-3.702,-52.98,0.275,-0.333,9.787,-0.001,-0.014,0.273,-9.747,-0.465,0.427,-0.277,-0.019,-0.003,0.000,0.000,0.000,0.00,15.0,OK
1787114214.223,ROTATING,4,-94.00,-79.68,-1.30,-0.23,1500,1450,0.00,6.325,-3.702,-52.98,0.275,-0.333,9.787,-0.001,-0.014,0.273,-9.809,-0.454,0.374,-0.276,-0.013,-0.002,0.000,0.000,0.000,0.00,15.0,OK
1787114214.274,ROTATING,4,-94.00,-79.68,-1.30,-0.23,1500,1450,0.00,6.326,-3.703,-52.94,0.275,-0.333,9.787,-0.001,-0.014,0.273,-9.752,-0.532,0.391,-0.273,-0.009,-0.012,0.000,0.000,0.000,0.00,15.0,OK
1787114214.323,ROTATING,4,-94.00,-79.68,-1.30,-0.23,1500,1450,0.00,6.330,-3.705,-53.22,0.275,-0.333,9.787,-0.001,-0.014,0.273,-9.695,-0.493,0.386,-0.265,-0.005,-0.018,0.000,0.000,0.000,0.00,15.0,OK
1787114214.373,ROTATING,4,-94.00,-79.68,-1.30,-0.23,1500,1450,0.00,6.333,-3.711,-52.97,0.275,-0.333,9.787,-0.001,-0.014,0.273,-9.764,-0.480,0.360,-0.264,0.002,-0.008,0.000,0.000,0.000,0.00,15.0,OK
1787114214.423,ROTATING,4,-89.00,-79.68,-1.29,-0.23,1500,1450,0.00,6.333,-3.711,-52.97,0.294,-0.363,9.787,-0.012,0.005,0.265,-9.802,-0.523,0.365,-0.262,0.004,-0.016,0.000,0.000,0.000,0.00,15.0,OK
1787114214.473,FORWARD,4,-89.00,-79.68,-1.29,-0.23,1500,1450,34.63,6.340,-3.715,-54.60,0.294,-0.363,9.787,-0.012,0.005,0.265,-9.775,-0.559,0.348,-0.259,0.005,-0.017,0.000,0.000,0.000,0.00,15.0,OK
1787114214.523,FORWARD,4,-89.00,-79.68,-1.29,-0.23,1600,1500,34.58,6.350,-3.709,-54.75,0.294,-0.363,9.787,-0.012,0.005,0.265,-9.857,0.337,1.001,-0.288,0.006,0.001,0.000,0.000,0.000,0.00,15.0,OK
1787114214.573,FORWARD,4,-89.00,-79.68,-1.29,-0.23,1600,1500,34.53,6.349,-3.711,-53.51,0.294,-0.363,9.787,-0.012,0.005,0.265,-9.701,-0.582,0.563,-0.320,0.013,-0.013,0.000,0.000,0.000,0.00,15.0,OK
1787114214.623,FORWARD,4,-89.00,-79.68,-1.29,-0.23,1600,1500,34.48,6.349,-3.711,-53.51,0.294,-0.363,9.787,-0.012,0.005,0.265,-9.775,-0.492,0.525,-0.316,0.022,-0.006,0.000,0.000,0.000,0.00,14.3,OK
1787114214.673,FORWARD,4,-85.00,-79.68,-1.30,-0.23,1600,1500,34.43,6.353,-3.712,-54.68,0.284,-0.431,9.767,-0.015,0.028,0.321,-9.761,-0.561,0.403,-0.316,0.032,-0.012,0.000,0.000,0.000,0.00,14.3,OK
1787114214.723,FORWARD,4,-85.00,-79.68,-1.30,-0.23,1600,1500,34.38,6.360,-3.713,-55.40,0.284,-0.431,9.767,-0.015,0.028,0.321,-9.773,-0.657,0.398,-0.307,0.037,-0.019,0.000,0.000,0.000,0.00,14.3,OK
1787114214.773,FORWARD,4,-85.00,-79.68,-1.30,-0.23,1600,1500,34.33,6.364,-3.719,-55.76,0.284,-0.431,9.767,-0.015,0.028,0.321,-9.802,-0.815,0.309,-0.288,0.041,-0.007,0.000,0.000,0.000,0.00,14.3,OK
1787114214.823,FORWARD,4,-85.00,-79.68,-1.30,-0.23,1600,1500,34.28,6.364,-3.719,-55.76,0.284,-0.431,9.767,-0.015,0.028,0.321,-9.761,-1.039,0.372,-0.221,0.052,-0.015,0.000,0.000,0.000,0.00,14.3,OK
1787114214.873,FORWARD,4,-85.00,-79.68,-1.30,-0.23,1600,1500,34.23,6.372,-3.722,-55.95,0.284,-0.431,9.767,-0.015,0.028,0.321,-9.761,-0.908,0.264,-0.171,0.053,-0.005,0.000,0.000,0.000,0.00,14.3,OK
1787114214.923,FORWARD,4,-81.00,-79.68,-1.29,-0.23,1600,1500,34.18,6.377,-3.724,-55.88,0.471,-0.500,9.787,-0.006,0.055,0.173,-9.826,-0.851,0.218,-0.126,0.054,0.003,0.000,0.000,0.000,0.00,14.3,OK
1787114214.972,FORWARD,4,-81.00,-79.68,-1.29,-0.23,1600,1500,34.13,6.392,-3.709,-58.57,0.471,-0.500,9.787,-0.006,0.055,0.173,-9.794,-0.841,0.214,-0.095,0.055,-0.001,0.000,0.000,0.000,0.00,14.3,OK
1787114215.023,FORWARD,4,-81.00,-79.68,-1.29,-0.23,1600,1500,34.08,6.400,-3.709,-60.20,0.471,-0.500,9.787,-0.006,0.055,0.173,-9.806,-0.820,0.202,-0.063,0.054,0.007,0.000,0.000,0.000,0.00,14.3,OK
1787114215.073,FORWARD,4,-81.00,-79.68,-1.29,-0.23,1600,1500,34.03,6.400,-3.709,-60.20,0.471,-0.500,9.787,-0.006,0.055,0.173,-9.725,-0.814,0.166,-0.038,0.058,0.019,0.000,0.000,0.000,0.00,14.3,OK
1787114215.122,FORWARD,4,-81.00,-79.68,-1.29,-0.23,1600,1500,33.98,6.396,-3.717,-59.30,0.471,-0.500,9.787,-0.006,0.055,0.173,-9.890,-0.663,0.125,-0.021,0.056,0.022,0.000,0.000,0.000,0.00,14.3,OK
1787114215.173,FORWARD,4,-80.00,-79.68,-1.28,-0.23,1600,1500,33.93,6.394,-3.729,-57.72,0.245,-0.539,9.758,0.024,0.056,0.018,-9.812,-0.662,0.046,-0.003,0.052,0.023,0.000,0.000,0.000,0.00,14.3,OK
1787114215.223,FORWARD,4,-80.00,-79.68,-1.28,-0.23,1600,1500,33.88,6.394,-3.729,-57.72,0.245,-0.539,9.758,0.024,0.056,0.018,-9.783,-0.688,0.049,0.005,0.048,0.032,0.000,0.000,0.000,0.00,14.3,OK
1787114215.273,FORWARD,4,-80.00,-79.68,-1.28,-0.23,1600,1500,33.83,6.390,-3.737,-55.89,0.245,-0.539,9.758,0.024,0.056,0.018,-9.792,-0.578,-0.049,0.022,0.044,0.036,0.000,0.000,0.000,0.00,14.3,OK
1787114215.323,FORWARD,4,-80.00,-79.68,-1.28,-0.23,1600,1500,33.78,6.392,-3.741,-56.21,0.245,-0.539,9.758,0.024,0.056,0.018,-9.811,-0.609,-0.081,0.030,0.042,0.031,0.000,0.000,0.000,0.00,14.3,OK
1787114215.373,FORWARD,4,-80.00,-79.68,-1.28,-0.23,1600,1500,33.73,6.392,-3.746,-55.93,0.245,-0.539,9.758,0.024,0.056,0.018,-9.857,-0.541,-0.004,0.030,0.038,0.034,0.000,0.000,0.000,0.00,14.3,OK
1787114215.423,FORWARD,4,-80.00,-79.68,-1.28,-0.23,1600,1500,33.68,6.392,-3.746,-55.93,0.010,-0.530,9.777,0.030,0.042,-0.039,-9.849,-0.526,-0.112,0.039,0.038,0.030,0.000,0.000,0.000,0.00,14.3,OK
1787114215.473,FORWARD,4,-80.00,-79.68,-1.28,-0.23,1600,1500,33.63,6.387,-3.750,-55.98,0.010,-0.530,9.777,0.030,0.042,-0.039,-9.847,-0.497,-0.145,0.038,0.034,0.038,0.000,0.000,0.000,0.00,14.3,OK
1787114215.523,FORWARD,4,-80.00,-79.68,-1.28,-0.23,1600,1500,33.58,6.383,-3.760,-55.75,0.010,-0.530,9.777,0.030,0.042,-0.039,-9.740,-0.451,-0.100,0.033,0.032,0.025,0.000,0.000,0.000,0.00,14.3,OK
1787114215.573,FORWARD,4,-80.00,-79.68,-1.28,-0.23,1600,1500,33.53,6.378,-3.769,-53.81,0.010,-0.530,9.777,0.030,0.042,-0.039,-9.806,-0.454,-0.128,0.030,0.031,0.015,0.000,0.000,0.000,0.00,14.3,OK
1787114215.622,FORWARD,4,-80.00,-79.68,-1.28,-0.23,1600,1500,33.48,6.375,-3.776,-53.30,0.010,-0.530,9.777,0.030,0.042,-0.039,-9.878,-0.424,-0.133,0.033,0.025,0.019,0.000,0.000,0.000,0.00,14.3,OK
1787114215.673,FORWARD,4,-80.00,-79.68,-1.28,-0.23,1600,1500,33.43,6.375,-3.776,-53.30,-0.186,-0.431,9.797,0.022,0.027,-0.036,-9.782,-0.355,-0.162,0.028,0.020,0.021,0.000,0.000,0.000,0.00,15.2,OK
1787114215.722,FORWARD,4,-80.00,-79.68,-1.28,-0.23,1600,1500,33.38,6.371,-3.782,-52.60,-0.186,-0.431,9.797,0.022,0.027,-0.036,-9.883,-0.450,-0.150,0.028,0.017,-0.000,0.000,0.000,0.000,0.00,15.2,OK
1787114215.773,FORWARD,4,-80.00,-79.68,-1.28,-0.23,1600,1500,33.33,6.372,-3.790,-52.99,-0.186,-0.431,9.797,0.022,0.027,-0.036,-9.840,-0.497,-0.188,0.028,0.008,0.000,0.000,0.000,0.000,0.00,15.2,OK
1787114215.823,FORWARD,4,-80.00,-79.68,-1.28,-0.23,1600,1500,33.28,6.368,-3.795,-52.66,-0.186,-0.431,9.797,0.022,0.027,-0.036,-9.825,-0.416,-0.238,0.023,-0.000,0.003,0.000,0.000,0.000,0.00,15.2,OK
1787114215.873,FORWARD,4,-80.00,-79.68,-1.28,-0.23,1600,1500,33.23,6.368,-3.795,-52.66,-0.186,-0.431,9.797,0.022,0.027,-0.036,-9.852,-0.423,-0.143,0.021,-0.010,-0.012,0.000,0.000,0.000,0.00,15.2,OK
1787114215.923,FORWARD,4,-80.00,-79.68,-1.27,-0.23,1600,1500,33.18,6.372,-3.802,-54.31,-0.226,-0.392,9.758,-0.008,-0.008,-0.027,-9.804,-0.435,-0.217,0.017,-0.017,-0.006,0.000,0.000,0.000,0.00,15.2,OK
1787114215.972,FORWARD,4,-80.00,-79.68,-1.27,-0.23,1600,1500,33.13,6.377,-3.807,-55.34,-0.226,-0.392,9.758,-0.008,-0.008,-0.027,-9.849,-0.452,-0.172,0.012,-0.023,-0.014,0.000,0.000,0.000,0.00,15.2,OK
1787114216.023,FORWARD,4,-80.00,-79.68,-1.27,-0.23,1600,1500,33.08,6.380,-3.811,-55.89,-0.226,-0.392,9.758,-0.008,-0.008,-0.027,-9.794,-0.530,-0.119,0.021,-0.029,-0.005,0.000,0.000,0.000,0.00,15.2,OK
1787114216.073,FORWARD,4,-80.00,-79.68,-1.27,-0.23,1600,1500,33.03,6.380,-3.811,-55.89,-0.226,-0.392,9.758,-0.008,-0.008,-0.027,-9.818,-0.473,-0.167,0.021,-0.034,-0.001,0.000,0.000,0.000,0.00,15.2,OK
1787114216.123,FORWARD,4,-80.00,-79.68,-1.27,-0.23,1600,1500,32.98,6.376,-3.815,-56.19,-0.226,-0.392,9.758,-0.008,-0.008,-0.027,-9.790,-0.494,-0.047,0.021,-0.037,0.002,0.000,0.000,0.000,0.00,15.2,OK
1787114216.173,FORWARD,4,-80.00,-79.68,-1.27,-0.23,1600,1500,32.93,6.376,-3.817,-56.33,-0.304,-0.402,9.748,0.003,-0.038,-0.024,-9.821,-0.471,-0.169,0.021,-0.045,0.016,0.000,0.000,0.000,0.00,15.2,OK
1787114216.223,FORWARD,4,-80.00,-79.68,-1.27,-0.23,1600,1500,32.88,6.376,-3.817,-56.33,-0.304,-0.402,9.748,0.003,-0.038,-0.024,-9.837,-0.483,-0.023,0.020,-0.050,0.005,0.000,0.000,0.000,0.00,15.2,OK
1787114216.273,FORWARD,4,-80.00,-79.68,-1.27,-0.23,1600,1500,32.83,6.375,-3.816,-58.50,-0.304,-0.402,9.748,0.003,-0.038,-0.024,-9.776,-0.449,-0.002,0.018,-0.053,0.006,0.000,0.000,0.000,0.00,15.2,OK
1787114216.323,FORWARD,4,-80.00,-79.68,-1.27,-0.23,1600,1500,32.78,6.371,-3.822,-58.76,-0.304,-0.402,9.748,0.003,-0.038,-0.024,-9.807,-0.413,-0.071,0.015,-0.056,0.010,0.000,0.000,0.000,0.00,15.2,OK
1787114216.373,FORWARD,4,-80.00,-79.68,-1.27,-0.23,1600,1500,32.73,6.370,-3.827,-59.32,-0.304,-0.402,9.748,0.003,-0.038,-0.024,-9.790,-0.501,0.042,0.017,-0.055,0.009,0.000,0.000,0.000,0.00,15.2,OK
1787114216.423,FORWARD,4,-80.00,-79.68,-1.27,-0.23,1600,1500,32.68,6.364,-3.836,-58.59,-0.206,-0.412,9.738,0.010,-0.054,-0.019,-9.809,-0.413,0.092,0.015,-0.058,0.020,0.000,0.000,0.000,0.00,15.2,OK
1787114216.473,FORWARD,4,-80.00,-79.68,-1.27,-0.23,1600,1500,32.63,6.364,-3.836,-58.59,-0.206,-0.412,9.738,0.010,-0.054,-0.019,-9.816,-0.389,0.101,0.014,-0.062,0.005,0.000,0.000,0.000,0.00,15.2,OK
1787114216.523,FORWARD,4,-80.00,-79.68,-1.27,-0.23,1600,1500,32.58,6.367,-3.839,-59.54,-0.206,-0.412,9.738,0.010,-0.054,-0.019,-9.730,-0.458,0.173,0.018,-0.063,0.004,0.000,0.000,0.000,0.00,15.2,OK
1787114216.573,FORWARD,4,-80.00,-79.68,-1.27,-0.23,1600,1500,32.53,6.369,-3.843,-60.88,-0.206,-0.412,9.738,0.010,-0.054,-0.019,-9.835,-0.423,0.192,0.013,-0.068,0.007,0.000,0.000,0.000,0.00,15.2,OK
1787114216.623,FORWARD,4,-80.00,-79.68,-1.27,-0.23,1600,1500,32.48,6.369,-3.843,-60.88,-0.206,-0.412,9.738,0.010,-0.054,-0.019,-9.807,-0.459,0.192,0.015,-0.065,-0.001,0.000,0.000,0.000,0.00,15.2,OK
1787114216.673,FORWARD,4,-80.00,-79.68,-1.28,-0.23,1600,1500,32.43,6.368,-3.856,-61.70,-0.088,-0.412,9.767,-0.002,-0.064,-0.019,-9.730,-0.568,0.243,0.015,-0.067,-0.007,0.000,0.000,0.000,0.00,15.0,OK
1787114216.723,FORWARD,4,-80.00,-79.68,-1.28,-0.23,1600,1500,32.38,6.371,-3.855,-63.02,-0.088,-0.412,9.767,-0.002,-0.064,-0.019,-9.804,-0.456,0.288,0.022,-0.064,-0.011,0.000,0.000,0.000,0.00,15.0,OK
1787114216.772,FORWARD,4,-80.00,-79.68,-1.28,-0.23,1600,1500,32.33,6.367,-3.857,-63.14,-0.088,-0.412,9.767,-0.002,-0.064,-0.019,-9.828,-0.464,0.309,0.020,-0.062,-0.013,0.000,0.000,0.000,0.00,15.0,OK
1787114216.823,FORWARD,4,-80.00,-79.68,-1.28,-0.23,1600,1500,32.28,6.367,-3.857,-63.14,-0.088,-0.412,9.767,-0.002,-0.064,-0.019,-9.749,-0.463,0.326,0.027,-0.058,-0.008,0.000,0.000,0.000,0.00,15.0,OK
1787114216.873,FORWARD,4,-80.00,-79.68,-1.28,-0.23,1600,1500,32.23,6.368,-3.860,-64.36,-0.088,-0.412,9.767,-0.002,-0.064,-0.019,-9.775,-0.499,0.369,0.032,-0.053,-0.014,0.000,0.000,0.000,0.00,15.0,OK
1787114216.923,FORWARD,4,-81.00,-79.68,-1.29,-0.23,1600,1500,32.18,6.366,-3.867,-65.22,0.118,-0.353,9.807,-0.019,-0.053,-0.039,-9.716,-0.460,0.355,0.036,-0.044,-0.018,0.000,0.000,0.000,0.00,15.0,OK
1787114216.973,FORWARD,4,-81.00,-79.68,-1.29,-0.23,1600,1500,32.13,6.356,-3.886,-64.43,0.118,-0.353,9.807,-0.019,-0.053,-0.039,-9.756,-0.484,0.422,0.034,-0.040,-0.022,0.000,0.000,0.000,0.00,15.0,OK
1787114217.023,FORWARD,4,-81.00,-79.68,-1.29,-0.23,1600,1500,32.08,6.356,-3.886,-64.43,0.118,-0.353,9.807,-0.019,-0.053,-0.039,-9.783,-0.458,0.410,0.033,-0.035,-0.019,0.000,0.000,0.000,0.00,15.0,OK
1787114217.073,FORWARD,4,-81.00,-79.68,-1.29,-0.23,1600,1500,32.03,6.346,-3.901,-63.17,0.118,-0.353,9.807,-0.019,-0.053,-0.039,-9.733,-0.472,0.456,0.030,-0.029,-0.009,0.000,0.000,0.000,0.00,15.0,OK
1787114217.123,FORWARD,4,-81.00,-79.68,-1.29,-0.23,1600,1500,31.98,6.346,-3.902,-63.33,0.118,-0.353,9.807,-0.019,-0.053,-0.039,-9.785,-0.475,0.532,0.033,-0.024,0.003,0.000,0.000,0.000,0.00,15.0,OK
1787114217.173,FORWARD,4,-81.00,-79.68,-1.29,-0.23,1600,1500,31.93,6.343,-3.903,-64.78,0.284,-0.382,9.807,0.002,-0.019,-0.035,-9.766,-0.458,0.479,0.032,-0.013,0.001,0.000,0.000,0.000,0.00,15.0,OK
1787114217.222,FORWARD,4,-81.00,-79.68,-1.29,-0.23,1600,1500,31.88,6.343,-3.903,-64.78,0.284,-0.382,9.807,0.002,-0.019,-0.035,-9.818,-0.377,0.441,0.020,-0.008,-0.015,0.000,0.000,0.000,0.00,15.0,OK
1787114217.273,FORWARD,4,-81.00,-79.68,-1.29,-0.23,1600,1500,31.83,6.331,-3.912,-63.64,0.284,-0.382,9.807,0.002,-0.019,-0.035,-9.740,-0.465,0.523,0.017,-0.001,-0.020,0.000,0.000,0.000,0.00,15.0,OK
1787114217.322,FORWARD,4,-81.00,-79.68,-1.29,-0.23,1600,1500,31.78,6.331,-3.912,-64.84,0.284,-0.382,9.807,0.002,-0.019,-0.035,-9.792,-0.516,0.446,0.014,0.006,0.003,0.000,0.000,0.000,0.00,15.0,OK
1787114217.373,FORWARD,4,-81.00,-79.68,-1.29,-0.23,1600,1500,31.73,6.324,-3.918,-64.78,0.284,-0.382,9.807,0.002,-0.019,-0.035,-9.737,-0.465,0.451,0.013,0.011,-0.011,0.000,0.000,0.000,0.00,15.0,OK
1787114217.423,FORWARD,4,-81.00,-79.68,-1.30,-0.23,1600,1500,31.68,6.323,-3.921,-65.38,0.373,-0.461,9.816,-0.008,0.011,-0.017,-9.766,-0.506,0.439,0.012,0.014,-0.013,0.000,0.000,0.000,0.00,15.0,OK
1787114217.473,FORWARD,4,-81.00,-79.68,-1.30,-0.23,1600,1500,31.63,6.323,-3.921,-65.38,0.373,-0.461,9.816,-0.008,0.011,-0.017,-9.785,-0.545,0.448,0.007,0.017,0.007,0.000,0.000,0.000,0.00,15.0,OK
1787114217.523,FORWARD,4,-81.00,-79.68,-1.30,-0.23,1600,1500,31.58,6.320,-3.923,-65.58,0.373,-0.461,9.816,-0.008,0.011,-0.017,-9.744,-0.491,0.439,0.006,0.021,0.007,0.000,0.000,0.000,0.00,15.0,OK
1787114217.573,FORWARD,4,-81.00,-79.68,-1.30,-0.23,1600,1500,31.53,6.320,-3.922,-66.40,0.373,-0.461,9.816,-0.008,0.011,-0.017,-9.811,-0.497,0.441,0.004,0.023,0.009,0.000,0.000,0.000,0.00,15.0,OK
1787114217.623,FORWARD,4,-81.00,-79.68,-1.30,-0.23,1600,1500,31.48,6.320,-3.922,-66.40,0.373,-0.461,9.816,-0.008,0.011,-0.017,-9.833,-0.447,0.408,0.008,0.027,0.024,0.000,0.000,0.000,0.00,15.0,OK
1787114217.672,FORWARD,4,-81.00,-79.68,-1.30,-0.23,1600,1500,31.43,6.315,-3.924,-66.57,0.333,-0.431,9.787,0.023,0.029,-0.007,-9.833,-0.495,0.486,0.006,0.032,0.020,0.000,0.000,0.000,0.00,15.0,OK
1787114217.723,FORWARD,4,-81.00,-79.68,-1.30,-0.23,1600,1500,31.38,6.314,-3.929,-67.04,0.333,-0.431,9.787,0.023,0.029,-0.007,-9.818,-0.533,0.400,0.011,0.029,0.017,0.000,0.000,0.000,0.00,15.2,OK
1787114217.773,FORWARD,4,-81.00,-79.68,-1.30,-0.23,1600,1500,31.33,6.314,-3.936,-67.42,0.333,-0.431,9.787,0.023,0.029,-0.007,-9.858,-0.409,0.317,0.010,0.029,0.026,0.000,0.000,0.000,0.00,15.2,OK
1787114217.823,FORWARD,4,-81.00,-79.68,-1.30,-0.23,1600,1500,31.28,6.314,-3.936,-67.42,0.333,-0.431,9.787,0.023,0.029,-0.007,-9.775,-0.482,0.391,0.005,0.032,0.013,0.000,0.000,0.000,0.00,15.2,OK
1787114217.873,FORWARD,4,-81.00,-79.68,-1.30,-0.23,1600,1500,31.23,6.317,-3.945,-67.64,0.333,-0.431,9.787,0.023,0.029,-0.007,-9.821,-0.437,0.338,0.010,0.036,0.017,0.000,0.000,0.000,0.00,15.2,OK
1787114217.923,FORWARD,4,-81.00,-79.68,-1.30,-0.23,1600,1500,31.18,6.321,-3.952,-68.37,0.373,-0.441,9.787,0.019,0.036,-0.012,-9.811,-0.380,0.314,0.017,0.036,0.024,0.000,0.000,0.000,0.00,15.2,OK
1787114217.973,FORWARD,4,-81.00,-79.68,-1.30,-0.23,1600,1500,31.13,6.315,-3.960,-67.31,0.373,-0.441,9.787,0.019,0.036,-0.012,-9.806,-0.468,0.341,0.012,0.039,0.017,0.000,0.000,0.000,0.00,15.2,OK
1787114218.023,FORWARD,4,-81.00,-79.68,-1.30,-0.23,1600,1500,31.08,6.308,-3.966,-66.48,0.373,-0.441,9.787,0.019,0.036,-0.012,-9.773,-0.398,0.269,0.007,0.043,0.016,0.000,0.000,0.000,0.00,15.2,OK
1787114218.072,FORWARD,4,-81.00,-79.68,-1.30,-0.23,1600,1500,31.03,6.308,-3.966,-66.48,0.373,-0.441,9.787,0.019,0.036,-0.012,-9.811,-0.409,0.247,0.006,0.047,0.017,0.000,0.000,0.000,0.00,15.2,OK
1787114218.123,FORWARD,4,-81.00,-79.68,-1.30,-0.23,1600,1500,30.98,6.305,-3.974,-66.09,0.373,-0.441,9.787,0.019,0.036,-0.012,-9.754,-0.365,0.235,0.007,0.050,-0.003,0.000,0.000,0.000,0.00,15.2,OK
1787114218.173,FORWARD,4,-81.00,-79.68,-1.30,-0.23,1600,1500,30.93,6.306,-3.986,-66.33,0.284,-0.363,9.777,0.005,0.051,-0.010,-9.840,-0.371,0.235,0.002,0.048,0.014,0.000,0.000,0.000,0.00,15.2,OK
1787114218.223,FORWARD,4,-81.00,-79.68,-1.30,-0.23,1600,1500,30.88,6.307,-3.992,-66.36,0.284,-0.363,9.777,0.005,0.051,-0.010,-9.747,-0.456,0.197,0.006,0.055,0.002,0.000,0.000,0.000,0.00,15.2,OK
1787114218.273,FORWARD,4,-81.00,-79.68,-1.30,-0.23,1600,1500,30.83,6.307,-3.992,-66.36,0.284,-0.363,9.777,0.005,0.051,-0.010,-9.759,-0.413,0.130,0.007,0.054,0.006,0.000,0.000,0.000,0.00,15.2,OK
1787114218.323,FORWARD,4,-81.00,-79.68,-1.30,-0.23,1600,1500,30.78,6.303,-3.996,-65.98,0.284,-0.363,9.777,0.005,0.051,-0.010,-9.859,-0.385,0.089,0.016,0.056,0.001,0.000,0.000,0.000,0.00,15.2,OK
1787114218.373,FORWARD,4,-81.00,-79.68,-1.30,-0.23,1600,1500,30.73,6.308,-3.996,-67.04,0.284,-0.363,9.777,0.005,0.051,-0.010,-9.797,-0.377,0.070,0.014,0.054,0.007,0.000,0.000,0.000,0.00,15.2,OK
1787114218.423,FORWARD,4,-81.00,-79.68,-1.29,-0.23,1600,1500,30.68,6.304,-4.001,-66.48,0.108,-0.333,9.816,0.004,0.056,-0.017,-9.816,-0.416,0.087,0.017,0.052,0.002,0.000,0.000,0.000,0.00,15.2,OK
1787114218.473,FORWARD,4,-81.00,-79.68,-1.29,-0.23,1600,1500,30.63,6.304,-4.001,-66.48,0.108,-0.333,9.816,0.004,0.056,-0.017,-9.792,-0.478,0.111,0.015,0.052,0.003,0.000,0.000,0.000,0.00,15.2,OK
1787114218.523,FORWARD,4,-81.00,-79.68,-1.29,-0.23,1600,1500,30.58,6.297,-4.009,-65.63,0.108,-0.333,9.816,0.004,0.056,-0.017,-9.801,-0.361,-0.023,0.016,0.051,0.018,0.000,0.000,0.000,0.00,15.2,OK
1787114218.573,FORWARD,4,-81.00,-79.68,-1.29,-0.23,1600,1500,30.53,6.301,-4.012,-66.58,0.108,-0.333,9.816,0.004,0.056,-0.017,-9.814,-0.356,-0.004,0.025,0.042,0.020,0.000,0.000,0.000,0.00,15.2,OK
1787114218.623,FORWARD,4,-81.00,-79.68,-1.29,-0.23,1600,1500,30.48,6.301,-4.012,-66.58,0.108,-0.333,9.816,0.004,0.056,-0.017,-9.782,-0.389,-0.057,0.022,0.037,0.022,0.000,0.000,0.000,0.00,15.2,OK
1787114218.673,FORWARD,4,-81.00,-79.68,-1.28,-0.23,1600,1500,30.43,6.300,-4.022,-67.38,-0.059,-0.324,9.826,0.024,0.039,-0.030,-9.830,-0.349,-0.066,0.028,0.037,0.028,0.000,0.000,0.000,0.00,15.2,OK
1787114218.723,FORWARD,4,-81.00,-79.68,-1.28,-0.23,1600,1500,30.38,6.295,-4.039,-66.02,-0.059,-0.324,9.826,0.024,0.039,-0.030,-9.859,-0.347,-0.071,0.026,0.032,0.033,0.000,0.000,0.000,0.00,15.0,OK
1787114218.773,FORWARD,4,-81.00,-79.68,-1.28,-0.23,1600,1500,30.33,6.291,-4.050,-64.45,-0.059,-0.324,9.826,0.024,0.039,-0.030,-9.813,-0.294,-0.107,0.027,0.030,0.034,0.000,0.000,0.000,0.00,15.0,OK
1787114218.823,FORWARD,4,-81.00,-79.68,-1.28,-0.23,1600,1500,30.28,6.291,-4.054,-63.96,-0.059,-0.324,9.826,0.024,0.039,-0.030,-9.778,-0.351,-0.102,0.026,0.025,0.025,0.000,0.000,0.000,0.00,15.0,OK
1787114218.873,FORWARD,4,-81.00,-79.68,-1.28,-0.23,1600,1500,30.23,6.291,-4.054,-63.96,-0.059,-0.324,9.826,0.024,0.039,-0.030,-9.842,-0.320,-0.057,0.023,0.020,0.015,0.000,0.000,0.000,0.00,15.0,OK
1787114218.923,FORWARD,4,-81.00,-79.68,-1.28,-0.23,1600,1500,30.18,6.289,-4.059,-64.31,-0.157,-0.275,9.767,0.018,0.022,-0.029,-9.814,-0.270,-0.148,0.024,0.020,0.016,0.000,0.000,0.000,0.00,15.0,OK
1787114218.973,FORWARD,4,-81.00,-79.68,-1.28,-0.23,1600,1500,30.13,6.285,-4.067,-64.23,-0.157,-0.275,9.767,0.018,0.022,-0.029,-9.809,-0.325,-0.112,0.027,0.017,0.017,0.000,0.000,0.000,0.00,15.0,OK
1787114219.023,FORWARD,4,-81.00,-79.68,-1.28,-0.23,1600,1500,30.08,6.285,-4.067,-64.23,-0.157,-0.275,9.767,0.018,0.022,-0.029,-9.783,-0.253,-0.121,0.020,0.014,0.001,0.000,0.000,0.000,0.00,15.0,OK
1787114219.073,FORWARD,4,-81.00,-79.68,-1.28,-0.23,1600,1500,30.03,6.285,-4.069,-64.62,-0.157,-0.275,9.767,0.018,0.022,-0.029,-9.852,-0.294,-0.114,0.017,0.014,-0.009,0.000,0.000,0.000,0.00,15.0,OK
1787114219.123,FORWARD,4,-81.00,-79.68,-1.28,-0.23,1600,1500,29.98,6.279,-4.076,-64.14,-0.157,-0.275,9.767,0.018,0.022,-0.029,-9.866,-0.275,-0.150,0.016,0.012,-0.010,0.000,0.000,0.000,0.00,15.0,OK
1787114219.172,FORWARD,4,-81.00,-79.68,-1.28,-0.23,1600,1500,29.93,6.275,-4.082,-64.08,-0.216,-0.255,9.758,-0.012,0.012,-0.020,-9.802,-0.282,-0.128,0.016,0.007,-0.010,0.000,0.000,0.000,0.00,15.0,OK
1787114219.223,FORWARD,4,-81.00,-79.68,-1.28,-0.23,1600,1500,29.88,6.275,-4.082,-64.08,-0.216,-0.255,9.758,-0.012,0.012,-0.020,-9.771,-0.324,-0.176,0.014,0.004,-0.011,0.000,0.000,0.000,0.00,15.0,OK
1787114219.272,FORWARD,4,-81.00,-79.68,-1.28,-0.23,1600,1500,29.83,6.273,-4.088,-64.34,-0.216,-0.255,9.758,-0.012,0.012,-0.020,-9.823,-0.311,-0.207,0.018,-0.002,-0.014,0.000,0.000,0.000,0.00,15.0,OK
1787114219.323,FORWARD,4,-81.00,-79.68,-1.28,-0.23,1600,1500,29.78,6.268,-4.095,-64.19,-0.216,-0.255,9.758,-0.012,0.012,-0.020,-9.742,-0.331,-0.107,0.018,-0.005,-0.013,0.000,0.000,0.000,0.00,15.0,OK
1787114219.373,FORWARD,4,-81.00,-79.68,-1.28,-0.23,1600,1500,29.73,6.266,-4.098,-64.62,-0.216,-0.255,9.758,-0.012,0.012,-0.020,-9.811,-0.294,-0.124,0.020,-0.011,-0.014,0.000,0.000,0.000,0.00,15.0,OK
1787114219.423,FORWARD,4,-81.00,-79.68,-1.28,-0.23,1600,1500,29.68,6.266,-4.098,-64.62,-0.245,-0.216,9.777,-0.009,-0.008,-0.022,-9.799,-0.413,-0.119,0.019,-0.014,0.007,0.000,0.000,0.000,0.00,15.0,OK
1787114219.473,FORWARD,4,-81.00,-79.68,-1.28,-0.23,1600,1500,29.63,6.263,-4.104,-65.12,-0.245,-0.216,9.777,-0.009,-0.008,-0.022,-9.883,-0.309,-0.112,0.020,-0.022,0.015,0.000,0.000,0.000,0.00,15.0,OK
1787114219.523,FORWARD,4,-81.00,-79.68,-1.28,-0.23,1600,1500,29.58,6.261,-4.109,-65.43,-0.245,-0.216,9.777,-0.009,-0.008,-0.022,-9.816,-0.313,-0.126,0.020,-0.028,0.005,0.000,0.000,0.000,0.00,15.0,OK
1787114219.573,FORWARD,4,-81.00,-79.68,-1.28,-0.23,1600,1500,29.53,6.263,-4.117,-66.04,-0.245,-0.216,9.777,-0.009,-0.008,-0.022,-9.747,-0.310,-0.109,0.019,-0.030,0.011,0.000,0.000,0.000,0.00,15.0,OK
1787114219.624,FORWARD,4,-81.00,-79.68,-1.28,-0.23,1600,1500,29.48,6.258,-4.122,-65.31,-0.245,-0.216,9.777,-0.009,-0.008,-0.022,-9.814,-0.258,-0.078,0.023,-0.035,0.010,0.000,0.000,0.000,0.00,15.0,OK
1787114219.673,FORWARD,4,-81.00,-79.68,-1.28,-0.23,1600,1500,29.43,6.258,-4.122,-65.31,-0.255,-0.304,9.777,0.010,-0.032,-0.025,-9.811,-0.339,-0.023,0.024,-0.037,-0.012,0.000,0.000,0.000,0.00,15.0,OK
1787114219.722,FORWARD,4,-81.00,-79.68,-1.28,-0.23,1600,1500,29.38,6.255,-4.132,-65.23,-0.255,-0.304,9.777,0.010,-0.032,-0.025,-9.902,-0.280,-0.100,0.027,-0.039,0.005,0.000,0.000,0.000,0.00,15.0,OK
1787114219.773,FORWARD,4,-81.00,-79.68,-1.28,-0.23,1600,1500,29.33,6.246,-4.149,-64.02,-0.255,-0.304,9.777,0.010,-0.032,-0.025,-9.878,-0.266,0.034,0.025,-0.042,-0.011,0.000,0.000,0.000,0.00,15.2,OK
1787114219.824,FORWARD,4,-81.00,-79.68,-1.28,-0.23,1600,1500,29.28,6.246,-4.149,-64.02,-0.255,-0.304,9.777,0.010,-0.032,-0.025,-9.835,-0.263,0.030,0.022,-0.042,-0.006,0.000,0.000,0.000,0.00,15.2,OK
1787114219.873,FORWARD,4,-81.00,-79.68,-1.28,-0.23,1600,1500,29.23,6.243,-4.157,-64.05,-0.255,-0.304,9.777,0.010,-0.032,-0.025,-9.837,-0.296,0.039,0.017,-0.045,-0.014,0.000,0.000,0.000,0.00,15.2,OK
1787114219.923,FORWARD,4,-81.00,-79.68,-1.29,-0.23,1600,1500,29.18,6.253,-4.160,-65.77,-0.118,-0.157,9.777,-0.008,-0.045,-0.019,-9.763,-0.312,0.082,0.020,-0.046,-0.017,0.000,0.000,0.000,0.00,15.2,OK
1787114219.973,FORWARD,4,-81.00,-79.68,-1.29,-0.23,1600,1500,29.13,6.247,-4.172,-65.70,-0.118,-0.157,9.777,-0.008,-0.045,-0.019,-9.921,-0.309,0.051,0.016,-0.046,-0.015,0.000,0.000,0.000,0.00,15.2,OK
1787114220.023,FORWARD,4,-81.00,-79.68,-1.29,-0.23,1600,1500,29.08,6.244,-4.176,-67.40,-0.118,-0.157,9.777,-0.008,-0.045,-0.019,-9.699,-0.307,0.176,0.015,-0.039,-0.023,0.000,0.000,0.000,0.00,15.2,OK
1787114220.074,FORWARD,4,-81.00,-79.68,-1.29,-0.23,1600,1500,29.03,6.244,-4.176,-67.40,-0.118,-0.157,9.777,-0.008,-0.045,-0.019,-9.775,-0.370,0.166,0.017,-0.039,-0.027,0.000,0.000,0.000,0.00,15.2,OK
1787114220.123,FORWARD,4,-81.00,-79.68,-1.29,-0.23,1600,1500,28.98,6.227,-4.186,-66.01,-0.118,-0.157,9.777,-0.008,-0.045,-0.019,-9.873,-0.400,0.151,0.019,-0.043,-0.014,0.000,0.000,0.000,0.00,15.2,OK
1787114220.173,FORWARD,4,-81.00,-79.68,-1.29,-0.23,1600,1500,28.93,6.244,-4.181,-68.22,0.020,-0.255,9.797,-0.016,-0.040,-0.020,-9.811,-0.365,0.166,0.019,-0.041,-0.025,0.000,0.000,0.000,0.00,15.2,OK
1787114220.222,FORWARD,4,-81.00,-79.68,-1.29,-0.23,1600,1500,28.88,6.244,-4.181,-68.22,0.020,-0.255,9.797,-0.016,-0.040,-0.020,-9.794,-0.456,0.221,0.017,-0.037,-0.015,0.000,0.000,0.000,0.00,15.2,OK
1787114220.273,FORWARD,4,-81.00,-79.68,-1.29,-0.23,1600,1500,28.83,6.250,-4.183,-70.80,0.020,-0.255,9.797,-0.016,-0.040,-0.020,-9.835,-0.371,0.218,0.020,-0.039,-0.003,0.000,0.000,0.000,0.00,15.2,OK
1787114220.323,FORWARD,4,-81.00,-79.68,-1.29,-0.23,1600,1500,28.78,6.250,-4.186,-72.11,0.020,-0.255,9.797,-0.016,-0.040,-0.020,-9.780,-0.348,0.255,0.020,-0.042,-0.008,0.000,0.000,0.000,0.00,15.2,OK
1787114220.373,FORWARD,4,-81.00,-79.68,-1.29,-0.23,1600,1500,28.73,6.248,-4.187,-72.78,0.020,-0.255,9.797,-0.016,-0.040,-0.020,-9.775,-0.375,0.276,0.018,-0.035,-0.004,0.000,0.000,0.000,0.00,15.2,OK
1787114220.424,FORWARD,4,-81.00,-79.68,-1.30,-0.23,1600,1500,28.68,6.243,-4.193,-73.09,0.039,-0.333,9.767,0.000,-0.037,-0.020,-9.802,-0.353,0.219,0.021,-0.029,0.005,0.000,0.000,0.000,0.00,15.2,OK
1787114220.474,FORWARD,4,-81.00,-79.68,-1.30,-0.23,1600,1500,28.63,6.243,-4.193,-73.09,0.039,-0.333,9.767,0.000,-0.037,-0.020,-9.752,-0.355,0.271,0.024,-0.025,-0.002,0.000,0.000,0.000,0.00,15.2,OK
1787114220.523,FORWARD,4,-81.00,-79.68,-1.30,-0.23,1600,1500,28.58,6.236,-4.200,-73.27,0.039,-0.333,9.767,0.000,-0.037,-0.020,-9.749,-0.343,0.291,0.023,-0.020,-0.000,0.000,0.000,0.000,0.00,15.2,OK
1787114220.573,FORWARD,4,-81.00,-79.68,-1.30,-0.23,1600,1500,28.53,6.233,-4.207,-73.77,0.039,-0.333,9.767,0.000,-0.037,-0.020,-9.783,-0.310,0.243,0.022,-0.015,0.010,0.000,0.000,0.000,0.00,15.2,OK
1787114220.623,FORWARD,4,-81.00,-79.68,-1.30,-0.23,1600,1500,28.48,6.233,-4.207,-73.77,0.039,-0.333,9.767,0.000,-0.037,-0.020,-9.856,-0.380,0.312,0.023,-0.015,0.016,0.000,0.000,0.000,0.00,15.2,OK
1787114220.673,FORWARD,4,-81.00,-79.68,-1.29,-0.23,1600,1500,28.43,6.231,-4.213,-74.35,0.235,-0.324,9.787,0.015,-0.015,-0.023,-9.828,-0.337,0.309,0.019,-0.015,0.024,0.000,0.000,0.000,0.00,15.2,OK
1787114220.723,FORWARD,4,-81.00,-79.68,-1.29,-0.23,1600,1500,28.38,6.234,-4.214,-75.08,0.235,-0.324,9.787,0.015,-0.015,-0.023,-9.771,-0.291,0.338,0.024,-0.007,0.021,0.000,0.000,0.000,0.00,15.2,OK
1787114220.773,FORWARD,4,-81.00,-79.68,-1.29,-0.23,1600,1500,28.33,6.230,-4.214,-74.85,0.235,-0.324,9.787,0.015,-0.015,-0.023,-9.732,-0.278,0.327,0.023,-0.009,0.017,0.000,0.000,0.000,0.00,15.0,OK
1787114220.823,FORWARD,4,-81.00,-79.68,-1.29,-0.23,1600,1500,28.28,6.228,-4.217,-75.20,0.235,-0.324,9.787,0.015,-0.015,-0.023,-9.821,-0.320,0.341,0.017,-0.006,0.022,0.000,0.000,0.000,0.00,15.0,OK
1787114220.873,FORWARD,4,-81.00,-79.68,-1.29,-0.23,1600,1500,28.23,6.228,-4.217,-75.20,0.235,-0.324,9.787,0.015,-0.015,-0.023,-9.783,-0.265,0.355,0.020,-0.001,0.009,0.000,0.000,0.000,0.00,15.0,OK
1787114220.922,FORWARD,4,-81.00,-79.68,-1.30,-0.23,1600,1500,28.18,6.232,-4.249,-75.57,0.255,-0.343,9.797,0.008,-0.000,-0.020,-9.780,-0.327,0.336,0.018,0.001,-0.004,0.000,0.000,0.000,0.00,15.0,OK
1787114220.973,FORWARD,4,-81.00,-79.68,-1.30,-0.23,1600,1500,28.13,6.237,-4.254,-76.01,0.255,-0.343,9.797,0.008,-0.000,-0.020,-9.809,-0.274,0.276,0.021,0.006,-0.007,0.000,0.000,0.000,0.00,15.0,OK
1787114221.023,FORWARD,4,-81.00,-79.68,-1.30,-0.23,1600,1500,28.08,6.239,-4.253,-76.47,0.255,-0.343,9.797,0.008,-0.000,-0.020,-9.735,-0.434,0.370,0.028,0.006,-0.012,0.000,0.000,0.000,0.00,15.0,OK
1787114221.072,FORWARD,4,-81.00,-79.68,-1.30,-0.23,1600,1500,28.03,6.239,-4.253,-76.47,0.255,-0.343,9.797,0.008,-0.000,-0.020,-9.794,-0.353,0.341,0.025,0.008,-0.011,0.000,0.000,0.000,0.00,15.0,OK
1787114221.122,FORWARD,4,-81.00,-79.68,-1.30,-0.23,1600,1500,27.98,6.225,-4.259,-76.63,0.255,-0.343,9.797,0.008,-0.000,-0.020,-9.883,-0.271,0.324,0.017,0.010,-0.004,0.000,0.000,0.000,0.00,15.0,OK
1787114221.172,FORWARD,4,-82.00,-79.68,-1.30,-0.23,1600,1500,27.93,6.220,-4.262,-76.52,0.186,-0.284,9.836,-0.006,0.010,-0.022,-9.852,-0.292,0.372,0.018,0.016,-0.012,0.000,0.000,0.000,0.00,15.0,OK
1787114221.223,FORWARD,4,-82.00,-79.68,-1.30,-0.23,1600,1500,27.88,6.220,-4.262,-76.52,0.186,-0.284,9.836,-0.006,0.010,-0.022,-9.811,-0.318,0.353,0.019,0.017,-0.004,0.000,0.000,0.000,0.00,15.0,OK
1787114221.274,FORWARD,4,-82.00,-79.68,-1.30,-0.23,1600,1500,27.83,6.209,-4.273,-75.86,0.186,-0.284,9.836,-0.006,0.010,-0.022,-9.890,-0.352,0.295,0.019,0.016,0.002,0.000,0.000,0.000,0.00,15.0,OK
1787114221.322,FORWARD,4,-82.00,-79.68,-1.30,-0.23,1600,1500,27.78,6.207,-4.286,-75.62,0.186,-0.284,9.836,-0.006,0.010,-0.022,-9.778,-0.403,0.295,0.024,0.016,0.003,0.000,0.000,0.000,0.00,15.0,OK
1787114221.373,FORWARD,4,-82.00,-79.68,-1.30,-0.23,1600,1500,27.73,6.202,-4.296,-74.91,0.186,-0.284,9.836,-0.006,0.010,-0.022,-9.761,-0.415,0.319,0.023,0.022,0.018,0.000,0.000,0.000,0.00,15.0,OK
1787114221.422,FORWARD,4,-82.00,-79.68,-1.30,-0.23,1600,1500,27.68,6.202,-4.296,-74.91,0.177,-0.284,9.816,0.017,0.022,-0.025,-9.849,-0.342,0.238,0.019,0.019,0.017,0.000,0.000,0.000,0.00,15.0,OK
1787114221.473,FORWARD,4,-82.00,-79.68,-1.30,-0.23,1600,1500,27.63,6.201,-4.301,-75.01,0.177,-0.284,9.816,0.017,0.022,-0.025,-9.783,-0.303,0.207,0.026,0.024,0.031,0.000,0.000,0.000,0.00,15.0,OK
1787114221.524,FORWARD,4,-82.00,-79.68,-1.30,-0.23,1600,1500,27.58,6.199,-4.307,-74.83,0.177,-0.284,9.816,0.017,0.022,-0.025,-9.852,-0.297,0.218,0.030,0.031,0.025,0.000,0.000,0.000,0.00,15.0,OK
1787114221.573,FORWARD,4,-82.00,-79.68,-1.30,-0.23,1600,1500,27.53,6.195,-4.313,-74.62,0.177,-0.284,9.816,0.017,0.022,-0.025,-9.823,-0.260,0.235,0.024,0.027,0.011,0.000,0.000,0.000,0.00,15.0,OK
1787114221.624,FORWARD,4,-82.00,-79.68,-1.30,-0.23,1600,1500,27.48,6.195,-4.313,-74.62,0.177,-0.284,9.816,0.017,0.022,-0.025,-9.744,-0.212,0.173,0.026,0.035,0.010,0.000,0.000,0.000,0.00,15.0,OK
1787114221.674,FORWARD,4,-82.00,-79.68,-1.30,-0.23,1600,1500,27.43,6.185,-4.321,-73.13,0.216,-0.284,9.787,0.011,0.031,-0.027,-9.811,-0.277,0.226,0.011,0.031,0.003,0.000,0.000,0.000,0.00,15.0,OK
1787114221.723,FORWARD,4,-82.00,-79.68,-1.30,-0.23,1600,1500,27.38,6.187,-4.327,-74.01,0.216,-0.284,9.787,0.011,0.031,-0.027,-9.783,-0.207,0.156,0.008,0.029,0.005,0.000,0.000,0.000,0.00,15.0,OK
1787114221.773,FORWARD,4,-82.00,-79.68,-1.30,-0.23,1600,1500,27.33,6.186,-4.333,-74.40,0.216,-0.284,9.787,0.011,0.031,-0.027,-9.818,-0.260,0.161,0.009,0.028,0.001,0.000,0.000,0.000,0.00,15.0,OK
1787114221.822,FORWARD,4,-82.00,-79.68,-1.30,-0.23,1600,1500,27.28,6.186,-4.333,-74.40,0.216,-0.284,9.787,0.011,0.031,-0.027,-9.771,-0.202,0.168,0.007,0.025,-0.014,0.000,0.000,0.000,0.00,15.0,OK
1787114221.873,FORWARD,4,-82.00,-79.68,-1.30,-0.23,1600,1500,27.23,6.179,-4.338,-73.13,0.216,-0.284,9.787,0.011,0.031,-0.027,-9.811,-0.239,0.120,0.004,0.029,-0.011,0.000,0.000,0.000,0.00,15.0,OK
1787114221.923,FORWARD,4,-82.00,-79.68,-1.30,-0.23,1600,1500,27.18,6.179,-4.342,-73.68,0.108,-0.177,9.797,-0.015,0.029,-0.005,-9.833,-0.272,0.137,0.008,0.027,-0.013,0.000,0.000,0.000,0.00,15.0,OK
1787114221.973,FORWARD,4,-82.00,-79.68,-1.30,-0.23,1600,1500,27.13,6.180,-4.344,-74.51,0.108,-0.177,9.797,-0.015,0.029,-0.005,-9.716,-0.321,0.111,0.001,0.028,-0.002,0.000,0.000,0.000,0.00,15.0,OK
1787114222.023,FORWARD,4,-82.00,-79.68,-1.30,-0.23,1600,1500,27.08,6.180,-4.344,-74.51,0.108,-0.177,9.797,-0.015,0.029,-0.005,-9.797,-0.267,0.147,0.002,0.027,-0.017,0.000,0.000,0.000,0.00,15.0,OK
1787114222.073,FORWARD,4,-82.00,-79.68,-1.30,-0.23,1600,1500,27.03,6.175,-4.350,-74.66,0.108,-0.177,9.797,-0.015,0.029,-0.005,-9.830,-0.299,0.106,-0.001,0.026,-0.004,0.000,0.000,0.000,0.00,15.0,OK
1787114222.122,FORWARD,4,-82.00,-79.68,-1.30,-0.23,1600,1500,26.98,6.171,-4.361,-75.14,0.108,-0.177,9.797,-0.015,0.029,-0.005,-9.826,-0.270,0.063,-0.003,0.024,-0.005,0.000,0.000,0.000,0.00,15.0,OK
1787114222.172,FORWARD,4,-82.00,-79.68,-1.30,-0.23,1600,1500,26.93,6.171,-4.359,-74.82,0.029,-0.255,9.777,-0.004,0.024,-0.000,-9.866,-0.290,0.096,-0.002,0.019,0.001,0.000,0.000,0.000,0.00,15.0,OK
1787114222.222,FORWARD,4,-82.00,-79.68,-1.30,-0.23,1600,1500,26.88,6.167,-4.369,-74.90,0.029,-0.255,9.777,-0.004,0.024,-0.000,-9.847,-0.282,0.063,0.003,0.014,0.003,0.000,0.000,0.000,0.00,15.0,OK
1787114222.274,FORWARD,4,-82.00,-79.68,-1.30,-0.23,1600,1500,26.83,6.167,-4.369,-74.90,0.029,-0.255,9.777,-0.004,0.024,-0.000,-9.799,-0.317,0.085,0.005,0.015,0.002,0.000,0.000,0.000,0.00,15.0,OK
1787114222.323,FORWARD,4,-82.00,-79.68,-1.30,-0.23,1600,1500,26.78,6.175,-4.375,-76.67,0.029,-0.255,9.777,-0.004,0.024,-0.000,-9.837,-0.320,0.085,0.008,0.013,0.017,0.000,0.000,0.000,0.00,15.0,OK
1787114222.373,FORWARD,4,-82.00,-79.68,-1.30,-0.23,1600,1500,26.73,6.165,-4.385,-75.95,0.029,-0.255,9.777,-0.004,0.024,-0.000,-9.811,-0.377,0.065,0.008,0.006,0.016,0.000,0.000,0.000,0.00,15.0,OK
1787114222.422,FORWARD,4,-82.00,-79.68,-1.29,-0.23,1600,1500,26.68,6.165,-4.385,-75.95,-0.020,-0.226,9.777,0.016,0.008,-0.007,-9.823,-0.306,0.006,0.010,0.006,0.033,0.000,0.000,0.000,0.00,15.0,OK
1787114222.473,FORWARD,4,-82.00,-79.68,-1.29,-0.23,1600,1500,26.63,6.163,-4.400,-74.49,-0.020,-0.226,9.777,0.016,0.008,-0.007,-9.809,-0.318,0.089,0.012,0.002,0.027,0.000,0.000,0.000,0.00,15.0,OK
1787114222.523,FORWARD,4,-82.00,-79.68,-1.29,-0.23,1600,1500,26.58,6.157,-4.411,-73.31,-0.020,-0.226,9.777,0.016,0.008,-0.007,-9.890,-0.249,0.041,0.007,-0.004,0.030,0.000,0.000,0.000,0.00,15.0,OK
1787114222.572,FORWARD,4,-82.00,-79.68,-1.29,-0.23,1600,1500,26.53,6.155,-4.416,-73.04,-0.020,-0.226,9.777,0.016,0.008,-0.007,-9.771,-0.233,0.046,0.014,-0.008,0.014,0.000,0.000,0.000,0.00,15.0,OK
1787114222.623,FORWARD,4,-82.00,-79.68,-1.29,-0.23,1600,1500,26.48,6.155,-4.416,-73.04,-0.020,-0.226,9.777,0.016,0.008,-0.007,-9.692,-0.275,0.059,0.013,-0.003,0.013,0.000,0.000,0.000,0.00,15.0,OK
1787114222.673,FORWARD,4,-82.00,-79.68,-1.29,-0.23,1600,1500,26.43,6.149,-4.421,-72.56,-0.029,-0.275,9.787,0.013,-0.007,-0.014,-9.830,-0.246,0.044,0.010,-0.008,0.001,0.000,0.000,0.000,0.00,15.0,OK
1787114222.723,FORWARD,4,-82.00,-79.68,-1.29,-0.23,1600,1500,26.38,6.147,-4.435,-73.01,-0.029,-0.275,9.787,0.013,-0.007,-0.014,-9.859,-0.211,0.080,0.015,-0.009,0.009,0.000,0.000,0.000,0.00,15.0,OK
1787114222.774,FORWARD,4,-82.00,-79.68,-1.29,-0.23,1600,1500,26.33,6.145,-4.444,-72.87,-0.029,-0.275,9.787,0.013,-0.007,-0.014,-9.840,-0.206,0.061,0.015,-0.010,-0.011,0.000,0.000,0.000,0.00,15.0,OK
1787114222.823,FORWARD,4,-82.00,-79.68,-1.29,-0.23,1600,1500,26.28,6.149,-4.444,-73.57,-0.029,-0.275,9.787,0.013,-0.007,-0.014,-9.768,-0.276,0.056,0.017,-0.009,-0.024,0.000,0.000,0.000,0.00,15.0,OK
1787114222.873,FORWARD,4,-82.00,-79.68,-1.29,-0.23,1600,1500,26.23,6.149,-4.444,-73.57,-0.029,-0.275,9.787,0.013,-0.007,-0.014,-9.825,-0.256,0.054,0.019,-0.009,-0.022,0.000,0.000,0.000,0.00,15.0,OK
1787114222.923,FORWARD,4,-82.00,-79.68,-1.29,-0.23,1600,1500,26.18,6.149,-4.447,-74.40,-0.010,-0.196,9.777,-0.020,-0.008,-0.023,-9.835,-0.229,0.099,0.024,-0.009,-0.017,0.000,0.000,0.000,0.00,15.0,OK
1787114222.973,FORWARD,4,-82.00,-79.68,-1.29,-0.23,1600,1500,26.13,6.150,-4.450,-75.81,-0.010,-0.196,9.777,-0.020,-0.008,-0.023,-9.782,-0.272,0.070,0.024,-0.011,-0.027,0.000,0.000,0.000,0.00,15.0,OK
1787114223.022,FORWARD,4,-82.00,-79.68,-1.29,-0.23,1600,1500,26.08,6.150,-4.450,-75.81,-0.010,-0.196,9.777,-0.020,-0.008,-0.023,-9.830,-0.284,-0.002,0.022,-0.013,-0.023,0.000,0.000,0.000,0.00,15.0,OK
1787114223.072,FORWARD,4,-82.00,-79.68,-1.29,-0.23,1600,1500,26.03,6.140,-4.458,-75.31,-0.010,-0.196,9.777,-0.020,-0.008,-0.023,-9.813,-0.337,0.104,0.028,-0.012,-0.016,0.000,0.000,0.000,0.00,15.0,OK
1787114223.123,FORWARD,4,-82.00,-79.68,-1.29,-0.23,1600,1500,25.98,6.132,-4.466,-75.64,-0.010,-0.196,9.777,-0.020,-0.008,-0.023,-9.861,-0.280,0.077,0.023,-0.015,-0.001,0.000,0.000,0.000,0.00,15.0,OK
1787114223.173,FORWARD,4,-82.00,-79.68,-1.29,-0.23,1600,1500,25.93,6.129,-4.468,-76.30,-0.020,-0.216,9.738,0.000,-0.014,-0.025,-9.790,-0.291,0.118,0.023,-0.012,0.008,0.000,0.000,0.000,0.00,15.0,OK
1787114223.222,FORWARD,4,-82.00,-79.68,-1.29,-0.23,1600,1500,25.88,6.129,-4.468,-76.30,-0.020,-0.216,9.738,0.000,-0.014,-0.025,-9.799,-0.243,0.096,0.019,-0.018,-0.001,0.000,0.000,0.000,0.00,15.0,OK
1787114223.272,FORWARD,4,-82.00,-79.68,-1.29,-0.23,1600,1500,25.83,6.127,-4.478,-78.09,-0.020,-0.216,9.738,0.000,-0.014,-0.025,-9.847,-0.263,0.101,0.019,-0.020,0.007,0.000,0.000,0.000,0.00,15.0,OK
1787114223.323,FORWARD,4,-82.00,-79.68,-1.29,-0.23,1600,1500,25.78,6.134,-4.486,-79.89,-0.020,-0.216,9.738,0.000,-0.014,-0.025,-9.840,-0.261,0.180,0.019,-0.022,0.016,0.000,0.000,0.000,0.00,15.0,OK
1787114223.373,FORWARD,4,-82.00,-79.68,-1.29,-0.23,1600,1500,25.73,6.133,-4.489,-79.72,-0.020,-0.216,9.738,0.000,-0.014,-0.025,-9.849,-0.220,0.130,0.017,-0.024,0.016,0.000,0.000,0.000,0.00,15.0,OK
1787114223.422,FORWARD,4,-82.00,-79.68,-1.29,-0.23,1600,1500,25.68,6.121,-4.500,-77.40,0.020,-0.245,9.787,0.017,-0.024,-0.015,-9.752,-0.298,0.176,0.019,-0.023,0.022,0.000,0.000,0.000,0.00,15.0,OK
1787114223.473,FORWARD,4,-82.00,-79.68,-1.29,-0.23,1600,1500,25.63,6.121,-4.500,-77.40,0.020,-0.245,9.787,0.017,-0.024,-0.015,-9.837,-0.194,0.197,0.016,-0.024,0.025,0.000,0.000,0.000,0.00,15.0,OK
1787114223.523,FORWARD,4,-82.00,-79.68,-1.29,-0.23,1600,1500,25.58,6.119,-4.507,-77.79,0.020,-0.245,9.787,0.017,-0.024,-0.015,-9.809,-0.275,0.202,0.010,-0.027,0.024,0.000,0.000,0.000,0.00,15.0,OK
1787114223.573,FORWARD,4,-82.00,-79.68,-1.29,-0.23,1600,1500,25.53,6.116,-4.515,-77.76,0.020,-0.245,9.787,0.017,-0.024,-0.015,-9.783,-0.193,0.183,0.009,-0.023,0.030,0.000,0.000,0.000,0.00,15.0,OK
1787114223.623,FORWARD,4,-82.00,-79.68,-1.29,-0.23,1600,1500,25.48,6.116,-4.515,-77.76,0.020,-0.245,9.787,0.017,-0.024,-0.015,-9.825,-0.253,0.231,0.015,-0.024,0.019,0.000,0.000,0.000,0.00,15.0,OK
1787114223.673,FORWARD,4,-82.00,-79.68,-1.30,-0.23,1600,1500,25.43,6.111,-4.515,-77.48,0.098,-0.216,9.787,0.019,-0.027,-0.014,-9.852,-0.244,0.271,0.010,-0.031,0.004,0.000,0.000,0.000,0.00,15.0,OK
1787114223.722,FORWARD,4,-82.00,-79.68,-1.30,-0.23,1600,1500,25.38,6.111,-4.520,-78.34,0.098,-0.216,9.787,0.019,-0.027,-0.014,-9.806,-0.198,0.264,0.014,-0.027,0.006,0.000,0.000,0.000,0.00,15.0,OK
1787114223.773,FORWARD,4,-82.00,-79.68,-1.30,-0.23,1600,1500,25.33,6.115,-4.519,-80.11,0.098,-0.216,9.787,0.019,-0.027,-0.014,-9.854,-0.234,0.278,0.010,-0.030,-0.001,0.000,0.000,0.000,0.00,15.0,OK
1787114223.823,FORWARD,4,-82.00,-79.68,-1.30,-0.23,1600,1500,25.28,6.106,-4.528,-79.46,0.098,-0.216,9.787,0.019,-0.027,-0.014,-9.811,-0.184,0.305,0.009,-0.027,0.002,0.000,0.000,0.000,0.00,15.3,OK
1787114223.873,FORWARD,4,-82.00,-79.68,-1.30,-0.23,1600,1500,25.23,6.106,-4.528,-79.46,0.098,-0.216,9.787,0.019,-0.027,-0.014,-9.802,-0.138,0.283,0.009,-0.023,0.010,0.000,0.000,0.000,0.00,15.3,OK
1787114223.923,FORWARD,4,-82.00,-79.68,-1.29,-0.23,1600,1500,25.18,6.096,-4.540,-78.25,0.088,-0.177,9.787,0.002,-0.023,-0.010,-9.775,-0.193,0.312,0.007,-0.019,-0.007,0.000,0.000,0.000,0.00,15.3,OK
1787114223.974,FORWARD,4,-82.00,-79.68,-1.29,-0.23,1600,1500,25.13,6.092,-4.546,-77.67,0.088,-0.177,9.787,0.002,-0.023,-0.010,-9.768,-0.245,0.329,0.004,-0.017,-0.002,0.000,0.000,0.000,0.00,15.3,OK
1787114224.022,FORWARD,4,-82.00,-79.68,-1.29,-0.23,1600,1500,25.08,6.092,-4.546,-77.67,0.088,-0.177,9.787,0.002,-0.023,-0.010,-9.778,-0.233,0.290,0.005,-0.013,0.010,0.000,0.000,0.000,0.00,15.3,OK
1787114224.073,FORWARD,4,-82.00,-79.68,-1.29,-0.23,1600,1500,25.03,6.087,-4.554,-77.42,0.088,-0.177,9.787,0.002,-0.023,-0.010,-9.768,-0.142,0.377,0.006,-0.013,0.005,0.000,0.000,0.000,0.00,15.3,OK
1787114224.122,FORWARD,4,-82.00,-79.68,-1.29,-0.23,1600,1500,24.98,6.077,-4.556,-76.60,0.088,-0.177,9.787,0.002,-0.023,-0.010,-9.756,-0.164,0.343,0.001,-0.008,0.004,0.000,0.000,0.000,0.00,15.3,OK
1787114224.173,FORWARD,4,-82.00,-79.68,-1.29,-0.23,1600,1500,24.93,6.068,-4.565,-75.26,0.177,-0.157,9.816,-0.000,-0.009,-0.003,-9.785,-0.176,0.381,-0.002,-0.002,0.000,0.000,0.000,0.000,0.00,15.3,OK
1787114224.223,FORWARD,4,-82.00,-79.68,-1.29,-0.23,1600,1500,24.88,6.068,-4.566,-75.47,0.177,-0.157,9.816,-0.000,-0.009,-0.003,-9.778,-0.236,0.405,0.001,0.001,0.001,0.000,0.000,0.000,0.00,15.3,OK
1787114224.272,FORWARD,4,-82.00,-79.68,-1.29,-0.23,1600,1500,24.83,6.068,-4.566,-75.47,0.177,-0.157,9.816,-0.000,-0.009,-0.003,-9.794,-0.250,0.365,0.003,0.005,0.003,0.000,0.000,0.000,0.00,15.3,OK
1787114224.322,FORWARD,4,-82.00,-79.68,-1.29,-0.23,1600,1500,24.78,6.067,-4.566,-75.73,0.177,-0.157,9.816,-0.000,-0.009,-0.003,-9.792,-0.224,0.345,0.004,0.009,0.007,0.000,0.000,0.000,0.00,15.3,OK
1787114224.373,FORWARD,4,-82.00,-79.68,-1.29,-0.23,1600,1500,24.73,6.084,-4.565,-79.77,0.177,-0.157,9.816,-0.000,-0.009,-0.003,-9.799,-0.140,0.357,0.005,0.011,0.007,0.000,0.000,0.000,0.00,15.3,OK
1787114224.422,FORWARD,4,-82.00,-79.68,-1.29,-0.23,1600,1500,24.68,6.084,-4.565,-79.77,0.294,-0.118,9.767,0.006,0.009,-0.005,-9.869,-0.153,0.300,0.006,0.010,0.008,0.000,0.000,0.000,0.00,15.3,OK
1787114224.473,FORWARD,4,-82.00,-79.68,-1.29,-0.23,1600,1500,24.63,6.084,-4.565,-81.23,0.294,-0.118,9.767,0.006,0.009,-0.005,-9.828,-0.174,0.290,0.007,0.017,0.025,0.000,0.000,0.000,0.00,15.3,OK
1787114224.523,FORWARD,4,-82.00,-79.68,-1.29,-0.23,1600,1500,24.58,6.083,-4.565,-81.79,0.294,-0.118,9.767,0.006,0.009,-0.005,-9.778,-0.162,0.276,0.009,0.016,0.031,0.000,0.000,0.000,0.00,15.3,OK
1787114224.572,FORWARD,4,-82.00,-79.68,-1.29,-0.23,1600,1500,24.53,6.083,-4.565,-82.21,0.294,-0.118,9.767,0.006,0.009,-0.005,-9.794,-0.054,0.238,0.004,0.019,0.032,0.000,0.000,0.000,0.00,15.3,OK
1787114224.623,FORWARD,4,-82.00,-79.68,-1.29,-0.23,1600,1500,24.48,6.083,-4.565,-82.21,0.294,-0.118,9.767,0.006,0.009,-0.005,-9.804,-0.251,0.305,0.011,0.026,0.028,0.000,0.000,0.000,0.00,15.3,OK
1787114224.673,FORWARD,4,-82.00,-79.68,-1.29,-0.23,1600,1500,24.43,6.085,-4.565,-82.70,0.304,-0.098,9.807,0.027,0.021,-0.015,-9.785,-0.169,0.293,0.020,0.025,0.023,0.000,0.000,0.000,0.00,15.3,OK
1787114224.723,FORWARD,4,-82.00,-79.68,-1.29,-0.23,1600,1500,24.38,6.084,-4.567,-83.14,0.304,-0.098,9.807,0.027,0.021,-0.015,-9.835,-0.060,0.192,0.016,0.026,0.023,0.000,0.000,0.000,0.00,15.3,OK
1787114224.773,FORWARD,4,-82.00,-79.68,-1.29,-0.23,1600,1500,24.33,6.084,-4.567,-83.52,0.304,-0.098,9.807,0.027,0.021,-0.015,-9.754,-0.171,0.259,0.020,0.023,0.018,0.000,0.000,0.000,0.00,15.3,OK
1787114224.822,FORWARD,4,-82.00,-79.68,-1.29,-0.23,1600,1500,24.28,6.084,-4.567,-83.52,0.304,-0.098,9.807,0.027,0.021,-0.015,-9.802,-0.064,0.209,0.013,0.025,0.026,0.000,0.000,0.000,0.00,15.3,OK
1787114224.873,FORWARD,4,-82.00,-79.68,-1.29,-0.23,1600,1500,24.23,6.083,-4.567,-83.84,0.304,-0.098,9.807,0.027,0.021,-0.015,-9.823,-0.026,0.231,0.017,0.025,0.017,0.000,0.000,0.000,0.00,14.3,OK
1787114224.923,FORWARD,4,-82.00,-79.68,-1.29,-0.23,1600,1500,24.18,6.079,-4.571,-84.46,0.108,-0.108,9.787,0.012,0.025,-0.017,-9.780,-0.131,0.283,0.003,0.024,0.010,0.000,0.000,0.000,0.00,14.3,OK
1787114224.973,FORWARD,4,-82.00,-79.68,-1.29,-0.23,1600,1500,24.13,6.075,-4.575,-83.24,0.108,-0.108,9.787,0.012,0.025,-0.017,-9.854,-0.043,0.214,0.013,0.022,0.015,0.000,0.000,0.000,0.00,14.3,OK
1787114225.022,FORWARD,4,-82.00,-79.68,-1.29,-0.23,1600,1500,24.08,6.057,-4.589,-81.46,0.108,-0.108,9.787,0.012,0.025,-0.017,-9.780,-0.073,0.190,0.011,0.019,0.008,0.000,0.000,0.000,0.00,14.3,OK
1787114225.072,FORWARD,4,-82.00,-79.68,-1.29,-0.23,1600,1500,24.03,6.057,-4.589,-81.46,0.108,-0.108,9.787,0.012,0.025,-0.017,-9.771,-0.068,0.168,0.010,0.024,0.015,0.000,0.000,0.000,0.00,14.3,OK
1787114225.122,FORWARD,4,-82.00,-79.68,-1.29,-0.23,1600,1500,23.98,6.072,-4.609,-84.21,0.108,-0.108,9.787,0.012,0.025,-0.017,-9.888,0.019,0.151,0.006,0.019,-0.000,0.000,0.000,0.000,0.00,14.3,OK
1787114225.173,FORWARD,4,-82.00,-79.68,-1.29,-0.23,1600,1500,23.93,6.080,-4.618,-85.13,0.118,-0.010,9.787,-0.000,0.019,-0.006,-9.835,0.010,0.152,0.003,0.013,-0.011,0.000,0.000,0.000,0.00,14.3,OK
1787114225.223,FORWARD,4,-82.00,-79.68,-1.29,-0.23,1600,1500,23.88,6.080,-4.618,-85.13,0.118,-0.010,9.787,-0.000,0.019,-0.006,-9.821,-0.074,0.144,0.006,0.018,0.001,0.000,0.000,0.000,0.00,14.3,OK
1787114225.273,FORWARD,4,-82.00,-79.68,-1.29,-0.23,1600,1500,23.83,6.085,-4.621,-85.78,0.118,-0.010,9.787,-0.000,0.019,-0.006,-9.849,-0.036,0.111,0.003,0.019,-0.006,0.000,0.000,0.000,0.00,14.3,OK
1787114225.323,FORWARD,4,-82.00,-79.68,-1.29,-0.23,1600,1500,23.78,6.087,-4.628,-86.16,0.118,-0.010,9.787,-0.000,0.019,-0.006,-9.818,-0.050,0.118,0.007,0.019,-0.007,0.000,0.000,0.000,0.00,14.3,OK
1787114225.373,FORWARD,4,-82.00,-79.68,-1.29,-0.23,1600,1500,23.73,6.080,-4.635,-85.88,0.118,-0.010,9.787,-0.000,0.019,-0.006,-9.797,-0.035,0.130,0.005,0.019,-0.008,0.000,0.000,0.000,0.00,14.3,OK
1787114225.423,FORWARD,4,-82.00,-79.68,-1.29,-0.23,1600,1500,23.68,6.073,-4.643,-85.22,0.069,0.010,9.816,-0.008,0.020,-0.006,-9.842,-0.096,0.151,0.004,0.019,0.000,0.000,0.000,0.000,0.00,14.3,OK
1787114225.473,FORWARD,4,-82.00,-79.68,-1.29,-0.23,1600,1500,23.63,6.073,-4.643,-85.22,0.069,0.010,9.816,-0.008,0.020,-0.006,-9.849,-0.065,0.080,-0.001,0.017,0.010,0.000,0.000,0.000,0.00,14.3,OK
1787114225.523,FORWARD,4,-82.00,-79.68,-1.29,-0.23,1600,1500,23.58,6.065,-4.659,-84.66,0.069,0.010,9.816,-0.008,0.020,-0.006,-9.866,-0.031,0.099,0.003,0.018,0.016,0.000,0.000,0.000,0.00,14.3,OK
1787114225.573,FORWARD,4,-82.00,-79.68,-1.29,-0.23,1600,1500,23.53,6.061,-4.667,-83.83,0.069,0.010,9.816,-0.008,0.020,-0.006,-9.830,-0.107,0.125,0.004,0.011,0.014,0.000,0.000,0.000,0.00,14.3,OK
1787114225.623,FORWARD,4,-82.00,-79.68,-1.29,-0.23,1600,1500,23.48,6.061,-4.667,-83.83,0.069,0.010,9.816,-0.008,0.020,-0.006,-9.856,-0.029,0.058,0.000,0.012,0.018,0.000,0.000,0.000,0.00,14.3,OK
1787114225.673,FORWARD,4,-82.00,-79.68,-1.28,-0.23,1600,1500,23.43,6.068,-4.673,-85.14,0.029,-0.039,9.787,0.018,0.010,-0.005,-9.806,-0.093,0.108,0.006,0.010,0.016,0.000,0.000,0.000,0.00,14.3,OK
1787114225.722,FORWARD,4,-82.00,-79.68,-1.28,-0.23,1600,1500,23.38,6.066,-4.691,-85.27,0.029,-0.039,9.787,0.018,0.010,-0.005,-9.809,-0.023,0.065,0.012,0.016,0.011,0.000,0.000,0.000,0.00,14.3,OK
1787114225.773,FORWARD,4,-82.00,-79.68,-1.28,-0.23,1600,1500,23.33,6.066,-4.701,-85.66,0.029,-0.039,9.787,0.018,0.010,-0.005,-9.823,-0.050,0.089,0.013,0.013,0.005,0.000,0.000,0.000,0.00,14.3,OK
1787114225.824,FORWARD,4,-82.00,-79.68,-1.28,-0.23,1600,1500,23.28,6.066,-4.701,-85.66,0.029,-0.039,9.787,0.018,0.010,-0.005,-9.837,-0.057,0.032,0.015,0.016,-0.001,0.000,0.000,0.000,0.00,14.3,OK
1787114225.874,FORWARD,4,-82.00,-79.68,-1.28,-0.23,1600,1500,23.23,6.058,-4.712,-84.53,0.029,-0.039,9.787,0.018,0.010,-0.005,-9.832,-0.038,0.092,0.017,0.018,-0.004,0.000,0.000,0.000,0.00,15.0,OK
1787114225.923,FORWARD,4,-82.00,-79.68,-1.29,-0.23,1600,1500,23.18,6.060,-4.726,-85.14,0.078,0.010,9.777,-0.005,0.014,-0.013,-9.775,0.027,0.061,0.007,0.014,-0.003,0.000,0.000,0.000,0.00,15.0,OK
1787114225.973,FORWARD,4,-82.00,-79.68,-1.29,-0.23,1600,1500,23.13,6.062,-4.731,-85.90,0.078,0.010,9.777,-0.005,0.014,-0.013,-9.799,-0.018,0.056,0.009,0.010,0.013,0.000,0.000,0.000,0.00,15.0,OK
1787114226.023,FORWARD,4,-82.00,-79.68,-1.29,-0.23,1600,1500,23.08,6.063,-4.741,-86.78,0.078,0.010,9.777,-0.005,0.014,-0.013,-9.868,-0.046,0.051,0.011,0.013,0.010,0.000,0.000,0.000,0.00,15.0,OK
1787114226.074,FORWARD,4,-82.00,-79.68,-1.29,-0.23,1600,1500,23.03,6.063,-4.741,-86.78,0.078,0.010,9.777,-0.005,0.014,-0.013,-9.789,-0.030,0.015,0.015,0.008,0.014,0.000,0.000,0.000,0.00,15.0,OK
1787114226.123,FORWARD,4,-82.00,-79.68,-1.29,-0.23,1600,1500,22.98,6.065,-4.744,-87.11,0.078,0.010,9.777,-0.005,0.014,-0.013,-9.785,0.044,-0.047,0.010,0.009,0.015,0.000,0.000,0.000,0.00,15.0,OK
1787114226.173,FORWARD,4,-82.00,-79.68,-1.28,-0.23,1600,1500,22.93,6.056,-4.754,-86.16,0.000,-0.020,9.797,0.019,0.007,-0.011,-9.809,-0.014,0.080,0.010,0.002,0.030,0.000,0.000,0.000,0.00,15.0,OK
1787114226.223,FORWARD,4,-82.00,-79.68,-1.28,-0.23,1600,1500,22.88,6.054,-4.758,-85.67,0.000,-0.020,9.797,0.019,0.007,-0.011,-9.868,0.026,0.073,0.009,0.000,0.034,0.000,0.000,0.000,0.00,15.0,OK
1787114226.273,FORWARD,4,-82.00,-79.68,-1.28,-0.23,1600,1500,22.83,6.054,-4.758,-85.67,0.000,-0.020,9.797,0.019,0.007,-0.011,-9.904,0.078,-0.040,0.007,-0.000,0.028,0.000,0.000,0.000,0.00,15.0,OK
1787114226.323,FORWARD,4,-82.00,-79.68,-1.28,-0.23,1600,1500,22.78,6.055,-4.757,-85.77,0.000,-0.020,9.797,0.019,0.007,-0.011,-9.804,0.056,0.044,0.011,-0.003,0.027,0.000,0.000,0.000,0.00,15.0,OK
1787114226.373,FORWARD,4,-82.00,-79.68,-1.28,-0.23,1600,1500,22.73,6.046,-4.776,-84.88,0.000,-0.020,9.797,0.019,0.007,-0.011,-9.837,0.038,0.029,0.012,-0.007,0.030,0.000,0.000,0.000,0.00,15.0,OK
1787114226.423,FORWARD,4,-82.00,-79.68,-1.28,-0.23,1600,1500,22.68,6.049,-4.789,-85.01,-0.147,0.000,9.787,0.028,-0.005,-0.014,-9.885,0.050,0.029,0.014,-0.010,0.026,0.000,0.000,0.000,0.00,15.0,OK
1787114226.473,FORWARD,4,-82.00,-79.68,-1.28,-0.23,1600,1500,22.63,6.049,-4.789,-85.01,-0.147,0.000,9.787,0.028,-0.005,-0.014,-9.747,0.052,0.116,0.016,-0.012,0.017,0.000,0.000,0.000,0.00,15.0,OK
1787114226.523,FORWARD,4,-82.00,-79.68,-1.28,-0.23,1600,1500,22.58,6.049,-4.797,-84.00,-0.147,0.000,9.787,0.028,-0.005,-0.014,-9.677,0.148,0.047,0.015,-0.007,0.021,0.000,0.000,0.000,0.00,15.0,OK
1787114226.573,FORWARD,4,-82.00,-79.68,-1.28,-0.23,1600,1500,22.53,6.041,-4.814,-82.35,-0.147,0.000,9.787,0.028,-0.005,-0.014,-9.816,0.096,0.027,0.009,-0.012,0.021,0.000,0.000,0.000,0.00,15.0,OK
1787114226.623,FORWARD,4,-82.00,-79.68,-1.28,-0.23,1600,1500,22.48,6.041,-4.814,-82.35,-0.147,0.000,9.787,0.028,-0.005,-0.014,-9.809,0.134,0.085,0.006,-0.015,0.001,0.000,0.000,0.000,0.00,15.0,OK
1787114226.673,FORWARD,4,-82.00,-79.68,-1.28,-0.23,1600,1500,22.43,6.038,-4.822,-82.67,-0.167,0.118,9.797,0.000,-0.016,-0.006,-9.811,0.132,0.094,-0.002,-0.016,-0.011,0.000,0.000,0.000,0.00,15.0,OK
1787114226.723,FORWARD,4,-82.00,-79.68,-1.28,-0.23,1600,1500,22.38,6.038,-4.830,-83.39,-0.167,0.118,9.797,0.000,-0.016,-0.006,-9.892,0.117,0.082,-0.001,-0.016,0.002,0.000,0.000,0.000,0.00,15.0,OK
1787114226.772,FORWARD,4,-82.00,-79.68,-1.28,-0.23,1600,1500,22.33,6.035,-4.851,-84.28,-0.167,0.118,9.797,0.000,-0.016,-0.006,-9.856,0.105,0.089,0.002,-0.019,0.006,0.000,0.000,0.000,0.00,15.0,OK
1787114226.824,FORWARD,4,-82.00,-79.68,-1.28,-0.23,1600,1500,22.28,6.038,-4.859,-85.12,-0.167,0.118,9.797,0.000,-0.016,-0.006,-9.768,0.121,0.111,-0.009,-0.016,0.006,0.000,0.000,0.000,0.00,15.0,OK
1787114226.873,FORWARD,4,-82.00,-79.68,-1.28,-0.23,1600,1500,22.23,6.038,-4.859,-85.12,-0.167,0.118,9.797,0.000,-0.016,-0.006,-9.856,0.148,0.094,-0.013,-0.012,-0.007,0.000,0.000,0.000,0.00,15.0,OK
1787114226.924,FORWARD,4,-82.00,-79.68,-1.29,-0.23,1600,1500,22.18,6.037,-4.864,-84.34,0.000,0.177,9.767,-0.009,-0.014,0.008,-9.861,0.148,0.037,-0.009,-0.011,-0.012,0.000,0.000,0.000,0.00,15.2,OK
1787114226.973,FORWARD,4,-82.00,-79.68,-1.29,-0.23,1600,1500,22.13,6.034,-4.871,-84.30,0.000,0.177,9.767,-0.009,-0.014,0.008,-9.787,0.032,0.113,-0.003,-0.006,-0.015,0.000,0.000,0.000,0.00,15.2,OK
1787114227.023,FORWARD,4,-82.00,-79.68,-1.29,-0.23,1600,1500,22.08,6.034,-4.871,-84.30,0.000,0.177,9.767,-0.009,-0.014,0.008,-9.790,0.058,0.154,-0.005,-0.005,-0.022,0.000,0.000,0.000,0.00,15.2,OK
1787114227.073,FORWARD,4,-82.00,-79.68,-1.29,-0.23,1600,1500,22.03,6.030,-4.878,-84.20,0.000,0.177,9.767,-0.009,-0.014,0.008,-9.842,0.041,0.120,-0.003,-0.007,-0.013,0.000,0.000,0.000,0.00,15.2,OK
1787114227.124,FORWARD,4,-82.00,-79.68,-1.29,-0.23,1600,1500,21.98,6.026,-4.892,-84.83,0.000,0.177,9.767,-0.009,-0.014,0.008,-9.906,0.057,0.123,0.001,-0.000,-0.013,0.000,0.000,0.000,0.00,15.2,OK
1787114227.172,FORWARD,4,-82.00,-79.68,-1.30,-0.23,1600,1500,21.93,6.027,-4.905,-85.44,0.098,0.147,9.797,-0.017,-0.003,0.000,-9.818,0.087,0.151,0.002,-0.004,-0.010,0.000,0.000,0.000,0.00,15.2,OK
1787114227.222,FORWARD,4,-82.00,-79.68,-1.30,-0.23,1600,1500,21.88,6.023,-4.910,-84.40,0.098,0.147,9.797,-0.017,-0.003,0.000,-9.856,0.065,0.132,-0.000,-0.001,-0.002,0.000,0.000,0.000,0.00,15.2,OK
1787114227.274,FORWARD,4,-82.00,-79.68,-1.30,-0.23,1600,1500,21.83,6.023,-4.910,-84.40,0.098,0.147,9.797,-0.017,-0.003,0.000,-9.823,-0.012,0.116,-0.002,-0.002,0.004,0.000,0.000,0.000,0.00,15.2,OK
1787114227.323,FORWARD,4,-82.00,-79.68,-1.30,-0.23,1600,1500,21.78,6.025,-4.915,-84.75,0.098,0.147,9.797,-0.017,-0.003,0.000,-9.794,0.061,0.152,0.001,-0.002,0.013,0.000,0.000,0.000,0.00,15.2,OK
1787114227.373,FORWARD,4,-82.00,-79.68,-1.30,-0.23,1600,1500,21.73,6.026,-4.916,-84.95,0.098,0.147,9.797,-0.017,-0.003,0.000,-9.821,0.020,0.120,-0.001,-0.004,0.009,0.000,0.000,0.000,0.00,15.2,OK
1787114227.423,FORWARD,4,-82.00,-79.68,-1.29,-0.23,1600,1500,21.68,6.026,-4.916,-84.95,0.049,0.069,9.797,0.009,-0.007,-0.002,-9.849,0.098,0.147,-0.004,-0.010,0.011,0.000,0.000,0.000,0.00,15.2,OK
1787114227.473,FORWARD,4,-82.00,-79.68,-1.29,-0.23,1600,1500,21.63,6.030,-4.912,-85.93,0.049,0.069,9.797,0.009,-0.007,-0.002,-9.816,0.029,0.133,0.006,-0.009,0.009,0.000,0.000,0.000,0.00,15.2,OK
1787114227.523,FORWARD,4,-82.00,-79.68,-1.29,-0.23,1600,1500,21.58,6.028,-4.896,-87.81,0.049,0.069,9.797,0.009,-0.007,-0.002,-9.730,-0.006,0.231,0.005,-0.009,-0.001,0.000,0.000,0.000,0.00,15.2,OK
1787114227.573,FORWARD,4,-82.00,-79.68,-1.29,-0.23,1600,1500,21.53,6.024,-4.899,-88.15,0.049,0.069,9.797,0.009,-0.007,-0.002,-9.811,0.067,0.135,0.004,-0.009,0.017,0.000,0.000,0.000,0.00,15.2,OK
1787114227.622,FORWARD,4,-82.00,-79.68,-1.29,-0.23,1600,1500,21.48,6.024,-4.910,-88.43,0.049,0.069,9.797,0.009,-0.007,-0.002,-9.875,0.129,0.125,0.001,-0.009,0.020,0.000,0.000,0.000,0.00,15.2,OK
1787114227.673,FORWARD,4,-82.00,-79.68,-1.30,-0.23,1600,1500,21.43,6.024,-4.910,-88.43,0.069,0.108,9.807,0.019,-0.010,0.000,-9.782,0.089,0.161,0.003,-0.001,0.017,0.000,0.000,0.000,0.00,15.2,OK
1787114227.723,FORWARD,4,-82.00,-79.68,-1.30,-0.23,1600,1500,21.38,6.025,-4.915,-88.88,0.069,0.108,9.807,0.019,-0.010,0.000,-9.818,0.118,0.197,-0.002,-0.000,0.028,0.000,0.000,0.000,0.00,15.2,OK
1787114227.773,FORWARD,4,-82.00,-79.68,-1.30,-0.23,1600,1500,21.33,6.025,-4.918,-89.22,0.069,0.108,9.807,0.019,-0.010,0.000,-9.773,0.154,0.140,-0.001,0.002,0.038,0.000,0.000,0.000,0.00,15.2,OK
1787114227.823,FORWARD,4,-82.00,-79.68,-1.30,-0.23,1600,1500,21.28,6.025,-4.918,-89.22,0.069,0.108,9.807,0.019,-0.010,0.000,-9.830,0.153,0.195,0.003,0.005,0.039,0.000,0.000,0.000,0.00,15.2,OK
1787114227.873,FORWARD,4,-82.00,-79.68,-1.30,-0.23,1600,1500,21.23,6.023,-4.925,-88.94,0.069,0.108,9.807,0.019,-0.010,0.000,-9.871,0.170,0.149,-0.007,0.007,0.031,0.000,0.000,0.000,0.00,15.2,OK
1787114227.923,FORWARD,4,-81.00,-79.68,-1.29,-0.23,1600,1500,21.18,6.028,-4.919,-89.07,0.127,0.137,9.807,0.033,0.003,0.001,-9.835,0.251,0.120,-0.003,0.001,0.030,0.000,0.000,0.000,0.00,15.2,OK
1787114227.973,FORWARD,4,-81.00,-79.68,-1.29,-0.23,1600,1500,21.13,6.031,-4.911,-89.36,0.127,0.137,9.807,0.033,0.003,0.001,-9.866,0.143,0.168,-0.010,0.000,0.015,0.000,0.000,0.000,0.00,15.3,OK
1787114228.023,FORWARD,4,-81.00,-79.68,-1.29,-0.23,1600,1500,21.08,6.031,-4.911,-89.36,0.127,0.137,9.807,0.033,0.003,0.001,-9.847,0.208,0.161,-0.009,0.001,0.021,0.000,0.000,0.000,0.00,15.3,OK
1787114228.073,FORWARD,4,-81.00,-79.68,-1.29,-0.23,1600,1500,21.03,6.028,-4.916,-88.83,0.127,0.137,9.807,0.033,0.003,0.001,-9.825,0.263,0.156,-0.004,0.006,0.017,0.000,0.000,0.000,0.00,15.3,OK
1787114228.122,FORWARD,4,-81.00,-79.68,-1.29,-0.23,1600,1500,20.98,6.025,-4.918,-88.74,0.127,0.137,9.807,0.033,0.003,0.001,-9.835,0.230,0.140,-0.009,-0.000,0.001,0.000,0.000,0.000,0.00,15.3,OK
1787114228.173,FORWARD,4,-81.00,-79.68,-1.29,-0.23,1600,1500,20.93,6.023,-4.925,-89.04,0.049,0.167,9.797,0.001,0.002,0.003,-9.785,0.137,0.221,-0.003,-0.001,-0.015,0.000,0.000,0.000,0.00,15.3,OK
1787114228.223,FORWARD,4,-81.00,-79.68,-1.29,-0.23,1600,1500,20.88,6.023,-4.925,-89.04,0.049,0.167,9.797,0.001,0.002,0.003,-9.833,0.184,0.147,-0.010,0.003,-0.001,0.000,0.000,0.000,0.00,15.3,OK
1787114228.273,FORWARD,4,-81.00,-79.68,-1.29,-0.23,1600,1500,20.83,6.019,-4.935,-89.23,0.049,0.167,9.797,0.001,0.002,0.003,-9.919,0.164,0.103,-0.001,0.009,0.002,0.000,0.000,0.000,0.00,15.3,OK
1787114228.323,FORWARD,4,-81.00,-79.68,-1.29,-0.23,1600,1500,20.78,6.016,-4.951,-89.31,0.049,0.167,9.797,0.001,0.002,0.003,-9.816,0.182,0.094,0.003,0.006,-0.010,0.000,0.000,0.000,0.00,15.3,OK
1787114228.373,FORWARD,4,-81.00,-79.68,-1.29,-0.23,1600,1500,20.73,6.019,-4.952,-89.10,0.049,0.167,9.797,0.001,0.002,0.003,-9.794,0.125,0.137,0.007,0.010,-0.027,0.000,0.000,0.000,0.00,15.3,OK
1787114228.424,FORWARD,4,-81.00,-79.68,-1.29,-0.23,1600,1500,20.68,6.026,-4.955,-90.96,0.088,0.235,9.807,-0.021,0.008,-0.006,-9.787,0.120,0.140,0.007,0.011,-0.026,0.000,0.000,0.000,0.00,15.3,OK
1787114228.473,FORWARD,4,-81.00,-79.68,-1.29,-0.23,1600,1500,20.63,6.026,-4.955,-90.96,0.088,0.235,9.807,-0.021,0.008,-0.006,-9.802,0.065,0.137,0.011,0.014,-0.031,0.000,0.000,0.000,0.00,15.3,OK
1787114228.523,FORWARD,4,-81.00,-79.68,-1.29,-0.23,1600,1500,20.58,6.021,-4.965,-90.95,0.088,0.235,9.807,-0.021,0.008,-0.006,-9.766,0.118,0.123,0.012,0.015,-0.030,0.000,0.000,0.000,0.00,15.3,OK
1787114228.573,FORWARD,4,-81.00,-79.68,-1.29,-0.23,1600,1500,20.53,6.019,-4.976,-90.65,0.088,0.235,9.807,-0.021,0.008,-0.006,-9.797,0.118,0.106,0.012,0.018,-0.025,0.000,0.000,0.000,0.00,15.3,OK
1787114228.623,FORWARD,4,-81.00,-79.68,-1.29,-0.23,1600,1500,20.48,6.019,-4.976,-90.65,0.088,0.235,9.807,-0.021,0.008,-0.006,-9.749,0.107,0.130,0.008,0.022,-0.026,0.000,0.000,0.000,0.00,15.3,OK
1787114228.673,FORWARD,4,-81.00,-79.68,-1.29,-0.23,1600,1500,20.43,6.015,-4.983,-90.37,-0.010,0.216,9.836,-0.025,0.020,-0.013,-9.768,0.061,0.133,0.016,0.022,-0.024,0.000,0.000,0.000,0.00,15.3,OK
1787114228.723,FORWARD,4,-81.00,-79.68,-1.29,-0.23,1600,1500,20.38,6.013,-4.992,-90.95,-0.010,0.216,9.836,-0.025,0.020,-0.013,-9.833,0.048,-0.021,0.015,0.027,-0.016,0.000,0.000,0.000,0.00,15.3,OK
1787114228.773,FORWARD,4,-81.00,-79.68,-1.29,-0.23,1600,1500,20.33,6.018,-4.997,-92.21,-0.010,0.216,9.836,-0.025,0.020,-0.013,-9.819,0.110,0.034,0.023,0.024,-0.016,0.000,0.000,0.000,0.00,15.3,OK
1787114228.823,FORWARD,4,-81.00,-79.68,-1.29,-0.23,1600,1500,20.28,6.018,-4.997,-92.21,-0.010,0.216,9.836,-0.025,0.020,-0.013,-9.792,0.044,0.046,0.025,0.031,-0.012,0.000,0.000,0.000,0.00,15.3,OK
1787114228.873,FORWARD,4,-81.00,-79.68,-1.29,-0.23,1600,1500,20.23,6.006,-5.012,-90.02,-0.010,0.216,9.836,-0.025,0.020,-0.013,-9.725,0.081,0.078,0.019,0.038,-0.009,0.000,0.000,0.000,0.00,15.3,OK
1787114228.923,FORWARD,4,-82.00,-79.68,-1.29,-0.23,1600,1500,20.18,6.004,-5.021,-90.13,0.010,0.108,9.797,-0.011,0.032,-0.022,-9.759,0.059,0.032,0.019,0.034,-0.017,0.000,0.000,0.000,0.00,15.3,OK
1787114228.973,FORWARD,4,-82.00,-79.68,-1.29,-0.23,1600,1500,20.13,5.994,-5.035,-88.79,0.010,0.108,9.797,-0.011,0.032,-0.022,-9.861,0.072,-0.030,0.017,0.036,-0.001,0.000,0.000,0.000,0.00,15.3,OK
1787114229.023,FORWARD,4,-82.00,-79.68,-1.29,-0.23,1600,1500,20.08,5.994,-5.035,-88.79,0.010,0.108,9.797,-0.011,0.032,-0.022,-9.790,0.132,-0.028,0.020,0.033,0.011,0.000,0.000,0.000,0.00,14.3,OK
1787114229.073,FORWARD,4,-82.00,-79.68,-1.29,-0.23,1600,1500,20.03,5.992,-5.045,-88.93,0.010,0.108,9.797,-0.011,0.032,-0.022,-9.785,0.051,-0.049,0.013,0.032,0.021,0.000,0.000,0.000,0.00,14.3,OK
1787114229.123,FORWARD,4,-82.00,-79.68,-1.29,-0.23,1600,1500,19.98,5.995,-5.049,-89.65,0.010,0.108,9.797,-0.011,0.032,-0.022,-9.845,0.129,-0.073,0.011,0.033,0.027,0.000,0.000,0.000,0.00,14.3,OK
1787114229.173,FORWARD,4,-82.00,-79.68,-1.28,-0.23,1600,1500,19.93,5.988,-5.061,-88.50,-0.069,0.118,9.797,0.019,0.029,-0.015,-9.758,0.104,-0.090,0.017,0.035,0.014,0.000,0.000,0.000,0.00,14.3,OK
1787114229.223,FORWARD,4,-82.00,-79.68,-1.28,-0.23,1600,1500,19.88,5.983,-5.068,-87.13,-0.069,0.118,9.797,0.019,0.029,-0.015,-9.825,0.108,-0.102,0.016,0.034,0.010,0.000,0.000,0.000,0.00,14.3,OK
1787114229.273,FORWARD,4,-82.00,-79.68,-1.28,-0.23,1600,1500,19.83,5.983,-5.068,-87.13,-0.069,0.118,9.797,0.019,0.029,-0.015,-9.816,0.022,-0.093,0.016,0.032,0.002,0.000,0.000,0.000,0.00,14.3,OK
1787114229.323,FORWARD,4,-82.00,-79.68,-1.28,-0.23,1600,1500,19.78,5.978,-5.072,-85.96,-0.069,0.118,9.797,0.019,0.029,-0.015,-9.821,0.118,-0.121,0.015,0.037,-0.012,0.000,0.000,0.000,0.00,14.3,OK
1787114229.373,FORWARD,4,-82.00,-79.68,-1.28,-0.23,1600,1500,19.73,5.972,-5.082,-85.04,-0.069,0.118,9.797,0.019,0.029,-0.015,-9.861,0.074,-0.136,0.014,0.032,-0.013,0.000,0.000,0.000,0.00,14.3,OK
1787114229.423,FORWARD,4,-82.00,-79.68,-1.29,-0.23,1600,1500,19.68,5.972,-5.082,-85.04,-0.137,0.177,9.797,-0.014,0.031,-0.014,-9.759,0.059,-0.198,0.019,0.030,-0.024,0.000,0.000,0.000,0.00,14.3,OK
1787114229.473,FORWARD,4,-82.00,-79.68,-1.29,-0.23,1600,1500,19.63,5.970,-5.087,-84.85,-0.137,0.177,9.797,-0.014,0.031,-0.014,-9.792,-0.026,-0.145,0.017,0.030,-0.011,0.000,0.000,0.000,0.00,14.3,OK
1787114229.523,FORWARD,4,-82.00,-79.68,-1.29,-0.23,1600,1500,19.58,5.967,-5.091,-84.65,-0.137,0.177,9.797,-0.014,0.031,-0.014,-9.809,0.099,-0.169,0.012,0.030,-0.011,0.000,0.000,0.000,0.00,14.3,OK
1787114229.573,FORWARD,4,-82.00,-79.68,-1.29,-0.23,1600,1500,19.53,5.966,-5.094,-84.77,-0.137,0.177,9.797,-0.014,0.031,-0.014,-9.904,0.038,-0.253,0.011,0.028,-0.015,0.000,0.000,0.000,0.00,14.3,OK
1787114229.623,FORWARD,4,-82.00,-79.68,-1.29,-0.23,1600,1500,19.48,5.966,-5.094,-84.77,-0.137,0.177,9.797,-0.014,0.031,-0.014,-9.766,0.092,-0.226,0.014,0.023,-0.019,0.000,0.000,0.000,0.00,14.3,OK
1787114229.673,FORWARD,4,-82.00,-79.68,-1.27,-0.23,1600,1500,19.43,5.962,-5.100,-84.47,-0.265,0.108,9.816,-0.016,0.021,-0.016,-9.735,0.004,-0.253,0.017,0.023,-0.018,0.000,0.000,0.000,0.00,14.3,OK
1787114229.723,FORWARD,4,-82.00,-79.68,-1.27,-0.23,1600,1500,19.38,5.959,-5.107,-84.52,-0.265,0.108,9.816,-0.016,0.021,-0.016,-9.883,0.031,-0.231,0.014,0.023,-0.003,0.000,0.000,0.000,0.00,14.3,OK
1787114229.773,FORWARD,4,-82.00,-79.68,-1.27,-0.23,1600,1500,19.33,5.959,-5.112,-84.68,-0.265,0.108,9.816,-0.016,0.021,-0.016,-9.828,0.010,-0.200,0.010,0.019,-0.002,0.000,0.000,0.000,0.00,14.3,OK
1787114229.823,FORWARD,4,-82.00,-79.68,-1.27,-0.23,1600,1500,19.28,5.959,-5.112,-84.68,-0.265,0.108,9.816,-0.016,0.021,-0.016,-9.711,-0.048,-0.190,0.016,0.015,-0.009,0.000,0.000,0.000,0.00,14.3,OK
1787114229.873,FORWARD,4,-82.00,-79.68,-1.27,-0.23,1600,1500,19.23,5.958,-5.121,-86.32,-0.265,0.108,9.816,-0.016,0.021,-0.016,-9.811,0.001,-0.265,0.016,0.013,0.001,0.000,0.000,0.000,0.00,14.3,OK
1787114229.923,FORWARD,4,-82.00,-79.68,-1.27,-0.23,1600,1500,19.18,5.960,-5.133,-87.06,-0.294,0.088,9.807,-0.005,0.011,-0.014,-9.823,0.022,-0.227,0.017,0.009,-0.005,0.000,0.000,0.000,0.00,14.3,OK
1787114229.973,FORWARD,4,-82.00,-79.68,-1.27,-0.23,1600,1500,19.13,5.965,-5.137,-87.21,-0.294,0.088,9.807,-0.005,0.011,-0.014,-9.799,-0.009,-0.260,0.016,0.012,-0.005,0.000,0.000,0.000,0.00,14.3,OK
1787114230.023,FORWARD,4,-82.00,-79.68,-1.27,-0.23,1600,1500,19.08,5.965,-5.137,-87.21,-0.294,0.088,9.807,-0.005,0.011,-0.014,-9.861,-0.010,-0.219,0.018,0.009,0.005,0.000,0.000,0.000,0.00,14.3,OK
1787114230.073,FORWARD,4,-82.00,-79.68,-1.27,-0.23,1600,1500,19.03,5.965,-5.144,-87.48,-0.294,0.088,9.807,-0.005,0.011,-0.014,-9.807,0.003,-0.246,0.017,0.006,0.008,0.000,0.000,0.000,0.00,15.2,OK
1787114230.123,FORWARD,4,-82.00,-79.68,-1.27,-0.23,1600,1500,18.98,5.961,-5.153,-86.92,-0.294,0.088,9.807,-0.005,0.011,-0.014,-9.825,-0.014,-0.325,0.016,0.007,0.007,0.000,0.000,0.000,0.00,15.2,OK
1787114230.173,FORWARD,4,-82.00,-79.68,-1.28,-0.23,1600,1500,18.93,5.953,-5.157,-85.88,-0.353,0.029,9.787,0.009,0.007,-0.017,-9.761,0.001,-0.262,0.016,0.014,0.009,0.000,0.000,0.000,0.00,15.2,OK
1787114230.222,FORWARD,4,-82.00,-79.68,-1.28,-0.23,1600,1500,18.88,5.955,-5.162,-86.49,-0.353,0.029,9.787,0.009,0.007,-0.017,-9.809,0.068,-0.267,0.017,0.010,0.006,0.000,0.000,0.000,0.00,15.2,OK
1787114230.273,FORWARD,4,-82.00,-79.68,-1.28,-0.23,1600,1500,18.83,5.955,-5.162,-86.49,-0.353,0.029,9.787,0.009,0.007,-0.017,-9.878,0.045,-0.294,0.013,0.013,0.001,0.000,0.000,0.000,0.00,15.2,OK
1787114230.322,FORWARD,4,-82.00,-79.68,-1.28,-0.23,1600,1500,18.78,5.953,-5.169,-86.70,-0.353,0.029,9.787,0.009,0.007,-0.017,-9.787,0.001,-0.255,0.015,0.009,0.004,0.000,0.000,0.000,0.00,15.2,OK
1787114230.373,FORWARD,4,-82.00,-79.68,-1.28,-0.23,1600,1500,18.73,5.951,-5.171,-86.73,-0.353,0.029,9.787,0.009,0.007,-0.017,-9.768,0.015,-0.298,0.014,0.009,-0.003,0.000,0.000,0.000,0.00,15.2,OK
1787114230.422,FORWARD,4,-83.00,-79.68,-1.28,-0.23,1600,1500,18.68,5.951,-5.171,-86.73,-0.333,0.029,9.797,-0.003,0.008,-0.014,-9.809,-0.002,-0.336,0.008,0.007,0.001,0.000,0.000,0.000,0.00,15.2,OK
1787114230.473,FORWARD,4,-83.00,-79.68,-1.28,-0.23,1600,1500,18.63,5.949,-5.176,-86.55,-0.333,0.029,9.797,-0.003,0.008,-0.014,-9.806,0.022,-0.258,0.009,0.006,-0.003,0.000,0.000,0.000,0.00,15.2,OK
1787114230.522,FORWARD,4,-83.00,-79.68,-1.28,-0.23,1600,1500,18.58,5.949,-5.181,-86.96,-0.333,0.029,9.797,-0.003,0.008,-0.014,-9.828,0.082,-0.339,0.006,0.007,-0.003,0.000,0.000,0.000,0.00,15.2,OK
1787114230.573,FORWARD,4,-83.00,-79.68,-1.28,-0.23,1600,1500,18.53,5.947,-5.185,-87.20,-0.333,0.029,9.797,-0.003,0.008,-0.014,-9.823,0.010,-0.310,0.002,0.005,-0.011,0.000,0.000,0.000,0.00,15.2,OK
1787114230.623,FORWARD,4,-83.00,-79.68,-1.28,-0.23,1600,1500,18.48,5.947,-5.185,-87.20,-0.333,0.029,9.797,-0.003,0.008,-0.014,-9.737,0.009,-0.274,0.003,0.003,-0.009,0.000,0.000,0.000,0.00,15.2,OK
1787114230.674,FORWARD,4,-83.00,-79.68,-1.27,-0.23,1600,1500,18.43,5.943,-5.190,-86.71,-0.382,0.078,9.767,-0.009,0.002,-0.007,-9.844,-0.026,-0.255,0.005,-0.001,-0.015,0.000,0.000,0.000,0.00,15.2,OK
1787114230.723,FORWARD,4,-83.00,-79.68,-1.27,-0.23,1600,1500,18.38,5.939,-5.200,-86.12,-0.382,0.078,9.767,-0.009,0.002,-0.007,-9.823,0.027,-0.313,-0.001,-0.001,-0.017,0.000,0.000,0.000,0.00,15.2,OK
1787114230.773,FORWARD,4,-83.00,-79.68,-1.27,-0.23,1600,1500,18.33,5.940,-5.202,-86.34,-0.382,0.078,9.767,-0.009,0.002,-0.007,-9.794,0.049,-0.358,-0.002,-0.004,-0.019,0.000,0.000,0.000,0.00,15.2,OK
1787114230.823,FORWARD,4,-83.00,-79.68,-1.27,-0.23,1600,1500,18.28,5.935,-5.209,-86.43,-0.382,0.078,9.767,-0.009,0.002,-0.007,-9.785,-0.076,-0.332,-0.005,-0.005,-0.011,0.000,0.000,0.000,0.00,15.2,OK
1787114230.872,FORWARD,4,-83.00,-79.68,-1.27,-0.23,1600,1500,18.23,5.935,-5.209,-86.43,-0.382,0.078,9.767,-0.009,0.002,-0.007,-9.845,-0.053,-0.310,0.002,-0.007,0.002,0.000,0.000,0.000,0.00,15.2,OK
1787114230.923,FORWARD,4,-83.00,-79.68,-1.28,-0.23,1600,1500,18.18,5.929,-5.216,-85.80,-0.422,0.098,9.777,0.001,-0.010,-0.003,-9.797,-0.021,-0.267,0.003,-0.013,0.008,0.000,0.000,0.000,0.00,15.2,OK
1787114230.973,FORWARD,4,-83.00,-79.68,-1.28,-0.23,1600,1500,18.13,5.924,-5.221,-85.07,-0.422,0.098,9.777,0.001,-0.010,-0.003,-9.778,0.018,-0.265,0.005,-0.015,0.001,0.000,0.000,0.000,0.00,15.2,OK
1787114231.023,FORWARD,4,-83.00,-79.68,-1.28,-0.23,1600,1500,18.08,5.924,-5.221,-85.07,-0.422,0.098,9.777,0.001,-0.010,-0.003,-9.847,-0.012,-0.282,0.001,-0.016,0.009,0.000,0.000,0.000,0.00,15.2,OK
1787114231.073,FORWARD,4,-83.00,-79.68,-1.28,-0.23,1600,1500,18.03,5.920,-5.228,-84.45,-0.422,0.098,9.777,0.001,-0.010,-0.003,-9.816,-0.007,-0.282,0.003,-0.017,-0.002,0.000,0.000,0.000,0.00,15.2,OK
1787114231.124,FORWARD,4,-83.00,-79.68,-1.28,-0.23,1600,1500,17.98,5.916,-5.231,-83.92,-0.422,0.098,9.777,0.001,-0.010,-0.003,-9.823,0.051,-0.299,0.001,-0.019,-0.009,0.000,0.000,0.000,0.00,15.2,OK
1787114231.173,FORWARD,4,-83.00,-79.68,-1.28,-0.23,1600,1500,17.93,5.914,-5.238,-84.08,-0.382,0.039,9.767,-0.010,-0.022,0.000,-9.785,0.006,-0.222,-0.004,-0.022,-0.026,0.000,0.000,0.000,0.00,15.2,OK
1787114231.223,FORWARD,4,-83.00,-79.68,-1.28,-0.23,1600,1500,17.88,5.914,-5.238,-84.08,-0.382,0.039,9.767,-0.010,-0.022,0.000,-9.825,0.010,-0.236,-0.004,-0.022,-0.017,0.000,0.000,0.000,0.00,15.2,OK
1787114231.273,FORWARD,4,-83.00,-79.68,-1.28,-0.23,1600,1500,17.83,5.910,-5.242,-83.79,-0.382,0.039,9.767,-0.010,-0.022,0.000,-9.790,-0.014,-0.234,0.001,-0.019,-0.031,0.000,0.000,0.000,0.00,15.2,OK
1787114231.323,FORWARD,4,-83.00,-79.68,-1.28,-0.23,1600,1500,17.78,5.908,-5.248,-84.38,-0.382,0.039,9.767,-0.010,-0.022,0.000,-9.775,-0.152,-0.219,0.003,-0.013,-0.037,0.000,0.000,0.000,0.00,15.2,OK
1787114231.372,FORWARD,4,-83.00,-79.68,-1.28,-0.23,1600,1500,17.73,5.906,-5.253,-84.85,-0.382,0.039,9.767,-0.010,-0.022,0.000,-9.854,-0.074,-0.215,-0.005,-0.015,-0.025,0.000,0.000,0.000,0.00,15.2,OK
1787114231.423,FORWARD,4,-83.00,-79.68,-1.29,-0.23,1600,1500,17.68,5.903,-5.257,-85.12,-0.343,0.039,9.787,-0.023,-0.014,-0.000,-9.825,-0.110,-0.198,-0.004,-0.008,-0.019,0.000,0.000,0.000,0.00,15.2,OK
1787114231.473,FORWARD,4,-83.00,-79.68,-1.29,-0.23,1600,1500,17.63,5.903,-5.257,-85.12,-0.343,0.039,9.787,-0.023,-0.014,-0.000,-9.840,-0.069,-0.162,0.000,-0.006,-0.030,0.000,0.000,0.000,0.00,15.2,OK
1787114231.523,FORWARD,4,-83.00,-79.68,-1.29,-0.23,1600,1500,17.58,5.902,-5.260,-85.75,-0.343,0.039,9.787,-0.023,-0.014,-0.000,-9.814,-0.138,-0.176,0.000,-0.003,-0.016,0.000,0.000,0.000,0.00,15.2,OK
1787114231.573,FORWARD,4,-83.00,-79.68,-1.29,-0.23,1600,1500,17.53,5.899,-5.264,-85.93,-0.343,0.039,9.787,-0.023,-0.014,-0.000,-9.797,-0.188,-0.162,0.008,-0.004,-0.016,0.000,0.000,0.000,0.00,15.2,OK
1787114231.623,FORWARD,4,-83.00,-79.68,-1.29,-0.23,1600,1500,17.48,5.894,-5.268,-86.01,-0.343,0.039,9.787,-0.023,-0.014,-0.000,-9.758,-0.090,-0.188,0.009,-0.004,-0.001,0.000,0.000,0.000,0.00,15.2,OK
1787114231.673,FORWARD,4,-83.00,-79.68,-1.29,-0.23,1600,1500,17.43,5.894,-5.268,-86.01,-0.226,-0.088,9.758,-0.000,-0.007,-0.009,-9.809,-0.131,-0.200,0.010,-0.006,0.009,0.000,0.000,0.000,0.00,15.2,OK
1787114231.723,FORWARD,4,-83.00,-79.68,-1.29,-0.23,1600,1500,17.38,5.894,-5.271,-86.67,-0.226,-0.088,9.758,-0.000,-0.007,-0.009,-9.804,-0.105,-0.140,0.015,-0.009,0.017,0.000,0.000,0.000,0.00,15.2,OK
1787114231.773,FORWARD,4,-83.00,-79.68,-1.29,-0.23,1600,1500,17.33,5.892,-5.274,-86.83,-0.226,-0.088,9.758,-0.000,-0.007,-0.009,-9.882,-0.132,-0.198,0.012,-0.010,0.042,0.000,0.000,0.000,0.00,15.2,OK
1787114231.823,FORWARD,4,-83.00,-79.68,-1.29,-0.23,1600,1500,17.28,5.889,-5.279,-86.73,-0.226,-0.088,9.758,-0.000,-0.007,-0.009,-9.835,-0.055,-0.179,0.010,-0.009,0.041,0.000,0.000,0.000,0.00,15.2,OK
1787114231.873,FORWARD,4,-83.00,-79.68,-1.29,-0.23,1600,1500,17.23,5.889,-5.279,-86.73,-0.226,-0.088,9.758,-0.000,-0.007,-0.009,-9.759,-0.044,-0.123,0.012,-0.008,0.024,0.000,0.000,0.000,0.00,15.2,OK
1787114231.923,FORWARD,4,-83.00,-79.68,-1.29,-0.23,1600,1500,17.18,5.885,-5.283,-86.00,-0.255,-0.039,9.748,0.023,-0.010,-0.012,-9.804,-0.038,-0.148,0.010,-0.006,0.024,0.000,0.000,0.000,0.00,15.2,OK
1787114231.972,FORWARD,4,-83.00,-79.68,-1.29,-0.23,1600,1500,17.13,5.883,-5.287,-85.66,-0.255,-0.039,9.748,0.023,-0.010,-0.012,-9.883,-0.005,-0.081,0.009,-0.003,0.014,0.000,0.000,0.000,0.00,15.2,OK
1787114232.023,FORWARD,4,-83.00,-79.68,-1.29,-0.23,1600,1500,17.08,5.883,-5.287,-85.66,-0.255,-0.039,9.748,0.023,-0.010,-0.012,-9.792,-0.035,-0.105,0.005,-0.006,-0.001,0.000,0.000,0.000,0.00,15.2,OK
1787114232.074,FORWARD,4,-83.00,-79.68,-1.29,-0.23,1600,1500,17.03,5.882,-5.291,-85.74,-0.255,-0.039,9.748,0.023,-0.010,-0.012,-9.866,0.014,-0.150,0.011,-0.003,0.007,0.000,0.000,0.000,0.00,15.2,OK
1787114232.122,FORWARD,4,-83.00,-79.68,-1.29,-0.23,1600,1500,16.98,5.879,-5.297,-86.33,-0.255,-0.039,9.748,0.023,-0.010,-0.012,-9.809,0.053,-0.131,0.002,-0.006,0.001,0.000,0.000,0.000,0.00,15.2,OK
1787114232.173,FORWARD,4,-83.00,-79.68,-1.30,-0.23,1600,1500,16.93,5.876,-5.300,-85.79,-0.245,0.029,9.797,-0.001,-0.007,-0.005,-9.842,0.000,-0.131,0.001,-0.002,-0.000,0.000,0.000,0.000,0.00,15.3,OK
1787114232.224,FORWARD,4,-83.00,-79.68,-1.30,-0.23,1600,1500,16.88,5.876,-5.300,-85.79,-0.245,0.029,9.797,-0.001,-0.007,-0.005,-9.875,0.002,-0.236,0.003,0.003,0.029,0.000,0.000,0.000,0.00,15.3,OK
1787114232.273,FORWARD,4,-83.00,-79.68,-1.30,-0.23,1600,1500,16.83,5.872,-5.307,-85.67,-0.245,0.029,9.797,-0.001,-0.007,-0.005,-9.818,0.024,-0.172,0.006,0.001,-0.001,0.000,0.000,0.000,0.00,15.3,OK
1787114232.323,FORWARD,4,-83.00,-79.68,-1.30,-0.23,1600,1500,16.78,5.868,-5.312,-85.16,-0.245,0.029,9.797,-0.001,-0.007,-0.005,-9.816,-0.004,-0.141,0.003,-0.000,0.008,0.000,0.000,0.000,0.00,15.3,OK
1787114232.373,FORWARD,4,-83.00,-79.68,-1.30,-0.23,1600,1500,16.73,5.862,-5.317,-84.06,-0.245,0.029,9.797,-0.001,-0.007,-0.005,-9.861,-0.038,-0.186,0.007,0.001,0.008,0.000,0.000,0.000,0.00,15.3,OK
1787114232.423,FORWARD,4,-83.00,-79.68,-1.30,-0.23,1600,1500,16.68,5.862,-5.317,-84.06,-0.245,0.069,9.816,0.004,-0.006,-0.004,-9.835,-0.002,-0.179,0.004,-0.007,0.002,0.000,0.000,0.000,0.00,15.3,OK
1787114232.473,FORWARD,4,-83.00,-79.68,-1.30,-0.23,1600,1500,16.63,5.857,-5.323,-83.31,-0.245,0.069,9.816,0.004,-0.006,-0.004,-9.828,-0.002,-0.148,0.005,-0.005,0.004,0.000,0.000,0.000,0.00,15.3,OK
1787114232.523,FORWARD,4,-83.00,-79.68,-1.30,-0.23,1600,1500,16.58,5.851,-5.330,-82.47,-0.245,0.069,9.816,0.004,-0.006,-0.004,-9.875,0.043,-0.131,0.007,-0.006,-0.014,0.000,0.000,0.000,0.00,15.3,OK
1787114232.573,FORWARD,4,-83.00,-79.68,-1.30,-0.23,1600,1500,16.53,5.851,-5.330,-82.47,-0.245,0.069,9.816,0.004,-0.006,-0.004,-9.837,-0.052,-0.078,0.012,-0.004,-0.037,0.000,0.000,0.000,0.00,15.3,OK
1787114232.623,FORWARD,4,-83.00,-79.68,-1.30,-0.23,1600,1500,16.48,5.849,-5.336,-83.54,-0.245,0.069,9.816,0.004,-0.006,-0.004,-9.766,-0.035,-0.095,0.009,-0.004,-0.026,0.000,0.000,0.000,0.00,15.3,OK
1787114232.673,FORWARD,4,-83.00,-79.68,-1.29,-0.23,1600,1500,16.43,5.849,-5.336,-83.54,-0.324,0.000,9.826,-0.030,-0.005,-0.009,-9.797,-0.116,-0.126,0.006,-0.004,-0.027,0.000,0.000,0.000,0.00,15.3,OK
1787114232.723,FORWARD,4,-83.00,-79.68,-1.29,-0.23,1600,1500,16.38,5.845,-5.341,-83.93,-0.324,0.000,9.826,-0.030,-0.005,-0.009,-9.852,-0.079,-0.167,0.009,-0.002,-0.014,0.000,0.000,0.000,0.00,15.3,OK
1787114232.773,FORWARD,4,-83.00,-79.68,-1.29,-0.23,1600,1500,16.33,5.841,-5.345,-83.93,-0.324,0.000,9.826,-0.030,-0.005,-0.009,-9.902,-0.075,-0.100,0.011,-0.004,-0.005,0.000,0.000,0.000,0.00,15.3,OK
1787114232.823,FORWARD,4,-83.00,-79.68,-1.29,-0.23,1600,1500,16.28,5.841,-5.345,-83.93,-0.324,0.000,9.826,-0.030,-0.005,-0.009,-9.842,-0.096,-0.102,0.008,-0.006,0.004,0.000,0.000,0.000,0.00,15.3,OK
1787114232.873,FORWARD,4,-83.00,-79.68,-1.29,-0.23,1600,1500,16.23,5.836,-5.349,-83.78,-0.324,0.000,9.826,-0.030,-0.005,-0.009,-9.775,-0.071,-0.111,0.010,-0.003,0.004,0.000,0.000,0.000,0.00,15.3,OK
1787114232.923,FORWARD,4,-83.00,-79.68,-1.30,-0.23,1600,1500,16.18,5.832,-5.357,-83.68,-0.147,-0.010,9.787,0.005,-0.003,-0.007,-9.859,0.021,-0.174,0.002,-0.002,0.010,0.000,0.000,0.000,0.00,15.3,OK
1787114232.973,FORWARD,4,-83.00,-79.68,-1.30,-0.23,1600,1500,16.13,5.831,-5.363,-83.83,-0.147,-0.010,9.787,0.005,-0.003,-0.007,-9.768,-0.083,-0.104,-0.001,-0.002,0.018,0.000,0.000,0.000,0.00,15.3,OK
1787114233.023,FORWARD,4,-83.00,-79.68,-1.30,-0.23,1600,1500,16.08,5.831,-5.363,-83.83,-0.147,-0.010,9.787,0.005,-0.003,-0.007,-9.871,0.043,-0.157,-0.007,0.003,0.032,0.000,0.000,0.000,0.00,15.3,OK
1787114233.073,FORWARD,4,-83.00,-79.68,-1.30,-0.23,1600,1500,16.03,5.824,-5.367,-82.23,-0.147,-0.010,9.787,0.005,-0.003,-0.007,-9.852,-0.077,-0.088,0.001,0.000,0.034,0.000,0.000,0.000,0.00,15.3,OK
1787114233.123,FORWARD,4,-83.00,-79.68,-1.30,-0.23,1600,1500,15.98,5.820,-5.372,-81.57,-0.147,-0.010,9.787,0.005,-0.003,-0.007,-9.766,0.054,-0.080,-0.001,0.001,0.032,0.000,0.000,0.000,0.00,15.3,OK
1787114233.172,FORWARD,4,-83.00,-79.68,-1.30,-0.23,1600,1500,15.93,5.814,-5.382,-80.43,-0.235,0.020,9.797,0.026,-0.001,0.002,-9.792,0.053,-0.109,-0.001,-0.001,0.023,0.000,0.000,0.000,0.00,15.3,OK
1787114233.222,FORWARD,4,-83.00,-79.68,-1.30,-0.23,1600,1500,15.88,5.814,-5.382,-80.43,-0.235,0.020,9.797,0.026,-0.001,0.002,-9.749,0.006,-0.119,-0.005,0.005,0.016,0.000,0.000,0.000,0.00,14.3,OK
1787114233.272,FORWARD,4,-83.00,-79.68,-1.30,-0.23,1600,1500,15.83,5.811,-5.390,-79.51,-0.235,0.020,9.797,0.026,-0.001,0.002,-9.868,0.057,-0.148,-0.004,0.006,0.006,0.000,0.000,0.000,0.00,14.3,OK
1787114233.322,FORWARD,4,-83.00,-79.68,-1.30,-0.23,1600,1500,15.78,5.807,-5.398,-78.57,-0.235,0.020,9.797,0.026,-0.001,0.002,-9.809,0.094,-0.159,-0.008,0.009,0.014,0.000,0.000,0.000,0.00,14.3,OK
1787114233.372,FORWARD,4,-83.00,-79.68,-1.30,-0.23,1600,1500,15.73,5.805,-5.403,-78.22,-0.235,0.020,9.797,0.026,-0.001,0.002,-9.823,0.031,-0.176,-0.001,0.011,0.005,0.000,0.000,0.000,0.00,14.3,OK
1787114233.423,FORWARD,4,-83.00,-79.68,-1.30,-0.23,1600,1500,15.68,5.805,-5.403,-78.22,-0.186,0.069,9.797,0.008,0.008,0.005,-9.780,0.068,-0.140,-0.001,0.010,0.010,0.000,0.000,0.000,0.00,14.3,OK
1787114233.473,FORWARD,4,-83.00,-79.68,-1.30,-0.23,1600,1500,15.63,5.795,-5.410,-76.30,-0.186,0.069,9.797,0.008,0.008,0.005,-9.826,0.101,-0.138,-0.007,0.014,0.014,0.000,0.000,0.000,0.00,14.3,OK
1787114233.523,FORWARD,4,-83.00,-79.68,-1.30,-0.23,1600,1500,15.58,5.792,-5.417,-75.78,-0.186,0.069,9.797,0.008,0.008,0.005,-9.766,0.102,-0.147,-0.011,0.013,0.015,0.000,0.000,0.000,0.00,14.3,OK
1787114233.573,FORWARD,4,-83.00,-79.68,-1.30,-0.23,1600,1500,15.53,5.784,-5.424,-73.97,-0.186,0.069,9.797,0.008,0.008,0.005,-9.813,0.032,-0.152,-0.007,0.015,0.021,0.000,0.000,0.000,0.00,14.3,OK
1787114233.623,FORWARD,4,-83.00,-79.68,-1.30,-0.23,1600,1500,15.48,5.784,-5.424,-73.97,-0.186,0.069,9.797,0.008,0.008,0.005,-9.773,0.130,-0.195,-0.012,0.016,0.012,0.000,0.000,0.000,0.00,14.3,OK
1787114233.673,FORWARD,4,-83.00,-79.68,-1.29,-0.23,1600,1500,15.43,5.788,-5.425,-75.20,-0.216,0.078,9.807,0.007,0.018,0.009,-9.792,0.058,-0.123,-0.008,0.023,0.003,0.000,0.000,0.000,0.00,14.3,OK
1787114233.723,FORWARD,4,-83.00,-79.68,-1.29,-0.23,1600,1500,15.38,5.787,-5.427,-75.08,-0.216,0.078,9.807,0.007,0.018,0.009,-9.873,0.091,-0.169,-0.005,0.022,0.008,0.000,0.000,0.000,0.00,14.3,OK
1787114233.773,FORWARD,4,-83.00,-79.68,-1.29,-0.23,1600,1500,15.33,5.784,-5.429,-74.47,-0.216,0.078,9.807,0.007,0.018,0.009,-9.813,0.099,-0.193,-0.005,0.023,0.002,0.000,0.000,0.000,0.00,14.3,OK
1787114233.823,FORWARD,4,-83.00,-79.68,-1.29,-0.23,1600,1500,15.28,5.784,-5.429,-74.47,-0.216,0.078,9.807,0.007,0.018,0.009,-9.761,0.071,-0.183,-0.005,0.026,-0.007,0.000,0.000,0.000,0.00,14.3,OK
1787114233.873,FORWARD,4,-83.00,-79.68,-1.29,-0.23,1600,1500,15.23,5.778,-5.436,-73.09,-0.216,0.078,9.807,0.007,0.018,0.009,-9.859,0.076,-0.232,-0.008,0.018,-0.005,0.000,0.000,0.000,0.00,14.3,OK
1787114233.922,FORWARD,4,-83.00,-79.68,-1.29,-0.23,1600,1500,15.18,5.778,-5.438,-73.38,-0.304,0.147,9.767,-0.009,0.021,0.005,-9.852,0.081,-0.234,-0.012,0.022,-0.015,0.000,0.000,0.000,0.00,14.3,OK
1787114233.973,FORWARD,4,-83.00,-79.68,-1.29,-0.23,1600,1500,15.13,5.776,-5.440,-73.82,-0.304,0.147,9.767,-0.009,0.021,0.005,-9.728,0.069,-0.224,-0.006,0.022,-0.015,0.000,0.000,0.000,0.00,14.3,OK
1787114234.023,FORWARD,4,-83.00,-79.68,-1.29,-0.23,1600,1500,15.08,5.774,-5.446,-73.86,-0.304,0.147,9.767,-0.009,0.021,0.005,-9.856,0.167,-0.320,-0.015,0.027,-0.016,0.000,0.000,0.000,0.00,14.3,OK
1787114234.073,FORWARD,4,-83.00,-79.68,-1.29,-0.23,1600,1500,15.03,5.774,-5.446,-73.86,-0.304,0.147,9.767,-0.009,0.021,0.005,-9.821,0.020,-0.308,-0.008,0.025,-0.013,0.000,0.000,0.000,0.00,14.3,OK
1787114234.123,FORWARD,4,-83.00,-79.68,-1.29,-0.23,1600,1500,14.98,5.772,-5.450,-73.62,-0.304,0.147,9.767,-0.009,0.021,0.005,-9.806,0.013,-0.293,-0.014,0.023,-0.011,0.000,0.000,0.000,0.00,14.3,OK
1787114234.173,FORWARD,4,-83.00,-79.68,-1.29,-0.23,1600,1500,14.93,5.768,-5.454,-73.13,-0.294,0.127,9.797,-0.014,0.021,0.011,-9.866,0.033,-0.284,-0.017,0.020,-0.010,0.000,0.000,0.000,0.00,14.3,OK
1787114234.223,FORWARD,4,-83.00,-79.68,-1.29,-0.23,1600,1500,14.88,5.768,-5.454,-73.13,-0.294,0.127,9.797,-0.014,0.021,0.011,-9.821,-0.031,-0.277,-0.010,0.017,-0.014,0.000,0.000,0.000,0.00,15.0,OK
1787114234.273,FORWARD,4,-83.00,-79.68,-1.29,-0.23,1600,1500,14.83,5.768,-5.458,-73.55,-0.294,0.127,9.797,-0.014,0.021,0.011,-9.814,0.017,-0.277,-0.008,0.015,-0.013,0.000,0.000,0.000,0.00,15.0,OK
1787114234.323,FORWARD,4,-83.00,-79.68,-1.29,-0.23,1600,1500,14.78,5.771,-5.463,-75.10,-0.294,0.127,9.797,-0.014,0.021,0.011,-9.780,0.011,-0.317,-0.006,0.016,-0.012,0.000,0.000,0.000,0.00,15.0,OK
1787114234.373,FORWARD,4,-83.00,-79.68,-1.29,-0.23,1600,1500,14.73,5.776,-5.471,-77.40,-0.294,0.127,9.797,-0.014,0.021,0.011,-9.725,-0.001,-0.267,-0.006,0.020,-0.008,0.000,0.000,0.000,0.00,15.0,OK
1787114234.423,FORWARD,4,-83.00,-79.68,-1.29,-0.23,1600,1500,14.68,5.776,-5.471,-77.40,-0.392,0.088,9.787,-0.011,0.017,0.006,-9.759,-0.020,-0.325,-0.004,0.016,-0.005,0.000,0.000,0.000,0.00,15.0,OK
1787114234.474,FORWARD,4,-83.00,-79.68,-1.29,-0.23,1600,1500,14.63,5.782,-5.472,-78.99,-0.392,0.088,9.787,-0.011,0.017,0.006,-9.802,-0.047,-0.277,-0.001,0.014,-0.003,0.000,0.000,0.000,0.00,15.0,OK
1787114234.523,FORWARD,4,-83.00,-79.68,-1.29,-0.23,1600,1500,14.58,5.779,-5.476,-78.32,-0.392,0.088,9.787,-0.011,0.017,0.006,-9.761,-0.013,-0.372,0.001,0.017,0.007,0.000,0.000,0.000,0.00,15.0,OK
1787114234.573,FORWARD,4,-83.00,-79.68,-1.29,-0.23,1600,1500,14.53,5.772,-5.486,-76.37,-0.392,0.088,9.787,-0.011,0.017,0.006,-9.847,0.050,-0.363,0.007,0.014,0.014,0.000,0.000,0.000,0.00,15.0,OK
1787114234.623,FORWARD,4,-83.00,-79.68,-1.29,-0.23,1600,1500,14.48,5.772,-5.486,-76.37,-0.392,0.088,9.787,-0.011,0.017,0.006,-9.792,0.013,-0.356,0.010,0.013,0.019,0.000,0.000,0.000,0.00,15.0,OK
1787114234.674,FORWARD,4,-83.00,-79.68,-1.28,-0.23,1600,1500,14.43,5.776,-5.492,-77.47,-0.431,0.078,9.777,0.018,0.011,-0.008,-9.802,0.027,-0.353,0.009,0.013,0.010,0.000,0.000,0.000,0.00,15.0,OK
1787114234.723,FORWARD,4,-83.00,-79.68,-1.28,-0.23,1600,1500,14.38,5.777,-5.500,-77.63,-0.431,0.078,9.777,0.018,0.011,-0.008,-9.766,0.037,-0.365,0.002,0.008,0.014,0.000,0.000,0.000,0.00,15.0,OK
1787114234.772,FORWARD,4,-83.00,-79.68,-1.28,-0.23,1600,1500,14.33,5.776,-5.502,-77.27,-0.431,0.078,9.777,0.018,0.011,-0.008,-9.816,0.058,-0.404,0.002,0.008,0.025,0.000,0.000,0.000,0.00,15.0,OK
1787114234.823,FORWARD,4,-83.00,-79.68,-1.28,-0.23,1600,1500,14.28,5.776,-5.502,-77.27,-0.431,0.078,9.777,0.018,0.011,-0.008,-9.871,0.131,-0.339,0.000,0.008,0.010,0.000,0.000,0.000,0.00,15.0,OK
1787114234.873,FORWARD,4,-83.00,-79.68,-1.28,-0.23,1600,1500,14.23,5.773,-5.505,-76.93,-0.431,0.078,9.777,0.018,0.011,-0.008,-9.789,0.032,-0.360,-0.003,0.005,0.011,0.000,0.000,0.000,0.00,15.0,OK
1787114234.923,FORWARD,4,-83.00,-79.68,-1.29,-0.23,1600,1500,14.18,5.770,-5.510,-76.29,-0.431,0.059,9.777,0.015,0.005,0.001,-9.814,0.103,-0.404,-0.003,0.006,0.013,0.000,0.000,0.000,0.00,15.0,OK
1787114234.973,FORWARD,4,-83.00,-79.68,-1.29,-0.23,1600,1500,14.13,5.767,-5.518,-76.25,-0.431,0.059,9.777,0.015,0.005,0.001,-9.833,0.077,-0.399,-0.001,0.006,0.012,0.000,0.000,0.000,0.00,15.0,OK
1787114235.023,FORWARD,4,-83.00,-79.68,-1.29,-0.23,1600,1500,14.08,5.767,-5.518,-76.25,-0.431,0.059,9.777,0.015,0.005,0.001,-9.763,0.073,-0.415,0.003,0.003,0.014,0.000,0.000,0.000,0.00,15.0,OK
1787114235.073,FORWARD,4,-83.00,-79.68,-1.29,-0.23,1600,1500,14.03,5.766,-5.523,-75.90,-0.431,0.059,9.777,0.015,0.005,0.001,-9.830,0.137,-0.456,0.002,-0.002,0.007,0.000,0.000,0.000,0.00,15.0,OK
1787114235.123,FORWARD,4,-83.00,-79.68,-1.29,-0.23,1600,1500,13.98,5.765,-5.527,-75.74,-0.431,0.059,9.777,0.015,0.005,0.001,-9.790,0.020,-0.337,0.006,-0.004,-0.008,0.000,0.000,0.000,0.00,15.0,OK
1787114235.173,FORWARD,4,-83.00,-79.68,-1.28,-0.23,1600,1500,13.93,5.762,-5.534,-75.57,-0.471,0.069,9.777,-0.002,-0.008,-0.003,-9.840,0.108,-0.418,0.000,-0.009,-0.005,0.000,0.000,0.000,0.00,15.0,OK
1787114235.223,FORWARD,4,-83.00,-79.68,-1.28,-0.23,1600,1500,13.88,5.760,-5.542,-75.34,-0.471,0.069,9.777,-0.002,-0.008,-0.003,-9.816,0.094,-0.382,-0.004,-0.009,-0.019,0.000,0.000,0.000,0.00,16.0,OK
1787114235.273,FORWARD,4,-83.00,-79.68,-1.28,-0.23,1600,1500,13.83,5.760,-5.542,-75.34,-0.471,0.069,9.777,-0.002,-0.008,-0.003,-9.840,0.048,-0.385,-0.002,-0.010,-0.019,0.000,0.000,0.000,0.00,16.0,OK
1787114235.323,FORWARD,4,-83.00,-79.68,-1.28,-0.23,1600,1500,13.78,5.759,-5.545,-75.62,-0.471,0.069,9.777,-0.002,-0.008,-0.003,-9.771,0.042,-0.353,0.003,-0.015,-0.014,0.000,0.000,0.000,0.00,16.0,OK
1787114235.373,FORWARD,4,-83.00,-79.68,-1.28,-0.23,1600,1500,13.73,5.758,-5.549,-76.17,-0.471,0.069,9.777,-0.002,-0.008,-0.003,-9.869,0.076,-0.411,0.000,-0.018,-0.011,0.000,0.000,0.000,0.00,16.0,OK
1787114235.422,FORWARD,4,-83.00,-79.68,-1.28,-0.23,1600,1500,13.68,5.755,-5.553,-76.08,-0.431,0.118,9.797,-0.010,-0.017,-0.002,-9.825,0.132,-0.358,0.000,-0.016,-0.009,0.000,0.000,0.000,0.00,16.0,OK
1787114235.473,FORWARD,4,-83.00,-79.68,-1.28,-0.23,1600,1500,13.63,5.755,-5.553,-76.08,-0.431,0.118,9.797,-0.010,-0.017,-0.002,-9.823,0.084,-0.327,-0.001,-0.022,-0.002,0.000,0.000,0.000,0.00,16.0,OK
1787114235.523,FORWARD,4,-83.00,-79.68,-1.28,-0.23,1600,1500,13.58,5.749,-5.561,-75.41,-0.431,0.118,9.797,-0.010,-0.017,-0.002,-9.756,0.135,-0.380,0.004,-0.025,0.005,0.000,0.000,0.000,0.00,16.0,OK
1787114235.572,FORWARD,4,-83.00,-79.68,-1.28,-0.23,1600,1500,13.53,5.746,-5.567,-74.95,-0.431,0.118,9.797,-0.010,-0.017,-0.002,-9.892,0.069,-0.344,0.005,-0.029,0.008,0.000,0.000,0.000,0.00,16.0,OK
1787114235.623,FORWARD,4,-83.00,-79.68,-1.28,-0.23,1600,1500,13.48,5.746,-5.567,-74.95,-0.431,0.118,9.797,-0.010,-0.017,-0.002,-9.806,0.036,-0.265,0.006,-0.037,0.015,0.000,0.000,0.000,0.00,16.0,OK
1787114235.673,FORWARD,4,-83.00,-79.68,-1.29,-0.23,1600,1500,13.43,5.744,-5.571,-75.15,-0.392,0.118,9.797,0.019,-0.039,-0.007,-9.852,0.172,-0.279,0.008,-0.043,0.023,0.000,0.000,0.000,0.00,16.0,OK
1787114235.723,FORWARD,4,-83.00,-79.68,-1.29,-0.23,1600,1500,13.38,5.744,-5.571,-75.51,-0.392,0.118,9.797,0.019,-0.039,-0.007,-9.828,0.137,-0.164,-0.001,-0.043,0.012,0.000,0.000,0.000,0.00,16.0,OK
1787114235.773,FORWARD,4,-83.00,-79.68,-1.29,-0.23,1600,1500,13.33,5.744,-5.571,-75.51,-0.392,0.118,9.797,0.019,-0.039,-0.007,-9.737,0.138,-0.155,-0.011,-0.039,0.002,0.000,0.000,0.000,0.00,16.0,OK
1787114235.823,FORWARD,4,-83.00,-79.68,-1.29,-0.23,1600,1500,13.28,5.744,-5.571,-75.51,-0.392,0.118,9.797,0.019,-0.039,-0.007,-9.764,0.099,-0.176,-0.012,-0.035,-0.005,0.000,0.000,0.000,0.00,16.0,OK
1787114235.873,FORWARD,4,-83.00,-79.68,-1.29,-0.23,1600,1500,13.23,5.746,-5.577,-77.88,-0.392,0.118,9.797,0.019,-0.039,-0.007,-9.859,0.129,-0.171,-0.010,-0.032,-0.003,0.000,0.000,0.000,0.00,16.0,OK
1787114235.923,FORWARD,4,-83.00,-79.68,-1.29,-0.23,1600,1500,13.18,5.743,-5.582,-77.70,-0.382,0.088,9.758,-0.002,-0.034,0.013,-9.775,0.051,-0.140,-0.011,-0.027,-0.027,0.000,0.000,0.000,0.00,16.0,OK
1787114235.973,FORWARD,4,-83.00,-79.68,-1.29,-0.23,1600,1500,13.13,5.741,-5.587,-77.65,-0.382,0.088,9.758,-0.002,-0.034,0.013,-9.852,0.014,-0.119,-0.006,-0.025,-0.023,0.000,0.000,0.000,0.00,16.0,OK
1787114236.023,FORWARD,4,-83.00,-79.68,-1.29,-0.23,1600,1500,13.08,5.741,-5.587,-77.65,-0.382,0.088,9.758,-0.002,-0.034,0.013,-9.756,0.166,-0.128,-0.013,-0.019,-0.018,0.000,0.000,0.000,0.00,16.0,OK
1787114236.074,FORWARD,4,-83.00,-79.68,-1.29,-0.23,1600,1500,13.03,5.741,-5.591,-78.27,-0.382,0.088,9.758,-0.002,-0.034,0.013,-9.768,0.070,-0.131,-0.010,-0.017,-0.018,0.000,0.000,0.000,0.00,16.0,OK
1787114236.123,FORWARD,4,-83.00,-79.68,-1.29,-0.23,1600,1500,12.98,5.735,-5.596,-77.74,-0.382,0.088,9.758,-0.002,-0.034,0.013,-9.792,-0.035,-0.135,-0.006,-0.010,-0.003,0.000,0.000,0.000,0.00,16.0,OK
1787114236.173,FORWARD,4,-83.00,-79.68,-1.29,-0.23,1600,1500,12.93,5.736,-5.602,-79.11,-0.235,0.108,9.787,-0.003,-0.012,0.006,-9.794,0.044,-0.093,-0.005,-0.011,-0.008,0.000,0.000,0.000,0.00,16.0,OK
1787114236.223,FORWARD,4,-83.00,-79.68,-1.29,-0.23,1600,1500,12.88,5.736,-5.602,-79.11,-0.235,0.108,9.787,-0.003,-0.012,0.006,-9.825,0.031,-0.124,-0.001,-0.007,-0.008,0.000,0.000,0.000,0.00,16.0,OK
1787114236.272,FORWARD,4,-83.00,-79.68,-1.29,-0.23,1600,1500,12.83,5.737,-5.608,-79.43,-0.235,0.108,9.787,-0.003,-0.012,0.006,-9.830,0.010,-0.133,0.007,-0.005,-0.002,0.000,0.000,0.000,0.00,13.3,OK
1787114236.322,FORWARD,4,-83.00,-79.68,-1.29,-0.23,1600,1500,12.78,5.735,-5.614,-79.36,-0.235,0.108,9.787,-0.003,-0.012,0.006,-9.840,0.000,-0.112,0.011,-0.003,-0.007,0.000,0.000,0.000,0.00,13.3,OK
1787114236.373,FORWARD,4,-83.00,-79.68,-1.29,-0.23,1600,1500,12.73,5.733,-5.622,-79.38,-0.235,0.108,9.787,-0.003,-0.012,0.006,-9.749,-0.013,-0.150,0.011,0.001,-0.014,0.000,0.000,0.000,0.00,13.3,OK
1787114236.423,FORWARD,4,-83.00,-79.68,-1.30,-0.23,1600,1500,12.68,5.733,-5.622,-79.38,-0.216,0.029,9.777,-0.014,0.000,-0.013,-9.809,0.063,-0.155,0.014,0.005,-0.003,0.000,0.000,0.000,0.00,13.3,OK
1787114236.472,FORWARD,4,-83.00,-79.68,-1.30,-0.23,1600,1500,12.63,5.729,-5.629,-78.43,-0.216,0.029,9.777,-0.014,0.000,-0.013,-9.790,0.032,-0.107,0.013,0.006,-0.011,0.000,0.000,0.000,0.00,13.3,OK
1787114236.522,FORWARD,4,-83.00,-79.68,-1.30,-0.23,1600,1500,12.58,5.723,-5.636,-77.20,-0.216,0.029,9.777,-0.014,0.000,-0.013,-9.787,0.053,-0.148,0.010,0.008,-0.016,0.000,0.000,0.000,0.00,13.3,OK
1787114236.573,FORWARD,4,-83.00,-79.68,-1.30,-0.23,1600,1500,12.53,5.716,-5.644,-75.90,-0.216,0.029,9.777,-0.014,0.000,-0.013,-9.828,0.015,-0.109,0.012,0.006,-0.003,0.000,0.000,0.000,0.00,13.3,OK
1787114236.623,FORWARD,4,-83.00,-79.68,-1.30,-0.23,1600,1500,12.48,5.716,-5.644,-75.90,-0.216,0.029,9.777,-0.014,0.000,-0.013,-9.804,0.060,-0.085,0.010,0.012,-0.002,0.000,0.000,0.000,0.00,13.3,OK
1787114236.673,FORWARD,4,-83.00,-79.68,-1.30,-0.23,1600,1500,12.43,5.717,-5.643,-76.95,-0.255,0.098,9.816,-0.002,0.007,-0.015,-9.823,0.067,-0.131,0.015,0.005,-0.012,0.000,0.000,0.000,0.00,13.3,OK
1787114236.723,FORWARD,4,-83.00,-79.68,-1.30,-0.23,1600,1500,12.38,5.711,-5.647,-76.27,-0.255,0.098,9.816,-0.002,0.007,-0.015,-9.856,0.036,-0.200,0.015,0.006,-0.024,0.000,0.000,0.000,0.00,13.3,OK
1787114236.773,FORWARD,4,-83.00,-79.68,-1.30,-0.23,1600,1500,12.33,5.715,-5.649,-77.86,-0.255,0.098,9.816,-0.002,0.007,-0.015,-9.797,-0.030,-0.164,0.008,0.006,-0.014,0.000,0.000,0.000,0.00,13.3,OK
1787114236.823,FORWARD,4,-83.00,-79.68,-1.30,-0.23,1600,1500,12.28,5.715,-5.649,-77.86,-0.255,0.098,9.816,-0.002,0.007,-0.015,-9.871,-0.007,-0.155,0.011,0.008,-0.010,0.000,0.000,0.000,0.00,13.3,OK
1787114236.872,FORWARD,4,-83.00,-79.68,-1.30,-0.23,1600,1500,12.23,5.715,-5.652,-78.92,-0.255,0.098,9.816,-0.002,0.007,-0.015,-9.814,-0.059,-0.124,0.005,0.009,-0.012,0.000,0.000,0.000,0.00,13.3,OK
1787114236.923,FORWARD,4,-84.00,-79.68,-1.30,-0.23,1600,1500,12.18,5.712,-5.655,-79.05,-0.265,0.059,9.826,-0.011,0.008,-0.007,-9.835,-0.005,-0.150,0.006,0.007,-0.015,0.000,0.000,0.000,0.00,13.3,OK
1787114236.973,FORWARD,4,-84.00,-79.68,-1.30,-0.23,1600,1500,12.13,5.720,-5.656,-82.32,-0.265,0.059,9.826,-0.011,0.008,-0.007,-9.840,-0.005,-0.222,0.000,0.008,-0.016,0.000,0.000,0.000,0.00,13.3,OK
1787114237.023,FORWARD,4,-84.00,-79.68,-1.30,-0.23,1600,1500,12.08,5.720,-5.656,-82.32,-0.265,0.059,9.826,-0.011,0.008,-0.007,-9.811,-0.052,-0.164,-0.002,0.007,-0.026,0.000,0.000,0.000,0.00,13.3,OK
1787114237.073,FORWARD,4,-84.00,-79.68,-1.30,-0.23,1600,1500,12.03,5.717,-5.659,-81.52,-0.265,0.059,9.826,-0.011,0.008,-0.007,-9.854,-0.086,-0.174,-0.003,0.012,-0.017,0.000,0.000,0.000,0.00,13.3,OK
1787114237.123,FORWARD,4,-84.00,-79.68,-1.30,-0.23,1600,1500,11.98,5.715,-5.662,-81.28,-0.265,0.059,9.826,-0.011,0.008,-0.007,-9.797,-0.038,-0.143,-0.007,0.010,-0.017,0.000,0.000,0.000,0.00,13.3,OK
1787114237.173,FORWARD,4,-84.00,-79.68,-1.29,-0.23,1600,1500,11.93,5.709,-5.667,-80.83,-0.245,0.020,9.826,-0.019,0.009,0.001,-9.833,-0.064,-0.169,-0.004,0.008,-0.010,0.000,0.000,0.000,0.00,13.3,OK
1787114237.223,FORWARD,4,-84.00,-79.68,-1.29,-0.23,1600,1500,11.88,5.709,-5.667,-80.83,-0.245,0.020,9.826,-0.019,0.009,0.001,-9.833,-0.033,-0.184,-0.009,0.014,-0.010,0.000,0.000,0.000,0.00,13.3,OK
1787114237.273,FORWARD,4,-84.00,-79.68,-1.29,-0.23,1600,1500,11.83,5.706,-5.669,-80.66,-0.245,0.020,9.826,-0.019,0.009,0.001,-9.835,-0.127,-0.179,-0.001,0.012,0.001,0.000,0.000,0.000,0.00,15.0,OK
1787114237.323,FORWARD,4,-84.00,-79.68,-1.29,-0.23,1600,1500,11.78,5.704,-5.673,-80.84,-0.245,0.020,9.826,-0.019,0.009,0.001,-9.797,-0.033,-0.162,-0.005,0.014,0.011,0.000,0.000,0.000,0.00,15.0,OK
1787114237.373,FORWARD,4,-84.00,-79.68,-1.29,-0.23,1600,1500,11.73,5.704,-5.675,-81.12,-0.245,0.020,9.826,-0.019,0.009,0.001,-9.859,-0.098,-0.181,-0.004,0.012,0.001,0.000,0.000,0.000,0.00,15.0,OK
1787114237.425,FORWARD,4,-84.00,-79.68,-1.30,-0.23,1600,1500,11.68,5.699,-5.677,-80.50,-0.226,0.010,9.787,0.001,0.010,0.006,-9.792,-0.090,-0.224,-0.006,0.013,-0.006,0.000,0.000,0.000,0.00,15.0,OK
1787114237.473,FORWARD,4,-84.00,-79.68,-1.30,-0.23,1600,1500,11.63,5.699,-5.677,-80.50,-0.226,0.010,9.787,0.001,0.010,0.006,-9.795,-0.042,-0.239,-0.006,0.012,0.008,0.000,0.000,0.000,0.00,15.0,OK
1787114237.522,FORWARD,4,-84.00,-79.68,-1.30,-0.23,1600,1500,11.58,5.697,-5.681,-80.09,-0.226,0.010,9.787,0.001,0.010,0.006,-9.766,-0.025,-0.258,-0.007,0.010,0.012,0.000,0.000,0.000,0.00,15.0,OK
1787114237.572,FORWARD,4,-84.00,-79.68,-1.30,-0.23,1600,1500,11.53,5.696,-5.684,-80.09,-0.226,0.010,9.787,0.001,0.010,0.006,-9.856,-0.046,-0.274,-0.011,0.012,0.029,0.000,0.000,0.000,0.00,15.0,OK
1787114237.623,FORWARD,4,-84.00,-79.68,-1.30,-0.23,1600,1500,11.48,5.696,-5.684,-80.09,-0.226,0.010,9.787,0.001,0.010,0.006,-9.847,-0.029,-0.265,-0.005,0.013,0.021,0.000,0.000,0.000,0.00,15.0,OK
1787114237.673,FORWARD,4,-84.00,-79.68,-1.30,-0.23,1600,1500,11.43,5.692,-5.687,-79.30,-0.275,-0.029,9.816,0.015,0.012,0.007,-9.806,0.013,-0.253,-0.005,0.014,0.016,0.000,0.000,0.000,0.00,15.0,OK
1787114237.723,FORWARD,4,-84.00,-79.68,-1.30,-0.23,1600,1500,11.38,5.690,-5.691,-78.69,-0.275,-0.029,9.816,0.015,0.012,0.007,-9.813,-0.014,-0.267,-0.010,0.019,0.003,0.000,0.000,0.000,0.00,15.0,OK
1787114237.773,FORWARD,4,-84.00,-79.68,-1.30,-0.23,1600,1500,11.33,5.688,-5.693,-78.34,-0.275,-0.029,9.816,0.015,0.012,0.007,-9.749,0.056,-0.241,-0.009,0.020,-0.001,0.000,0.000,0.000,0.00,15.0,OK
1787114237.822,FORWARD,4,-84.00,-79.68,-1.30,-0.23,1600,1500,11.28,5.688,-5.693,-78.34,-0.275,-0.029,9.816,0.015,0.012,0.007,-9.835,-0.017,-0.270,-0.009,0.021,-0.000,0.000,0.000,0.000,0.00,15.0,OK
1787114237.873,FORWARD,4,-84.00,-79.68,-1.30,-0.23,1600,1500,11.23,5.685,-5.695,-77.88,-0.275,-0.029,9.816,0.015,0.012,0.007,-9.842,-0.005,-0.255,-0.011,0.021,0.005,0.000,0.000,0.000,0.00,15.0,OK
1787114237.923,FORWARD,4,-83.00,-79.68,-1.30,-0.23,1600,1500,11.18,5.681,-5.704,-77.82,-0.304,0.000,9.787,0.003,0.020,0.011,-9.778,0.013,-0.236,-0.013,0.021,0.009,0.000,0.000,0.000,0.00,15.0,OK
1787114237.973,FORWARD,4,-83.00,-79.68,-1.30,-0.23,1600,1500,11.13,5.683,-5.710,-77.38,-0.304,0.000,9.787,0.003,0.020,0.011,-9.818,-0.007,-0.286,-0.007,0.019,0.009,0.000,0.000,0.000,0.00,15.0,OK
1787114238.023,FORWARD,4,-83.00,-79.68,-1.30,-0.23,1600,1500,11.08,5.683,-5.710,-77.38,-0.304,0.000,9.787,0.003,0.020,0.011,-9.773,-0.016,-0.308,-0.003,0.018,0.002,0.000,0.000,0.000,0.00,15.0,OK
1787114238.074,FORWARD,4,-83.00,-79.68,-1.30,-0.23,1600,1500,11.03,5.681,-5.714,-76.93,-0.304,0.000,9.787,0.003,0.020,0.011,-9.789,-0.004,-0.332,-0.008,0.020,-0.003,0.000,0.000,0.000,0.00,15.0,OK
1787114238.123,FORWARD,4,-83.00,-79.68,-1.30,-0.23,1600,1500,10.98,5.680,-5.719,-76.86,-0.304,0.000,9.787,0.003,0.020,0.011,-9.811,0.008,-0.306,-0.006,0.015,0.001,0.000,0.000,0.000,0.00,15.0,OK
1787114238.173,FORWARD,4,-83.00,-79.68,-1.29,-0.23,1600,1500,10.93,5.678,-5.720,-76.60,-0.382,0.020,9.807,-0.001,0.016,0.007,-9.764,-0.095,-0.255,-0.009,0.016,-0.014,0.000,0.000,0.000,0.00,15.0,OK
1787114238.223,FORWARD,4,-83.00,-79.68,-1.29,-0.23,1600,1500,10.88,5.678,-5.720,-76.60,-0.382,0.020,9.807,-0.001,0.016,0.007,-9.811,-0.047,-0.351,-0.010,0.015,-0.010,0.000,0.000,0.000,0.00,15.0,OK
1787114238.273,FORWARD,4,-83.00,-79.68,-1.29,-0.23,1600,1500,10.83,5.676,-5.725,-76.70,-0.382,0.020,9.807,-0.001,0.016,0.007,-9.835,-0.017,-0.368,-0.018,0.016,-0.020,0.000,0.000,0.000,0.00,15.0,OK
1787114238.323,FORWARD,4,-83.00,-79.68,-1.29,-0.23,1600,1500,10.78,5.674,-5.731,-76.55,-0.382,0.020,9.807,-0.001,0.016,0.007,-9.895,-0.111,-0.356,-0.013,0.011,-0.025,0.000,0.000,0.000,0.00,15.0,OK
1787114238.372,FORWARD,4,-83.00,-79.68,-1.29,-0.23,1600,1500,10.73,5.679,-5.732,-78.35,-0.382,0.020,9.807,-0.001,0.016,0.007,-9.813,-0.081,-0.334,-0.008,0.008,-0.016,0.000,0.000,0.000,0.00,15.0,OK
1787114238.423,FORWARD,4,-83.00,-79.68,-1.29,-0.23,1600,1500,10.68,5.679,-5.732,-78.35,-0.373,0.000,9.787,-0.016,0.007,0.005,-9.816,-0.059,-0.380,-0.002,0.005,-0.014,0.000,0.000,0.000,0.00,15.0,OK
1787114238.473,FORWARD,4,-83.00,-79.68,-1.29,-0.23,1600,1500,10.63,5.679,-5.737,-79.97,-0.373,0.000,9.787,-0.016,0.007,0.005,-9.864,-0.067,-0.401,-0.004,-0.000,-0.016,0.000,0.000,0.000,0.00,15.0,OK
1787114238.523,FORWARD,4,-83.00,-79.68,-1.29,-0.23,1600,1500,10.58,5.679,-5.745,-80.34,-0.373,0.000,9.787,-0.016,0.007,0.005,-9.833,-0.126,-0.373,-0.007,-0.001,-0.008,0.000,0.000,0.000,0.00,15.0,OK
1787114238.573,FORWARD,4,-83.00,-79.68,-1.29,-0.23,1600,1500,10.53,5.679,-5.751,-80.45,-0.373,0.000,9.787,-0.016,0.007,0.005,-9.854,-0.144,-0.341,-0.004,-0.006,0.012,0.000,0.000,0.000,0.00,15.0,OK
1787114238.623,FORWARD,4,-83.00,-79.68,-1.29,-0.23,1600,1500,10.48,5.678,-5.752,-80.19,-0.373,0.000,9.787,-0.016,0.007,0.005,-9.885,-0.096,-0.397,-0.002,-0.013,0.005,0.000,0.000,0.000,0.00,15.0,OK
1787114238.673,FORWARD,4,-83.00,-79.68,-1.29,-0.23,1600,1500,10.43,5.678,-5.752,-80.19,-0.441,-0.039,9.787,0.010,-0.014,0.002,-9.840,-0.072,-0.344,-0.004,-0.014,0.001,0.000,0.000,0.000,0.00,15.0,OK
1787114238.723,FORWARD,4,-83.00,-79.68,-1.29,-0.23,1600,1500,10.38,5.678,-5.753,-80.17,-0.441,-0.039,9.787,0.010,-0.014,0.002,-9.883,-0.034,-0.351,-0.001,-0.021,0.001,0.000,0.000,0.000,0.00,15.0,OK
1787114238.772,FORWARD,4,-83.00,-79.68,-1.29,-0.23,1600,1500,10.33,5.673,-5.762,-79.26,-0.441,-0.039,9.787,0.010,-0.014,0.002,-9.842,-0.084,-0.291,-0.004,-0.020,-0.010,0.000,0.000,0.000,0.00,15.0,OK
1787114238.823,FORWARD,4,-83.00,-79.68,-1.29,-0.23,1600,1500,10.28,5.673,-5.762,-79.26,-0.441,-0.039,9.787,0.010,-0.014,0.002,-9.818,-0.114,-0.315,-0.003,-0.022,-0.018,0.000,0.000,0.000,0.00,15.0,OK
1787114238.873,FORWARD,4,-83.00,-79.68,-1.29,-0.23,1600,1500,10.23,5.676,-5.766,-80.62,-0.441,-0.039,9.787,0.010,-0.014,0.002,-9.764,-0.095,-0.291,-0.005,-0.024,-0.010,0.000,0.000,0.000,0.00,15.0,OK
1787114238.924,FORWARD,4,-83.00,-79.68,-1.29,-0.23,1600,1500,10.18,5.677,-5.768,-81.11,-0.431,-0.029,9.787,-0.012,-0.022,0.007,-9.785,-0.140,-0.296,-0.001,-0.020,-0.011,0.000,0.000,0.000,0.00,15.0,OK
1787114238.973,FORWARD,4,-83.00,-79.68,-1.29,-0.23,1600,1500,10.13,5.674,-5.770,-81.26,-0.431,-0.029,9.787,-0.012,-0.022,0.007,-9.806,-0.117,-0.250,-0.006,-0.017,0.000,0.000,0.000,0.000,0.00,15.0,OK
1787114239.023,FORWARD,4,-83.00,-79.68,-1.29,-0.23,1600,1500,10.08,5.674,-5.770,-81.26,-0.431,-0.029,9.787,-0.012,-0.022,0.007,-9.739,-0.111,-0.269,-0.006,-0.009,-0.011,0.000,0.000,0.000,0.00,15.0,OK
1787114239.073,FORWARD,4,-83.00,-79.68,-1.29,-0.23,1600,1500,10.03,5.670,-5.777,-81.34,-0.431,-0.029,9.787,-0.012,-0.022,0.007,-9.852,-0.096,-0.229,0.001,-0.009,-0.009,0.000,0.000,0.000,0.00,15.0,OK
1787114239.123,FORWARD,4,-83.00,-79.68,-1.29,-0.23,1600,1500,9.98,5.670,-5.778,-81.95,-0.431,-0.029,9.787,-0.012,-0.022,0.007,-9.770,-0.104,-0.212,0.004,-0.014,-0.008,0.000,0.000,0.000,0.00,15.0,OK
1787114239.173,FORWARD,4,-83.00,-79.68,-1.30,-0.23,1600,1500,9.93,5.663,-5.781,-81.65,-0.333,-0.020,9.748,-0.007,-0.013,-0.001,-9.789,-0.100,-0.248,0.004,-0.018,-0.001,0.000,0.000,0.000,0.00,15.0,OK
1787114239.223,FORWARD,4,-83.00,-79.68,-1.30,-0.23,1600,1500,9.88,5.663,-5.781,-81.65,-0.333,-0.020,9.748,-0.007,-0.013,-0.001,-9.804,-0.117,-0.231,0.005,-0.016,-0.001,0.000,0.000,0.000,0.00,15.0,OK
1787114239.273,FORWARD,4,-83.00,-79.68,-1.30,-0.23,1600,1500,9.83,5.664,-5.792,-81.36,-0.333,-0.020,9.748,-0.007,-0.013,-0.001,-9.716,-0.099,-0.178,0.008,-0.018,0.008,0.000,0.000,0.000,0.00,15.0,OK
1787114239.323,FORWARD,4,-83.00,-79.68,-1.30,-0.23,1600,1500,9.78,5.664,-5.795,-81.93,-0.333,-0.020,9.748,-0.007,-0.013,-0.001,-9.838,-0.083,-0.236,0.000,-0.014,0.008,0.000,0.000,0.000,0.00,15.2,OK
1787114239.372,FORWARD,4,-83.00,-79.68,-1.30,-0.23,1600,1500,9.73,5.662,-5.802,-82.62,-0.333,-0.020,9.748,-0.007,-0.013,-0.001,-9.842,-0.131,-0.193,-0.001,-0.013,0.001,0.000,0.000,0.000,0.00,15.2,OK
1787114239.423,FORWARD,4,-83.00,-79.68,-1.30,-0.23,1600,1500,9.68,5.662,-5.808,-82.87,-0.363,-0.049,9.777,0.008,-0.017,0.000,-9.785,-0.071,-0.243,-0.005,-0.013,0.009,0.000,0.000,0.000,0.00,15.2,OK
1787114239.473,FORWARD,4,-83.00,-79.68,-1.30,-0.23,1600,1500,9.63,5.662,-5.808,-82.87,-0.363,-0.049,9.777,0.008,-0.017,0.000,-9.847,-0.062,-0.222,-0.001,-0.015,0.016,0.000,0.000,0.000,0.00,15.2,OK
1787114239.523,FORWARD,4,-83.00,-79.68,-1.30,-0.23,1600,1500,9.58,5.661,-5.810,-82.51,-0.363,-0.049,9.777,0.008,-0.017,0.000,-9.751,-0.123,-0.207,-0.006,-0.015,0.014,0.000,0.000,0.000,0.00,15.2,OK
1787114239.573,FORWARD,4,-83.00,-79.68,-1.30,-0.23,1600,1500,9.53,5.658,-5.816,-82.37,-0.363,-0.049,9.777,0.008,-0.017,0.000,-9.820,-0.052,-0.181,-0.006,-0.015,0.004,0.000,0.000,0.000,0.00,15.2,OK
1787114239.623,FORWARD,4,-83.00,-79.68,-1.30,-0.23,1600,1500,9.48,5.658,-5.816,-82.37,-0.363,-0.049,9.777,0.008,-0.017,0.000,-9.797,-0.040,-0.181,-0.009,-0.014,-0.014,0.000,0.000,0.000,0.00,15.2,OK
1787114239.673,FORWARD,4,-83.00,-79.68,-1.29,-0.23,1600,1500,9.43,5.656,-5.819,-82.35,-0.294,-0.049,9.787,-0.011,-0.016,0.008,-9.847,-0.014,-0.172,-0.014,-0.015,-0.008,0.000,0.000,0.000,0.00,15.2,OK
1787114239.723,FORWARD,4,-83.00,-79.68,-1.29,-0.23,1600,1500,9.38,5.654,-5.822,-82.06,-0.294,-0.049,9.787,-0.011,-0.016,0.008,-9.859,-0.022,-0.164,-0.014,-0.015,-0.005,0.000,0.000,0.000,0.00,15.2,OK
1787114239.773,FORWARD,4,-83.00,-79.68,-1.29,-0.23,1600,1500,9.33,5.654,-5.824,-82.84,-0.294,-0.049,9.787,-0.011,-0.016,0.008,-9.811,-0.033,-0.131,-0.016,-0.013,-0.004,0.000,0.000,0.000,0.00,15.2,OK
1787114239.823,FORWARD,4,-83.00,-79.68,-1.29,-0.23,1600,1500,9.28,5.651,-5.826,-82.97,-0.294,-0.049,9.787,-0.011,-0.016,0.008,-9.816,-0.035,-0.152,-0.017,-0.007,-0.000,0.000,0.000,0.000,0.00,15.2,OK
1787114239.873,FORWARD,4,-83.00,-79.68,-1.29,-0.23,1600,1500,9.23,5.651,-5.826,-82.97,-0.294,-0.049,9.787,-0.011,-0.016,0.008,-9.873,-0.086,-0.207,-0.020,-0.008,-0.006,0.000,0.000,0.000,0.00,15.2,OK
1787114239.923,FORWARD,4,-83.00,-79.68,-1.30,-0.23,1600,1500,9.18,5.647,-5.829,-82.74,-0.255,-0.029,9.787,-0.008,-0.010,0.018,-9.770,-0.114,-0.164,-0.014,-0.006,-0.012,0.000,0.000,0.000,0.00,15.2,OK
1787114239.973,FORWARD,4,-83.00,-79.68,-1.30,-0.23,1600,1500,9.13,5.643,-5.835,-82.81,-0.255,-0.029,9.787,-0.008,-0.010,0.018,-9.790,-0.143,-0.119,-0.016,-0.008,-0.004,0.000,0.000,0.000,0.00,15.2,OK
1787114240.022,FORWARD,4,-83.00,-79.68,-1.30,-0.23,1600,1500,9.08,5.643,-5.835,-82.81,-0.255,-0.029,9.787,-0.008,-0.010,0.018,-9.778,-0.100,-0.114,-0.017,-0.005,-0.014,0.000,0.000,0.000,0.00,15.2,OK
1787114240.073,FORWARD,4,-83.00,-79.68,-1.30,-0.23,1600,1500,9.03,5.643,-5.839,-83.57,-0.255,-0.029,9.787,-0.008,-0.010,0.018,-9.864,-0.125,-0.155,-0.013,-0.003,-0.015,0.000,0.000,0.000,0.00,15.2,OK
1787114240.123,FORWARD,4,-83.00,-79.68,-1.30,-0.23,1600,1500,8.98,5.642,-5.843,-83.62,-0.255,-0.029,9.787,-0.008,-0.010,0.018,-9.830,-0.119,-0.133,-0.008,0.002,-0.017,0.000,0.000,0.000,0.00,15.2,OK
1787114240.173,FORWARD,4,-83.00,-79.68,-1.30,-0.23,1600,1500,8.93,5.641,-5.846,-83.95,-0.245,-0.059,9.816,-0.015,0.003,0.006,-9.773,-0.171,-0.102,-0.004,0.006,-0.012,0.000,0.000,0.000,0.00,15.2,OK
1787114240.223,FORWARD,4,-83.00,-79.68,-1.30,-0.23,1600,1500,8.88,5.641,-5.846,-83.95,-0.245,-0.059,9.816,-0.015,0.003,0.006,-9.801,-0.124,-0.109,-0.002,0.009,-0.003,0.000,0.000,0.000,0.00,15.2,OK
1787114240.273,FORWARD,4,-83.00,-79.68,-1.30,-0.23,1600,1500,8.83,5.637,-5.849,-83.36,-0.245,-0.059,9.816,-0.015,0.003,0.006,-9.835,-0.119,-0.124,-0.002,0.012,-0.013,0.000,0.000,0.000,0.00,15.2,OK
1787114240.323,FORWARD,4,-83.00,-79.68,-1.30,-0.23,1600,1500,8.78,5.632,-5.853,-82.49,-0.245,-0.059,9.816,-0.015,0.003,0.006,-9.756,-0.171,-0.203,-0.000,0.014,-0.007,0.000,0.000,0.000,0.00,15.0,OK
1787114240.372,FORWARD,4,-83.00,-79.68,-1.30,-0.23,1600,1500,8.73,5.630,-5.858,-82.73,-0.245,-0.059,9.816,-0.015,0.003,0.006,-9.859,-0.091,-0.196,-0.002,0.015,-0.000,0.000,0.000,0.000,0.00,15.0,OK
1787114240.423,FORWARD,4,-83.00,-79.68,-1.30,-0.23,1600,1500,8.68,5.630,-5.858,-82.73,-0.235,-0.059,9.816,0.006,0.016,0.002,-9.756,-0.121,-0.126,-0.003,0.022,-0.004,0.000,0.000,0.000,0.00,15.0,OK
1787114240.472,FORWARD,4,-83.00,-79.68,-1.30,-0.23,1600,1500,8.63,5.626,-5.864,-82.03,-0.235,-0.059,9.816,0.006,0.016,0.002,-9.828,-0.141,-0.229,-0.005,0.017,0.015,0.000,0.000,0.000,0.00,15.0,OK
1787114240.523,FORWARD,4,-83.00,-79.68,-1.30,-0.23,1600,1500,8.58,5.621,-5.868,-81.11,-0.235,-0.059,9.816,0.006,0.016,0.002,-9.830,-0.160,-0.174,-0.001,0.023,0.012,0.000,0.000,0.000,0.00,15.0,OK
1787114240.573,FORWARD,4,-83.00,-79.68,-1.30,-0.23,1600,1500,8.53,5.617,-5.872,-80.27,-0.235,-0.059,9.816,0.006,0.016,0.002,-9.763,-0.116,-0.183,-0.005,0.027,0.005,0.000,0.000,0.000,0.00,15.0,OK
1787114240.623,FORWARD,4,-83.00,-79.68,-1.30,-0.23,1600,1500,8.48,5.617,-5.872,-80.27,-0.235,-0.059,9.816,0.006,0.016,0.002,-9.832,-0.083,-0.234,-0.008,0.024,-0.001,0.000,0.000,0.000,0.00,15.0,OK
1787114240.672,FORWARD,4,-83.00,-79.68,-1.30,-0.23,1600,1500,8.43,5.611,-5.877,-78.71,-0.265,-0.108,9.787,-0.002,0.023,0.008,-9.801,-0.274,-0.214,0.003,0.020,-0.014,0.000,0.000,0.000,0.00,15.0,OK
1787114240.723,FORWARD,4,-83.00,-79.68,-1.30,-0.23,1600,1500,8.38,5.612,-5.879,-79.24,-0.265,-0.108,9.787,-0.002,0.023,0.008,-9.861,-0.151,-0.260,-0.003,0.026,0.001,0.000,0.000,0.000,0.00,15.0,OK
1787114240.772,FORWARD,4,-83.00,-79.68,-1.30,-0.23,1600,1500,8.33,5.612,-5.880,-79.70,-0.265,-0.108,9.787,-0.002,0.023,0.008,-9.821,-0.126,-0.260,-0.005,0.024,-0.012,0.000,0.000,0.000,0.00,15.0,OK
1787114240.823,FORWARD,4,-83.00,-79.68,-1.30,-0.23,1600,1500,8.28,5.612,-5.880,-79.70,-0.265,-0.108,9.787,-0.002,0.023,0.008,-9.820,-0.088,-0.281,-0.000,0.021,-0.018,0.000,0.000,0.000,0.00,15.0,OK
1787114240.873,FORWARD,4,-83.00,-79.68,-1.30,-0.23,1600,1500,8.23,5.611,-5.882,-80.20,-0.265,-0.108,9.787,-0.002,0.023,0.008,-9.837,-0.143,-0.310,0.000,0.020,-0.019,0.000,0.000,0.000,0.00,15.0,OK
1787114240.923,FORWARD,4,-83.00,-79.68,-1.29,-0.23,1600,1500,8.18,5.608,-5.884,-80.26,-0.314,-0.069,9.797,-0.017,0.017,0.004,-9.775,-0.171,-0.303,-0.010,0.014,-0.018,0.000,0.000,0.000,0.00,15.0,OK
1787114240.973,FORWARD,4,-83.00,-79.68,-1.29,-0.23,1600,1500,8.13,5.607,-5.885,-80.68,-0.314,-0.069,9.797,-0.017,0.017,0.004,-9.863,-0.127,-0.248,-0.012,0.015,-0.016,0.000,0.000,0.000,0.00,15.0,OK
1787114241.023,FORWARD,4,-83.00,-79.68,-1.29,-0.23,1600,1500,8.08,5.607,-5.885,-80.68,-0.314,-0.069,9.797,-0.017,0.017,0.004,-9.840,-0.167,-0.346,-0.003,0.013,-0.003,0.000,0.000,0.000,0.00,15.0,OK
1787114241.073,FORWARD,4,-83.00,-79.68,-1.29,-0.23,1600,1500,8.03,5.604,-5.888,-80.82,-0.314,-0.069,9.797,-0.017,0.017,0.004,-9.873,-0.108,-0.327,-0.010,0.005,0.005,0.000,0.000,0.000,0.00,15.0,OK
1787114241.123,FORWARD,4,-83.00,-79.68,-1.29,-0.23,1600,1500,7.98,5.601,-5.891,-80.47,-0.314,-0.069,9.797,-0.017,0.017,0.004,-9.744,-0.185,-0.320,-0.006,0.005,-0.007,0.000,0.000,0.000,0.00,15.0,OK
1787114241.173,FORWARD,4,-83.00,-79.68,-1.29,-0.23,1600,1500,7.93,5.598,-5.895,-80.13,-0.373,-0.098,9.787,-0.008,0.007,0.002,-9.787,-0.147,-0.358,-0.004,0.004,0.001,0.000,0.000,0.000,0.00,15.0,OK
1787114241.223,FORWARD,4,-83.00,-79.68,-1.29,-0.23,1600,1500,7.88,5.598,-5.895,-80.13,-0.373,-0.098,9.787,-0.008,0.007,0.002,-9.844,-0.136,-0.296,-0.002,0.002,0.015,0.000,0.000,0.000,0.00,15.0,OK
1787114241.273,FORWARD,4,-83.00,-79.68,-1.29,-0.23,1600,1500,7.83,5.593,-5.905,-81.99,-0.373,-0.098,9.787,-0.008,0.007,0.002,-9.801,-0.157,-0.329,-0.008,-0.004,0.018,0.000,0.000,0.000,0.00,15.0,OK
1787114241.323,FORWARD,4,-83.00,-79.68,-1.29,-0.23,1600,1500,7.78,5.596,-5.914,-81.19,-0.373,-0.098,9.787,-0.008,0.007,0.002,-9.840,-0.115,-0.315,-0.007,-0.006,0.027,0.000,0.000,0.000,0.00,15.0,OK
1787114241.372,FORWARD,4,-83.00,-79.68,-1.29,-0.23,1600,1500,7.73,5.597,-5.917,-80.67,-0.373,-0.098,9.787,-0.008,0.007,0.002,-9.835,-0.134,-0.296,-0.008,-0.008,0.031,0.000,0.000,0.000,0.00,15.2,OK
1787114241.423,FORWARD,4,-83.00,-79.68,-1.29,-0.23,1600,1500,7.68,5.601,-5.921,-81.58,-0.461,-0.078,9.787,0.027,-0.016,0.007,-9.813,-0.105,-0.325,-0.010,-0.016,0.025,0.000,0.000,0.000,0.00,15.2,OK
1787114241.473,FORWARD,4,-83.00,-79.68,-1.29,-0.23,1600,1500,7.63,5.601,-5.921,-81.58,-0.461,-0.078,9.787,0.027,-0.016,0.007,-9.833,-0.067,-0.296,-0.011,-0.024,0.019,0.000,0.000,0.000,0.00,15.2,OK
1787114241.523,FORWARD,4,-83.00,-79.68,-1.29,-0.23,1600,1500,7.58,5.598,-5.928,-81.26,-0.461,-0.078,9.787,0.027,-0.016,0.007,-9.763,-0.128,-0.274,-0.005,-0.024,0.025,0.000,0.000,0.000,0.00,15.2,OK
1787114241.573,FORWARD,4,-83.00,-79.68,-1.29,-0.23,1600,1500,7.53,5.599,-5.933,-81.76,-0.461,-0.078,9.787,0.027,-0.016,0.007,-9.775,-0.083,-0.250,-0.016,-0.024,0.018,0.000,0.000,0.000,0.00,15.2,OK
1787114241.623,FORWARD,4,-83.00,-79.68,-1.29,-0.23,1600,1500,7.48,5.599,-5.933,-81.76,-0.461,-0.078,9.787,0.027,-0.016,0.007,-9.835,-0.115,-0.239,-0.012,-0.028,0.015,0.000,0.000,0.000,0.00,15.2,OK
1787114241.673,FORWARD,4,-83.00,-79.68,-1.30,-0.23,1600,1500,7.43,5.598,-5.940,-81.92,-0.363,-0.049,9.797,0.012,-0.028,0.013,-9.809,-0.069,-0.181,-0.011,-0.023,-0.001,0.000,0.000,0.000,0.00,15.2,OK
1787114241.723,FORWARD,4,-83.00,-79.68,-1.30,-0.23,1600,1500,7.38,5.598,-5.941,-81.92,-0.363,-0.049,9.797,0.012,-0.028,0.013,-9.775,-0.157,-0.195,-0.009,-0.020,-0.018,0.000,0.000,0.000,0.00,15.2,OK
1787114241.773,FORWARD,4,-83.00,-79.68,-1.30,-0.23,1600,1500,7.33,5.596,-5.947,-82.37,-0.363,-0.049,9.797,0.012,-0.028,0.013,-9.833,-0.079,-0.165,-0.018,-0.020,-0.004,0.000,0.000,0.000,0.00,15.2,OK
1787114241.823,FORWARD,4,-83.00,-79.68,-1.30,-0.23,1600,1500,7.28,5.596,-5.947,-82.37,-0.363,-0.049,9.797,0.012,-0.028,0.013,-9.778,-0.056,-0.191,-0.016,-0.018,-0.018,0.000,0.000,0.000,0.00,15.2,OK
1787114241.873,FORWARD,4,-83.00,-79.68,-1.30,-0.23,1600,1500,7.23,5.599,-5.951,-83.97,-0.363,-0.049,9.797,0.012,-0.028,0.013,-9.802,-0.059,-0.224,-0.011,-0.017,-0.017,0.000,0.000,0.000,0.00,15.2,OK
1787114241.923,FORWARD,4,-83.00,-79.68,-1.29,-0.23,1600,1500,7.18,5.598,-5.956,-84.00,-0.265,-0.049,9.767,-0.017,-0.018,0.012,-9.830,-0.093,-0.160,-0.011,-0.014,-0.016,0.000,0.000,0.000,0.00,15.2,OK
1787114241.973,FORWARD,4,-83.00,-79.68,-1.29,-0.23,1600,1500,7.13,5.595,-5.961,-83.79,-0.265,-0.049,9.767,-0.017,-0.018,0.012,-9.718,-0.209,-0.143,-0.010,-0.013,-0.028,0.000,0.000,0.000,0.00,15.2,OK
1787114242.023,FORWARD,4,-83.00,-79.68,-1.29,-0.23,1600,1500,7.08,5.595,-5.961,-83.79,-0.265,-0.049,9.767,-0.017,-0.018,0.012,-9.759,-0.202,-0.195,-0.012,-0.011,-0.030,0.000,0.000,0.000,0.00,15.2,OK
1787114242.073,FORWARD,4,-83.00,-79.68,-1.29,-0.23,1600,1500,7.03,5.594,-5.966,-84.77,-0.265,-0.049,9.767,-0.017,-0.018,0.012,-9.828,-0.153,-0.159,-0.002,-0.009,-0.019,0.000,0.000,0.000,0.00,15.2,OK
1787114242.123,FORWARD,4,-83.00,-79.68,-1.29,-0.23,1600,1500,6.98,5.592,-5.967,-85.43,-0.265,-0.049,9.767,-0.017,-0.018,0.012,-9.792,-0.179,-0.148,-0.006,-0.004,-0.026,0.000,0.000,0.000,0.00,15.2,OK
1787114242.174,FORWARD,4,-83.00,-79.68,-1.29,-0.23,1600,1500,6.93,5.590,-5.969,-85.73,-0.304,-0.059,9.787,-0.024,-0.005,0.004,-9.787,-0.179,-0.147,-0.005,-0.002,-0.021,0.000,0.000,0.000,0.00,15.2,OK
1787114242.223,FORWARD,4,-83.00,-79.68,-1.29,-0.23,1600,1500,6.88,5.590,-5.969,-85.73,-0.304,-0.059,9.787,-0.024,-0.005,0.004,-9.775,-0.221,-0.100,-0.004,-0.001,-0.007,0.000,0.000,0.000,0.00,15.2,OK
1787114242.273,FORWARD,4,-83.00,-79.68,-1.29,-0.23,1600,1500,6.83,5.589,-5.982,-88.24,-0.304,-0.059,9.787,-0.024,-0.005,0.004,-9.852,-0.158,-0.167,-0.007,-0.001,-0.000,0.000,0.000,0.000,0.00,15.2,OK
1787114242.323,FORWARD,4,-83.00,-79.68,-1.29,-0.23,1600,1500,6.78,5.590,-5.992,-88.50,-0.304,-0.059,9.787,-0.024,-0.005,0.004,-9.792,-0.171,-0.124,-0.012,0.003,0.006,0.000,0.000,0.000,0.00,15.2,OK
1787114242.373,FORWARD,4,-83.00,-79.68,-1.29,-0.23,1600,1500,6.73,5.591,-5.993,-87.28,-0.304,-0.059,9.787,-0.024,-0.005,0.004,-9.790,-0.186,-0.176,-0.013,0.002,0.002,0.000,0.000,0.000,0.00,15.0,OK
1787114242.422,FORWARD,4,-83.00,-79.68,-1.30,-0.23,1600,1500,6.68,5.587,-5.999,-86.08,-0.196,-0.098,9.807,0.006,0.004,0.013,-9.768,-0.169,-0.136,-0.017,0.004,0.003,0.000,0.000,0.000,0.00,15.0,OK
1787114242.473,FORWARD,4,-83.00,-79.68,-1.30,-0.23,1600,1500,6.63,5.587,-5.999,-86.08,-0.196,-0.098,9.807,0.006,0.004,0.013,-9.832,-0.186,-0.148,-0.017,0.003,0.003,0.000,0.000,0.000,0.00,15.0,OK
1787114242.523,FORWARD,4,-83.00,-79.68,-1.30,-0.23,1600,1500,6.58,5.583,-6.004,-86.03,-0.196,-0.098,9.807,0.006,0.004,0.013,-9.797,-0.188,-0.195,-0.011,0.004,0.005,0.000,0.000,0.000,0.00,15.0,OK
1787114242.573,FORWARD,4,-83.00,-79.68,-1.30,-0.23,1600,1500,6.53,5.581,-6.008,-85.97,-0.196,-0.098,9.807,0.006,0.004,0.013,-9.830,-0.136,-0.167,-0.014,0.005,0.003,0.000,0.000,0.000,0.00,15.0,OK
1787114242.623,FORWARD,4,-83.00,-79.68,-1.30,-0.23,1600,1500,6.48,5.581,-6.008,-85.97,-0.196,-0.098,9.807,0.006,0.004,0.013,-9.766,-0.174,-0.126,-0.010,0.005,0.007,0.000,0.000,0.000,0.00,15.0,OK
1787114242.673,FORWARD,4,-83.00,-79.68,-1.30,-0.23,1600,1500,6.43,5.578,-6.013,-86.63,-0.196,-0.137,9.826,0.007,0.005,0.008,-9.813,-0.157,-0.157,-0.005,0.008,0.014,0.000,0.000,0.000,0.00,15.0,OK
1787114242.723,FORWARD,4,-83.00,-79.68,-1.30,-0.23,1600,1500,6.38,5.574,-6.019,-86.12,-0.196,-0.137,9.826,0.007,0.005,0.008,-9.833,-0.150,-0.184,-0.003,0.006,-0.004,0.000,0.000,0.000,0.00,15.0,OK
1787114242.773,FORWARD,4,-83.00,-79.68,-1.30,-0.23,1600,1500,6.33,5.574,-6.015,-85.91,-0.196,-0.137,9.826,0.007,0.005,0.008,-9.828,-0.201,-0.148,-0.007,0.007,-0.012,0.000,0.000,0.000,0.00,15.0,OK
1787114242.823,FORWARD,4,-83.00,-79.68,-1.30,-0.23,1600,1500,6.28,5.574,-6.015,-85.91,-0.196,-0.137,9.826,0.007,0.005,0.008,-9.826,-0.167,-0.227,-0.000,0.007,0.004,0.000,0.000,0.000,0.00,15.0,OK
1787114242.873,FORWARD,4,-83.00,-79.68,-1.30,-0.23,1600,1500,6.23,5.570,-6.020,-86.65,-0.196,-0.137,9.826,0.007,0.005,0.008,-9.778,-0.157,-0.150,-0.003,0.009,-0.016,0.000,0.000,0.000,0.00,15.0,OK
1787114242.922,FORWARD,4,-83.00,-79.68,-1.30,-0.23,1600,1500,6.18,5.571,-6.026,-87.83,-0.265,-0.127,9.816,-0.017,0.010,0.001,-9.832,-0.170,-0.222,-0.002,0.013,-0.001,0.000,0.000,0.000,0.00,15.0,OK
1787114242.973,FORWARD,4,-83.00,-79.68,-1.30,-0.23,1600,1500,6.13,5.571,-6.030,-88.55,-0.265,-0.127,9.816,-0.017,0.010,0.001,-9.863,-0.165,-0.198,0.001,0.015,-0.004,0.000,0.000,0.000,0.00,15.0,OK
1787114243.023,FORWARD,4,-83.00,-79.68,-1.30,-0.23,1600,1500,6.08,5.571,-6.030,-88.55,-0.265,-0.127,9.816,-0.017,0.010,0.001,-9.842,-0.210,-0.198,-0.003,0.008,-0.010,0.000,0.000,0.000,0.00,15.0,OK
1787114243.073,FORWARD,4,-83.00,-79.68,-1.30,-0.23,1600,1500,6.03,5.569,-6.039,-88.98,-0.265,-0.127,9.816,-0.017,0.010,0.001,-9.844,-0.194,-0.215,-0.007,0.007,-0.012,0.000,0.000,0.000,0.00,15.0,OK
1787114243.123,FORWARD,4,-83.00,-79.68,-1.30,-0.23,1600,1500,5.98,5.569,-6.045,-88.86,-0.265,-0.127,9.816,-0.017,0.010,0.001,-9.778,-0.257,-0.215,-0.005,0.006,-0.010,0.000,0.000,0.000,0.00,15.0,OK
1787114243.172,FORWARD,4,-83.00,-79.68,-1.29,-0.23,1600,1500,5.93,5.568,-6.055,-89.55,-0.294,-0.137,9.797,-0.007,0.007,0.004,-9.833,-0.167,-0.183,-0.002,0.008,-0.010,0.000,0.000,0.000,0.00,15.0,OK
1787114243.223,FORWARD,4,-83.00,-79.68,-1.29,-0.23,1600,1500,5.88,5.568,-6.055,-89.55,-0.294,-0.137,9.797,-0.007,0.007,0.004,-9.768,-0.188,-0.152,-0.001,0.008,-0.018,0.000,0.000,0.000,0.00,15.0,OK
1787114243.273,FORWARD,4,-83.00,-79.68,-1.29,-0.23,1600,1500,5.83,5.568,-6.060,-89.97,-0.294,-0.137,9.797,-0.007,0.007,0.004,-9.794,-0.210,-0.255,-0.003,0.009,-0.029,0.000,0.000,0.000,0.00,15.0,OK
1787114243.323,FORWARD,4,-83.00,-79.68,-1.29,-0.23,1600,1500,5.78,5.564,-6.069,-89.75,-0.294,-0.137,9.797,-0.007,0.007,0.004,-9.847,-0.304,-0.272,-0.009,0.005,-0.024,0.000,0.000,0.000,0.00,15.0,OK
1787114243.373,FORWARD,4,-83.00,-79.68,-1.29,-0.23,1600,1500,5.73,5.561,-6.073,-89.30,-0.294,-0.137,9.797,-0.007,0.007,0.004,-9.792,-0.301,-0.210,-0.004,-0.002,-0.019,0.000,0.000,0.000,0.00,15.0,OK
1787114243.423,FORWARD,4,-83.00,-79.68,-1.29,-0.23,1600,1500,5.68,5.564,-6.074,-91.11,-0.265,-0.137,9.787,-0.016,-0.003,0.004,-9.840,-0.263,-0.279,0.005,-0.006,-0.007,0.000,0.000,0.000,0.00,15.0,OK
1787114243.473,FORWARD,4,-83.00,-79.68,-1.29,-0.23,1600,1500,5.63,5.564,-6.074,-91.11,-0.265,-0.137,9.787,-0.016,-0.003,0.004,-9.771,-0.267,-0.236,0.003,-0.010,-0.008,0.000,0.000,0.000,0.00,15.0,OK
1787114243.523,FORWARD,4,-83.00,-79.68,-1.29,-0.23,1600,1500,5.58,5.560,-6.077,-91.62,-0.265,-0.137,9.787,-0.016,-0.003,0.004,-9.892,-0.201,-0.265,0.005,-0.012,-0.007,0.000,0.000,0.000,0.00,15.0,OK
1787114243.572,FORWARD,4,-83.00,-79.68,-1.29,-0.23,1600,1500,5.53,5.557,-6.077,-92.32,-0.265,-0.137,9.787,-0.016,-0.003,0.004,-9.768,-0.296,-0.193,0.003,-0.017,-0.020,0.000,0.000,0.000,0.00,15.0,OK
1787114243.623,FORWARD,4,-83.00,-79.68,-1.29,-0.23,1600,1500,5.48,5.554,-6.079,-92.33,-0.265,-0.137,9.787,-0.016,-0.003,0.004,-9.830,-0.210,-0.224,0.002,-0.019,-0.015,0.000,0.000,0.000,0.00,15.0,OK
1787114243.673,FORWARD,4,-83.00,-79.68,-1.29,-0.23,1600,1500,5.43,5.554,-6.079,-92.33,-0.314,-0.186,9.787,-0.016,-0.017,-0.006,-9.871,-0.204,-0.217,0.003,-0.019,-0.009,0.000,0.000,0.000,0.00,15.0,OK
1787114243.723,FORWARD,4,-83.00,-79.68,-1.29,-0.23,1600,1500,5.38,5.550,-6.083,-92.30,-0.314,-0.186,9.787,-0.016,-0.017,-0.006,-9.854,-0.277,-0.200,0.005,-0.022,-0.002,0.000,0.000,0.000,0.00,15.0,OK
1787114243.773,FORWARD,4,-83.00,-79.68,-1.29,-0.23,1600,1500,5.33,5.546,-6.088,-91.99,-0.314,-0.186,9.787,-0.016,-0.017,-0.006,-9.904,-0.168,-0.165,0.003,-0.023,-0.001,0.000,0.000,0.000,0.00,15.0,OK
1787114243.823,FORWARD,4,-83.00,-79.68,-1.29,-0.23,1600,1500,5.28,5.547,-6.088,-92.15,-0.314,-0.186,9.787,-0.016,-0.017,-0.006,-9.823,-0.313,-0.167,-0.003,-0.024,-0.009,0.000,0.000,0.000,0.00,15.0,OK
1787114243.873,FORWARD,4,-83.00,-79.68,-1.29,-0.23,1600,1500,5.23,5.547,-6.088,-92.15,-0.314,-0.186,9.787,-0.016,-0.017,-0.006,-9.849,-0.268,-0.210,-0.011,-0.025,-0.004,0.000,0.000,0.000,0.00,15.0,OK
1787114243.923,FORWARD,4,-83.00,-79.68,-1.29,-0.23,1600,1500,5.18,5.544,-6.091,-92.31,-0.324,-0.235,9.797,-0.006,-0.025,0.008,-9.799,-0.277,-0.114,-0.011,-0.024,-0.010,0.000,0.000,0.000,0.00,15.0,OK
1787114243.973,FORWARD,4,-83.00,-79.68,-1.29,-0.23,1600,1500,5.13,5.538,-6.097,-92.25,-0.324,-0.235,9.797,-0.006,-0.025,0.008,-9.816,-0.267,-0.116,-0.015,-0.019,-0.005,0.000,0.000,0.000,0.00,15.0,OK
1787114244.023,FORWARD,4,-83.00,-79.68,-1.29,-0.23,1600,1500,5.08,5.538,-6.097,-92.25,-0.324,-0.235,9.797,-0.006,-0.025,0.008,-9.792,-0.310,-0.083,-0.008,-0.016,0.001,0.000,0.000,0.000,0.00,15.0,OK
1787114244.073,FORWARD,4,-83.00,-79.68,-1.29,-0.23,1600,1500,5.03,5.531,-6.103,-90.77,-0.324,-0.235,9.797,-0.006,-0.025,0.008,-9.770,-0.272,-0.107,-0.017,-0.019,-0.007,0.000,0.000,0.000,0.00,15.0,OK
1787114244.123,FORWARD,4,-83.00,-79.68,-1.29,-0.23,1600,1500,4.98,5.529,-6.107,-90.83,-0.324,-0.235,9.797,-0.006,-0.025,0.008,-9.801,-0.308,-0.090,-0.022,-0.019,-0.004,0.000,0.000,0.000,0.00,15.0,OK
1787114244.172,FORWARD,4,-83.00,-79.68,-1.30,-0.23,1600,1500,4.93,5.525,-6.111,-90.23,-0.206,-0.255,9.797,-0.007,-0.021,0.019,-9.790,-0.281,-0.049,-0.022,-0.019,-0.004,0.000,0.000,0.000,0.00,15.0,OK
1787114244.223,FORWARD,4,-83.00,-79.68,-1.30,-0.23,1600,1500,4.88,5.525,-6.111,-90.23,-0.206,-0.255,9.797,-0.007,-0.021,0.019,-9.825,-0.291,-0.085,-0.017,-0.015,0.002,0.000,0.000,0.000,0.00,15.0,OK
1787114244.272,FORWARD,4,-83.00,-79.68,-1.30,-0.23,1600,1500,4.83,5.530,-6.116,-92.96,-0.206,-0.255,9.797,-0.007,-0.021,0.019,-9.859,-0.218,-0.085,-0.019,-0.017,0.001,0.000,0.000,0.000,0.00,15.0,OK
1787114244.323,FORWARD,4,-83.00,-79.68,-1.30,-0.23,1600,1500,4.78,5.531,-6.120,-95.08,-0.206,-0.255,9.797,-0.007,-0.021,0.019,-9.776,-0.310,-0.124,-0.010,-0.016,0.007,0.000,0.000,0.000,0.00,15.0,OK
1787114244.373,FORWARD,4,-83.00,-79.68,-1.30,-0.23,1600,1500,4.73,5.529,-6.122,-95.11,-0.206,-0.255,9.797,-0.007,-0.021,0.019,-9.789,-0.348,-0.064,-0.012,-0.017,0.017,0.000,0.000,0.000,0.00,15.0,OK
1787114244.423,FORWARD,4,-83.00,-79.68,-1.30,-0.23,1600,1500,4.68,5.529,-6.122,-95.11,-0.186,-0.245,9.797,0.020,-0.017,0.011,-9.790,-0.262,0.010,-0.012,-0.019,0.021,0.000,0.000,0.000,0.00,14.3,OK
1787114244.473,FORWARD,4,-83.00,-79.68,-1.30,-0.23,1600,1500,4.63,5.525,-6.131,-96.06,-0.186,-0.245,9.797,0.020,-0.017,0.011,-9.837,-0.239,-0.045,-0.019,-0.022,0.022,0.000,0.000,0.000,0.00,14.3,OK
1787114244.523,FORWARD,4,-83.00,-79.68,-1.30,-0.23,1600,1500,4.58,5.526,-6.136,-95.80,-0.186,-0.245,9.797,0.020,-0.017,0.011,-9.842,-0.285,-0.033,-0.019,-0.019,0.012,0.000,0.000,0.000,0.00,14.3,OK
1787114244.572,FORWARD,4,-83.00,-79.68,-1.30,-0.23,1600,1500,4.53,5.523,-6.142,-94.93,-0.186,-0.245,9.797,0.020,-0.017,0.011,-9.768,-0.241,0.037,-0.020,-0.024,0.015,0.000,0.000,0.000,0.00,14.3,OK
1787114244.623,FORWARD,4,-83.00,-79.68,-1.30,-0.23,1600,1500,4.48,5.523,-6.142,-94.93,-0.186,-0.245,9.797,0.020,-0.017,0.011,-9.849,-0.265,0.027,-0.014,-0.019,0.025,0.000,0.000,0.000,0.00,14.3,OK
1787114244.673,FORWARD,4,-83.00,-79.68,-1.30,-0.23,1600,1500,4.43,5.522,-6.150,-94.98,-0.137,-0.216,9.777,0.025,-0.022,0.015,-9.787,-0.231,0.044,-0.015,-0.023,0.016,0.000,0.000,0.000,0.00,14.3,OK
1787114244.723,FORWARD,4,-83.00,-79.68,-1.30,-0.23,1600,1500,4.38,5.520,-6.156,-94.30,-0.137,-0.216,9.777,0.025,-0.022,0.015,-9.799,-0.231,0.030,-0.009,-0.019,0.007,0.000,0.000,0.000,0.00,14.3,OK
1787114244.773,FORWARD,4,-83.00,-79.68,-1.30,-0.23,1600,1500,4.33,5.519,-6.159,-93.84,-0.137,-0.216,9.777,0.025,-0.022,0.015,-9.830,-0.198,0.065,-0.012,-0.016,0.013,0.000,0.000,0.000,0.00,14.3,OK
1787114244.823,FORWARD,4,-83.00,-79.68,-1.30,-0.23,1600,1500,4.28,5.519,-6.159,-93.84,-0.137,-0.216,9.777,0.025,-0.022,0.015,-9.801,-0.207,0.054,-0.007,-0.019,0.011,0.000,0.000,0.000,0.00,14.3,OK
1787114244.873,FORWARD,4,-83.00,-79.68,-1.30,-0.23,1600,1500,4.23,5.514,-6.165,-92.98,-0.137,-0.216,9.777,0.025,-0.022,0.015,-9.797,-0.162,0.063,-0.003,-0.013,0.005,0.000,0.000,0.000,0.00,14.3,OK
1787114244.923,FORWARD,4,-83.00,-79.68,-1.29,-0.23,1600,1500,4.18,5.512,-6.174,-92.92,-0.039,-0.177,9.797,0.005,-0.013,0.003,-9.828,-0.198,0.049,-0.002,-0.011,0.014,0.000,0.000,0.000,0.00,14.3,OK
1787114244.973,FORWARD,4,-83.00,-79.68,-1.29,-0.23,1600,1500,4.13,5.512,-6.174,-92.16,-0.039,-0.177,9.797,0.005,-0.013,0.003,-9.809,-0.133,0.058,0.004,-0.004,0.013,0.000,0.000,0.000,0.00,14.3,OK
1787114245.023,FORWARD,4,-83.00,-79.68,-1.29,-0.23,1600,1500,4.08,5.512,-6.174,-92.16,-0.039,-0.177,9.797,0.005,-0.013,0.003,-9.809,-0.141,0.053,0.001,-0.004,-0.004,0.000,0.000,0.000,0.00,14.3,OK
1787114245.072,FORWARD,4,-83.00,-79.68,-1.29,-0.23,1600,1500,4.03,5.507,-6.182,-92.36,-0.039,-0.177,9.797,0.005,-0.013,0.003,-9.766,-0.214,0.051,-0.002,0.002,-0.006,0.000,0.000,0.000,0.00,14.3,OK
1787114245.123,FORWARD,4,-83.00,-79.68,-1.29,-0.23,1600,1500,3.98,5.500,-6.189,-90.85,-0.039,-0.177,9.797,0.005,-0.013,0.003,-9.826,-0.131,0.065,0.001,0.000,-0.009,0.000,0.000,0.000,0.00,14.3,OK
1787114245.173,FORWARD,4,-83.00,-79.68,-1.30,-0.23,1600,1500,3.93,5.511,-6.187,-92.79,-0.078,-0.127,9.797,-0.008,-0.002,-0.003,-9.801,-0.196,0.066,0.000,0.004,-0.019,0.000,0.000,0.000,0.00,14.3,OK
1787114245.224,FORWARD,4,-83.00,-79.68,-1.30,-0.23,1600,1500,3.88,5.511,-6.187,-92.79,-0.078,-0.127,9.797,-0.008,-0.002,-0.003,-9.821,-0.203,0.077,0.001,0.004,-0.013,0.000,0.000,0.000,0.00,14.3,OK
1787114245.273,FORWARD,4,-83.00,-79.68,-1.30,-0.23,1600,1500,3.83,5.503,-6.194,-93.60,-0.078,-0.127,9.797,-0.008,-0.002,-0.003,-9.785,-0.236,0.046,0.005,0.004,-0.011,0.000,0.000,0.000,0.00,14.3,OK
1787114245.324,FORWARD,4,-83.00,-79.68,-1.30,-0.23,1600,1500,3.78,5.500,-6.203,-93.81,-0.078,-0.127,9.797,-0.008,-0.002,-0.003,-9.813,-0.193,0.101,-0.001,0.005,-0.012,0.000,0.000,0.000,0.00,14.3,OK
1787114245.372,FORWARD,4,-83.00,-79.68,-1.30,-0.23,1600,1500,3.73,5.489,-6.210,-91.29,-0.078,-0.127,9.797,-0.008,-0.002,-0.003,-9.763,-0.217,0.066,0.003,0.004,-0.017,0.000,0.000,0.000,0.00,14.3,OK
1787114245.423,FORWARD,4,-83.00,-79.68,-1.30,-0.23,1600,1500,3.68,5.489,-6.210,-91.29,-0.020,-0.127,9.807,-0.016,0.003,-0.005,-9.849,-0.258,0.056,0.004,0.006,-0.011,0.000,0.000,0.000,0.00,15.0,OK
1787114245.473,FORWARD,4,-83.00,-79.68,-1.30,-0.23,1600,1500,3.63,5.478,-6.218,-86.36,-0.020,-0.127,9.807,-0.016,0.003,-0.005,-9.880,-0.240,0.065,0.000,-0.001,-0.006,0.000,0.000,0.000,0.00,15.0,OK
1787114245.522,FORWARD,4,-83.00,-79.68,-1.30,-0.23,1600,1500,3.58,5.469,-6.232,-84.59,-0.020,-0.127,9.807,-0.016,0.003,-0.005,-9.816,-0.306,0.101,0.004,-0.001,-0.001,0.000,0.000,0.000,0.00,15.0,OK
1787114245.572,FORWARD,4,-83.00,-79.68,-1.30,-0.23,1600,1500,3.53,5.468,-6.243,-86.08,-0.020,-0.127,9.807,-0.016,0.003,-0.005,-9.857,-0.160,0.022,-0.001,0.001,0.007,0.000,0.000,0.000,0.00,15.0,OK
1787114245.623,FORWARD,4,-83.00,-79.68,-1.30,-0.23,1600,1500,3.48,5.468,-6.243,-86.08,-0.020,-0.127,9.807,-0.016,0.003,-0.005,-9.818,-0.260,0.070,0.001,-0.002,0.003,0.000,0.000,0.000,0.00,15.0,OK
1787114245.673,FORWARD,4,-83.00,-79.68,-1.29,-0.23,1600,1500,3.43,5.477,-6.244,-89.88,0.010,-0.186,9.777,0.003,-0.001,-0.000,-9.852,-0.213,0.056,0.000,-0.001,0.004,0.000,0.000,0.000,0.00,15.0,OK
1787114245.723,FORWARD,4,-83.00,-79.68,-1.29,-0.23,1600,1500,3.38,5.481,-6.246,-91.63,0.010,-0.186,9.777,0.003,-0.001,-0.000,-9.852,-0.182,0.053,-0.003,-0.005,-0.005,0.000,0.000,0.000,0.00,15.0,OK
1787114245.772,FORWARD,4,-83.00,-79.68,-1.29,-0.23,1600,1500,3.33,5.476,-6.244,-89.90,0.010,-0.186,9.777,0.003,-0.001,-0.000,-9.716,-0.259,0.092,-0.004,-0.007,-0.015,0.000,0.000,0.000,0.00,15.0,OK
1787114245.823,FORWARD,4,-83.00,-79.68,-1.29,-0.23,1600,1500,3.28,5.476,-6.244,-89.90,0.010,-0.186,9.777,0.003,-0.001,-0.000,-9.845,-0.306,0.044,-0.006,-0.004,-0.004,0.000,0.000,0.000,0.00,15.0,OK
1787114245.873,FORWARD,4,-83.00,-79.68,-1.29,-0.23,1600,1500,3.23,5.476,-6.252,-91.65,0.010,-0.186,9.777,0.003,-0.001,-0.000,-9.833,-0.241,0.099,-0.014,-0.005,-0.004,0.000,0.000,0.000,0.00,15.0,OK
1787114245.923,FORWARD,4,-83.00,-79.68,-1.29,-0.23,1600,1500,3.18,5.476,-6.253,-92.66,0.010,-0.216,9.797,-0.009,-0.007,0.009,-9.778,-0.238,0.113,-0.015,-0.006,-0.023,0.000,0.000,0.000,0.00,15.0,OK
1787114245.973,FORWARD,4,-83.00,-79.68,-1.29,-0.23,1600,1500,3.13,5.476,-6.253,-92.78,0.010,-0.216,9.797,-0.009,-0.007,0.009,-9.792,-0.308,0.092,-0.018,-0.005,-0.017,0.000,0.000,0.000,0.00,15.0,OK
1787114246.023,FORWARD,4,-83.00,-79.68,-1.29,-0.23,1600,1500,3.08,5.476,-6.253,-92.78,0.010,-0.216,9.797,-0.009,-0.007,0.009,-9.804,-0.320,0.046,-0.018,-0.000,-0.033,0.000,0.000,0.000,0.00,15.0,OK
1787114246.073,FORWARD,4,-83.00,-79.68,-1.29,-0.23,1600,1500,3.03,5.466,-6.265,-93.37,0.010,-0.216,9.797,-0.009,-0.007,0.009,-9.763,-0.382,0.114,-0.017,-0.001,-0.024,0.000,0.000,0.000,0.00,15.0,OK
1787114246.123,FORWARD,4,-83.00,-79.68,-1.29,-0.23,1600,1500,2.98,5.469,-6.272,-94.57,0.010,-0.216,9.797,-0.009,-0.007,0.009,-9.873,-0.347,0.068,-0.013,0.002,-0.023,0.000,0.000,0.000,0.00,15.0,OK
1787114246.173,FORWARD,4,-83.00,-79.68,-1.29,-0.23,1600,1500,2.93,5.477,-6.275,-95.94,-0.069,-0.235,9.797,-0.029,0.003,0.014,-9.749,-0.400,0.099,-0.015,0.004,-0.024,0.000,0.000,0.000,0.00,15.0,OK
1787114246.223,FORWARD,4,-83.00,-79.68,-1.29,-0.23,1600,1500,2.88,5.477,-6.275,-95.94,-0.069,-0.235,9.797,-0.029,0.003,0.014,-9.766,-0.408,0.092,-0.013,0.012,-0.013,0.000,0.000,0.000,0.00,15.0,OK
1787114246.272,FORWARD,4,-83.00,-79.68,-1.29,-0.23,1600,1500,2.83,5.478,-6.284,-100.47,-0.069,-0.235,9.797,-0.029,0.003,0.014,-9.849,-0.323,0.032,-0.012,0.011,0.001,0.000,0.000,0.000,0.00,15.0,OK
1787114246.323,FORWARD,4,-83.00,-79.68,-1.29,-0.23,1600,1500,2.78,5.478,-6.284,-100.47,-0.069,-0.235,9.797,-0.029,0.003,0.014,-9.811,-0.356,0.078,-0.006,0.013,-0.004,0.000,0.000,0.000,0.00,15.0,OK
1787114246.373,FORWARD,4,-83.00,-79.68,-1.29,-0.23,1600,1500,2.73,5.489,-6.280,-103.99,-0.069,-0.235,9.797,-0.029,0.003,0.014,-9.821,-0.344,0.006,0.002,0.010,-0.004,0.000,0.000,0.000,0.00,15.0,OK
1787114246.423,FORWARD,4,-83.00,-79.68,-1.29,-0.23,1600,1500,2.68,5.469,-6.292,-97.96,0.029,-0.284,9.787,-0.002,0.009,0.001,-9.773,-0.355,0.001,-0.001,0.008,-0.009,0.000,0.000,0.000,0.00,16.0,OK
1787114246.473,FORWARD,4,-83.00,-79.68,-1.29,-0.23,1600,1500,2.63,5.469,-6.292,-97.96,0.029,-0.284,9.787,-0.002,0.009,0.001,-9.756,-0.417,0.082,-0.002,0.010,-0.002,0.000,0.000,0.000,0.00,16.0,OK
1787114246.523,FORWARD,4,-83.00,-79.68,-1.29,-0.23,1600,1500,2.58,5.467,-6.301,-98.51,0.029,-0.284,9.787,-0.002,0.009,0.001,-9.930,-0.396,0.010,0.002,0.009,0.015,0.000,0.000,0.000,0.00,16.0,OK
1787114246.572,FORWARD,4,-83.00,-79.68,-1.29,-0.23,1600,1500,2.53,5.464,-6.303,-97.10,0.029,-0.284,9.787,-0.002,0.009,0.001,-9.773,-0.274,0.008,-0.001,0.009,0.008,0.000,0.000,0.000,0.00,16.0,OK
1787114246.623,FORWARD,4,-83.00,-79.68,-1.29,-0.23,1600,1500,2.48,5.464,-6.303,-97.10,0.029,-0.284,9.787,-0.002,0.009,0.001,-9.778,-0.339,0.049,-0.003,0.006,-0.008,0.000,0.000,0.000,0.00,16.0,OK
1787114246.673,FORWARD,4,-84.00,-79.68,-1.28,-0.23,1600,1500,2.43,5.458,-6.313,-98.62,0.000,-0.265,9.797,-0.011,0.010,0.002,-9.835,-0.323,0.001,-0.010,0.007,-0.008,0.000,0.000,0.000,0.00,16.0,OK
1787114246.723,FORWARD,4,-84.00,-79.68,-1.28,-0.23,1600,1500,2.38,5.460,-6.318,-101.23,0.000,-0.265,9.797,-0.011,0.010,0.002,-9.770,-0.343,-0.006,-0.005,0.006,-0.011,0.000,0.000,0.000,0.00,16.0,OK
1787114246.773,FORWARD,4,-84.00,-79.68,-1.28,-0.23,1600,1500,2.33,5.456,-6.328,-101.43,0.000,-0.265,9.797,-0.011,0.010,0.002,-9.820,-0.409,0.022,-0.010,0.004,0.004,0.000,0.000,0.000,0.00,16.0,OK
1787114246.823,FORWARD,4,-84.00,-79.68,-1.28,-0.23,1600,1500,2.28,5.456,-6.328,-101.43,0.000,-0.265,9.797,-0.011,0.010,0.002,-9.756,-0.350,0.003,-0.013,0.005,-0.009,0.000,0.000,0.000,0.00,16.0,OK
1787114246.873,FORWARD,4,-84.00,-79.68,-1.28,-0.23,1600,1500,2.23,5.466,-6.341,-103.06,0.000,-0.265,9.797,-0.011,0.010,0.002,-9.732,-0.388,-0.006,-0.010,0.008,-0.011,0.000,0.000,0.000,0.00,16.0,OK
1787114246.923,FORWARD,4,-84.00,-79.68,-1.28,-0.23,1600,1500,2.18,5.466,-6.353,-104.66,-0.029,-0.245,9.787,-0.010,0.007,0.010,-9.782,-0.382,-0.021,-0.011,0.009,-0.003,0.000,0.000,0.000,0.00,16.0,OK
1787114246.973,FORWARD,4,-84.00,-79.68,-1.28,-0.23,1600,1500,2.13,5.461,-6.373,-106.46,-0.029,-0.245,9.787,-0.010,0.007,0.010,-9.852,-0.380,-0.026,-0.009,0.008,0.001,0.000,0.000,0.000,0.00,16.0,OK
1787114247.023,FORWARD,4,-84.00,-79.68,-1.28,-0.23,1600,1500,2.08,5.461,-6.373,-106.46,-0.029,-0.245,9.787,-0.010,0.007,0.010,-9.775,-0.391,0.042,-0.008,0.004,0.005,0.000,0.000,0.000,0.00,16.0,OK
1787114247.073,FORWARD,4,-84.00,-79.68,-1.28,-0.23,1600,1500,2.03,5.457,-6.381,-104.37,-0.029,-0.245,9.787,-0.010,0.007,0.010,-9.842,-0.301,-0.047,-0.007,0.006,0.010,0.000,0.000,0.000,0.00,16.0,OK
1787114247.123,FORWARD,4,-84.00,-79.68,-1.28,-0.23,1600,1500,1.98,5.456,-6.388,-102.07,-0.029,-0.245,9.787,-0.010,0.007,0.010,-9.754,-0.343,-0.045,-0.001,0.007,0.010,0.000,0.000,0.000,0.00,16.0,OK
1787114247.173,FORWARD,4,-84.00,-79.68,-1.28,-0.23,1600,1500,1.93,5.456,-6.388,-102.07,-0.108,-0.373,9.797,0.014,0.009,-0.000,-9.849,-0.320,-0.042,0.005,0.009,0.016,0.000,0.000,0.000,0.00,16.0,OK
1787114247.223,FORWARD,4,-84.00,-79.68,-1.28,-0.23,1600,1500,1.88,5.458,-6.375,-101.65,-0.108,-0.373,9.797,0.014,0.009,-0.000,-9.811,-0.303,-0.023,-0.003,0.006,0.008,0.000,0.000,0.000,0.00,16.0,OK
1787114247.272,FORWARD,4,-84.00,-79.68,-1.28,-0.23,1600,1500,1.83,5.457,-6.373,-102.54,-0.108,-0.373,9.797,0.014,0.009,-0.000,-9.747,-0.412,-0.021,-0.002,0.006,0.010,0.000,0.000,0.000,0.00,16.0,OK
1787114247.322,FORWARD,4,-84.00,-79.68,-1.28,-0.23,1600,1500,1.78,5.443,-6.381,-99.47,-0.108,-0.373,9.797,0.014,0.009,-0.000,-9.797,-0.358,-0.045,-0.002,0.004,0.007,0.000,0.000,0.000,0.00,16.0,OK
1787114247.372,FORWARD,4,-84.00,-79.68,-1.28,-0.23,1600,1500,1.73,5.445,-6.388,-99.64,-0.108,-0.373,9.797,0.014,0.009,-0.000,-9.828,-0.320,-0.018,-0.006,-0.000,0.005,0.000,0.000,0.000,0.00,16.0,OK
1787114247.422,FORWARD,4,-84.00,-79.68,-1.28,-0.23,1600,1500,1.68,5.445,-6.388,-99.64,-0.177,-0.284,9.787,0.003,-0.001,0.002,-9.802,-0.284,0.001,-0.009,-0.002,0.000,0.000,0.000,0.000,0.00,16.0,OK
1787114247.472,FORWARD,4,-84.00,-79.68,-1.28,-0.23,1600,1500,1.63,5.441,-6.398,-101.24,-0.177,-0.284,9.787,0.003,-0.001,0.002,-9.801,-0.294,-0.042,-0.013,-0.009,-0.000,0.000,0.000,0.000,0.00,14.3,OK
1787114247.523,FORWARD,4,-84.00,-79.68,-1.28,-0.23,1600,1500,1.58,5.442,-6.410,-104.13,-0.177,-0.284,9.787,0.003,-0.001,0.002,-9.801,-0.329,0.006,-0.017,-0.008,0.012,0.000,0.000,0.000,0.00,14.3,OK
1787114247.573,FORWARD,4,-84.00,-79.68,-1.28,-0.23,1600,1500,1.53,5.441,-6.420,-104.94,-0.177,-0.284,9.787,0.003,-0.001,0.002,-9.804,-0.380,0.049,-0.013,-0.008,0.011,0.000,0.000,0.000,0.00,14.3,OK
1787114247.623,FORWARD,4,-84.00,-79.68,-1.28,-0.23,1600,1500,1.48,5.441,-6.420,-104.94,-0.177,-0.284,9.787,0.003,-0.001,0.002,-9.820,-0.332,-0.009,-0.024,-0.008,0.005,0.000,0.000,0.000,0.00,14.3,OK
1787114247.673,FORWARD,4,-84.00,-79.68,-1.28,-0.23,1600,1500,1.43,5.440,-6.427,-102.80,-0.118,-0.294,9.777,0.001,-0.010,0.019,-9.785,-0.334,-0.014,-0.021,-0.010,-0.005,0.000,0.000,0.000,0.00,14.3,OK
1787114247.723,FORWARD,4,-84.00,-79.68,-1.28,-0.23,1600,1500,1.38,5.440,-6.439,-103.62,-0.118,-0.294,9.777,0.001,-0.010,0.019,-9.794,-0.327,0.008,-0.022,-0.012,-0.005,0.000,0.000,0.000,0.00,14.3,OK
1787114247.773,FORWARD,4,-84.00,-79.68,-1.28,-0.23,1600,1500,1.33,5.440,-6.439,-103.62,-0.118,-0.294,9.777,0.001,-0.010,0.019,-9.780,-0.353,0.044,-0.027,-0.013,0.007,0.000,0.000,0.000,0.00,14.3,OK
1787114247.823,FORWARD,4,-84.00,-79.68,-1.28,-0.23,1600,1500,1.28,5.438,-6.445,-103.27,-0.118,-0.294,9.777,0.001,-0.010,0.019,-9.725,-0.338,0.006,-0.020,-0.017,-0.011,0.000,0.000,0.000,0.00,14.3,OK
1787114247.873,FORWARD,4,-84.00,-79.68,-1.28,-0.23,1600,1500,1.23,5.434,-6.449,-101.79,-0.118,-0.294,9.777,0.001,-0.010,0.019,-9.756,-0.441,0.058,-0.023,-0.016,-0.004,0.000,0.000,0.000,0.00,14.3,OK
1787114247.923,FORWARD,4,-83.00,-79.68,-1.28,-0.23,1600,1500,1.18,5.430,-6.457,-101.18,-0.049,-0.284,9.767,-0.003,-0.014,0.019,-9.842,-0.318,0.051,-0.026,-0.020,-0.004,0.000,0.000,0.000,0.00,14.3,OK
1787114247.973,FORWARD,4,-83.00,-79.68,-1.28,-0.23,1600,1500,1.13,5.427,-6.462,-100.07,-0.049,-0.284,9.767,-0.003,-0.014,0.019,-9.837,-0.445,0.075,-0.023,-0.015,-0.014,0.000,0.000,0.000,0.00,14.3,OK
1787114248.022,FORWARD,4,-83.00,-79.68,-1.28,-0.23,1600,1500,1.08,5.427,-6.462,-100.07,-0.049,-0.284,9.767,-0.003,-0.014,0.019,-9.771,-0.422,0.080,-0.017,-0.012,-0.026,0.000,0.000,0.000,0.00,14.3,OK
1787114248.073,FORWARD,4,-83.00,-79.68,-1.28,-0.23,1600,1500,1.03,5.422,-6.468,-98.96,-0.049,-0.284,9.767,-0.003,-0.014,0.019,-9.830,-0.342,0.065,-0.017,-0.013,-0.017,0.000,0.000,0.000,0.00,14.3,OK
1787114248.123,FORWARD,4,-83.00,-79.68,-1.28,-0.23,1600,1500,0.98,5.418,-6.471,-97.96,-0.049,-0.284,9.767,-0.003,-0.014,0.019,-9.787,-0.449,0.044,-0.017,-0.010,-0.027,0.000,0.000,0.000,0.00,14.3,OK
1787114248.173,FORWARD,4,-83.00,-79.68,-1.28,-0.23,1600,1500,0.93,5.418,-6.471,-97.96,-0.167,-0.314,9.797,-0.026,-0.011,0.015,-9.756,-0.460,0.054,-0.013,-0.010,-0.033,0.000,0.000,0.000,0.00,14.3,OK
1787114248.223,FORWARD,4,-83.00,-79.68,-1.28,-0.23,1600,1500,0.88,5.415,-6.477,-98.14,-0.167,-0.314,9.797,-0.026,-0.011,0.015,-9.895,-0.457,0.020,-0.010,-0.009,-0.024,0.000,0.000,0.000,0.00,14.3,OK
1787114248.273,FORWARD,4,-83.00,-79.68,-1.28,-0.23,1600,1500,0.83,5.410,-6.484,-97.90,-0.167,-0.314,9.797,-0.026,-0.011,0.015,-9.778,-0.363,0.046,-0.012,-0.007,-0.026,0.000,0.000,0.000,0.00,14.3,OK
1787114248.323,FORWARD,4,-83.00,-79.68,-1.28,-0.23,1600,1500,0.78,5.407,-6.493,-98.29,-0.167,-0.314,9.797,-0.026,-0.011,0.015,-9.778,-0.547,0.051,-0.011,-0.008,-0.029,0.000,0.000,0.000,0.00,14.3,OK
1787114248.373,FORWARD,4,-83.00,-79.68,-1.28,-0.23,1600,1500,0.73,5.406,-6.494,-97.81,-0.167,-0.314,9.797,-0.026,-0.011,0.015,-9.806,-0.459,0.037,-0.009,-0.005,0.001,0.000,0.000,0.000,0.00,14.3,OK
1787114248.423,FORWARD,4,-83.00,-79.68,-1.28,-0.23,1600,1500,0.68,5.406,-6.494,-97.81,-0.039,-0.353,9.807,-0.002,-0.004,0.006,-9.837,-0.452,0.075,-0.010,-0.003,0.009,0.000,0.000,0.000,0.00,14.3,OK
1787114248.473,FORWARD,4,-83.00,-79.68,-1.28,-0.23,1600,1500,0.63,5.390,-6.510,-96.39,-0.039,-0.353,9.807,-0.002,-0.004,0.006,-9.792,-0.411,0.111,-0.008,-0.001,-0.002,0.000,0.000,0.000,0.00,15.0,OK
1787114248.522,FORWARD,4,-83.00,-79.68,-1.28,-0.23,1600,1500,0.58,5.386,-6.527,-97.95,-0.039,-0.353,9.807,-0.002,-0.004,0.006,-9.854,-0.450,0.029,-0.005,-0.005,-0.000,0.000,0.000,0.000,0.00,15.0,OK
1787114248.572,FORWARD,4,-83.00,-79.68,-1.28,-0.23,1600,1500,0.53,5.392,-6.529,-97.02,-0.039,-0.353,9.807,-0.002,-0.004,0.006,-9.790,-0.473,0.087,-0.007,-0.002,-0.006,0.000,0.000,0.000,0.00,15.0,OK
1787114248.622,FORWARD,4,-83.00,-79.68,-1.28,-0.23,1600,1500,0.48,5.396,-6.537,-99.64,-0.039,-0.353,9.807,-0.002,-0.004,0.006,-9.737,-0.453,0.080,-0.006,-0.003,-0.006,0.000,0.000,0.000,0.00,15.0,OK
1787114248.673,FORWARD,4,-83.00,-79.68,-1.28,-0.23,1600,1500,0.43,5.396,-6.537,-99.64,-0.039,-0.402,9.777,-0.004,-0.003,0.005,-9.770,-0.439,0.025,-0.010,0.001,-0.004,0.000,0.000,0.000,0.00,15.0,OK
1787114248.722,FORWARD,4,-83.00,-79.68,-1.28,-0.23,1600,1500,0.38,5.402,-6.539,-101.58,-0.039,-0.402,9.777,-0.004,-0.003,0.005,-9.775,-0.470,0.092,-0.012,0.002,-0.013,0.000,0.000,0.000,0.00,15.0,OK
1787114248.773,FORWARD,4,-83.00,-79.68,-1.28,-0.23,1600,1500,0.33,5.394,-6.554,-101.61,-0.039,-0.402,9.777,-0.004,-0.003,0.005,-9.792,-0.490,0.142,-0.010,0.003,-0.004,0.000,0.000,0.000,0.00,15.0,OK
1787114248.822,FORWARD,4,-83.00,-79.68,-1.28,-0.23,1600,1500,0.28,5.394,-6.554,-101.61,-0.039,-0.402,9.777,-0.004,-0.003,0.005,-9.785,-0.422,0.094,-0.010,0.008,-0.003,0.000,0.000,0.000,0.00,15.0,OK
1787114248.872,FORWARD,4,-83.00,-79.68,-1.28,-0.23,1600,1500,0.23,5.390,-6.569,-101.52,-0.039,-0.402,9.777,-0.004,-0.003,0.005,-9.758,-0.463,0.152,-0.013,-0.000,-0.011,0.000,0.000,0.000,0.00,15.0,OK
1787114248.923,FORWARD,4,-83.00,-79.68,-1.29,-0.23,1600,1500,0.18,5.385,-6.574,-99.93,0.000,-0.373,9.787,-0.007,-0.000,0.010,-9.828,-0.442,0.070,-0.010,0.002,-0.017,0.000,0.000,0.000,0.00,15.0,OK
1787114248.972,FORWARD,4,-83.00,-79.68,-1.29,-0.23,1600,1500,0.13,5.377,-6.582,-96.44,0.000,-0.373,9.787,-0.007,-0.000,0.010,-9.823,-0.444,0.070,-0.013,-0.002,-0.019,0.000,0.000,0.000,0.00,15.0,OK
1787114249.022,FORWARD,4,-83.00,-79.68,-1.29,-0.23,1600,1500,0.08,5.375,-6.591,-96.93,0.000,-0.373,9.787,-0.007,-0.000,0.010,-9.711,-0.539,0.123,-0.011,-0.002,-0.018,0.000,0.000,0.000,0.00,15.0,OK
1787114249.073,FORWARD,4,-83.00,-79.68,-1.29,-0.23,1600,1500,0.03,5.375,-6.591,-96.93,0.000,-0.373,9.787,-0.007,-0.000,0.010,-9.845,-0.500,0.020,-0.012,0.000,-0.010,0.000,0.000,0.000,0.00,15.0,OK
1787114249.123,FORWARD,4,-83.00,-79.68,-1.29,-0.23,1600,1500,0.00,5.376,-6.594,-98.20,0.000,-0.373,9.787,-0.007,-0.000,0.010,-9.785,-0.499,0.063,-0.016,-0.001,-0.015,0.000,0.000,0.000,0.00,15.0,OK
1787114249.173,ROTATING,5,-83.00,0.00,-1.29,-0.23,1500,1500,0.00,5.386,-6.592,-102.56,0.059,-0.402,9.777,-0.016,0.000,0.010,-9.699,-0.629,-0.430,-0.004,-0.001,-0.023,0.000,0.000,0.000,0.00,15.0,OK
1787114249.222,DONE,5,-83.00,0.00,-1.29,-0.23,1500,1500,0.00,5.386,-6.592,-102.56,0.059,-0.402,9.777,-0.016,0.000,0.010,-9.840,-0.555,-0.176,0.013,-0.006,-0.006,0.000,0.000,0.000,0.00,15.0,OK
1787114249.273,DONE,5,-83.00,0.00,-1.29,-0.23,1500,1500,0.00,5.386,-6.589,-104.56,0.059,-0.402,9.777,-0.016,0.000,0.010,-9.828,-0.535,-0.126,0.018,-0.009,-0.014,0.000,0.000,0.000,0.00,15.0,OK
1787114249.323,DONE,5,-83.00,0.00,-1.29,-0.23,1500,1500,0.00,5.382,-6.593,-105.20,0.059,-0.402,9.777,-0.016,0.000,0.010,-9.794,-0.542,-0.078,0.021,-0.012,-0.014,0.000,0.000,0.000,0.00,15.0,OK
1787114249.373,DONE,5,-83.00,0.00,-1.29,-0.23,1500,1500,0.00,5.382,-6.597,-106.09,0.059,-0.402,9.777,-0.016,0.000,0.010,-9.845,-0.562,-0.033,0.028,-0.023,-0.003,0.000,0.000,0.000,0.00,15.0,OK
1787114249.424,DONE,5,-84.00,0.00,-1.29,-0.23,1500,1500,0.00,5.382,-6.597,-106.09,-0.049,-0.431,9.797,0.000,-0.020,-0.028,-9.811,-0.542,0.018,0.030,-0.022,-0.004,0.000,0.000,0.000,0.00,15.0,OK
1787114249.473,DONE,5,-84.00,0.00,-1.29,-0.23,1500,1500,0.00,5.381,-6.601,-106.49,-0.049,-0.431,9.797,0.000,-0.020,-0.028,-9.837,-0.536,0.049,0.031,-0.026,0.004,0.000,0.000,0.000,0.00,15.0,OK
1787114249.523,DONE,5,-84.00,0.00,-1.29,-0.23,1500,1500,0.00,5.380,-6.605,-106.90,-0.049,-0.431,9.797,0.000,-0.020,-0.028,-9.837,-0.540,0.061,0.031,-0.030,0.012,0.000,0.000,0.000,0.00,15.2,OK
1787114249.573,DONE,5,-84.00,0.00,-1.29,-0.23,1500,1500,0.00,5.378,-6.606,-106.78,-0.049,-0.431,9.797,0.000,-0.020,-0.028,-9.720,-0.572,0.126,0.028,-0.030,0.017,0.000,0.000,0.000,0.00,15.2,OK
1787114249.623,DONE,5,-84.00,0.00,-1.29,-0.23,1500,1500,0.00,5.378,-6.606,-106.78,-0.049,-0.431,9.797,0.000,-0.020,-0.028,-9.888,-0.519,0.091,0.030,-0.040,0.033,0.000,0.000,0.000,0.00,15.2,OK
1787114249.673,DONE,5,-84.00,0.00,-1.29,-0.23,1500,1500,0.00,5.376,-6.608,-106.42,-0.088,-0.441,9.777,0.030,-0.038,-0.031,-9.799,-0.530,0.168,0.029,-0.040,0.032,0.000,0.000,0.000,0.00,15.2,OK
1787114249.723,DONE,5,-84.00,0.00,-1.29,-0.23,1500,1500,0.00,5.376,-6.608,-106.35,-0.088,-0.441,9.777,0.030,-0.038,-0.031,-9.732,-0.388,0.197,0.030,-0.046,0.020,0.000,0.000,0.000,0.00,15.2,OK
1787114249.773,DONE,5,-84.00,0.00,-1.29,-0.23,1500,1500,0.00,5.375,-6.608,-105.97,-0.088,-0.441,9.777,0.030,-0.038,-0.031,-9.830,-0.437,0.211,0.022,-0.045,0.030,0.000,0.000,0.000,0.00,15.2,OK
1787114249.823,DONE,5,-84.00,0.00,-1.29,-0.23,1500,1500,0.00,5.375,-6.608,-105.97,-0.088,-0.441,9.777,0.030,-0.038,-0.031,-9.813,-0.401,0.238,0.011,-0.044,0.029,0.000,0.000,0.000,0.00,15.2,OK
1787114249.873,DONE,5,-84.00,0.00,-1.29,-0.23,1500,1500,0.00,5.373,-6.611,-105.37,-0.088,-0.441,9.777,0.030,-0.038,-0.031,-9.775,-0.375,0.267,0.008,-0.042,0.023,0.000,0.000,0.000,0.00,15.2,OK
1787114249.923,DONE,5,-85.00,0.00,-1.30,-0.23,1500,1500,0.00,5.372,-6.613,-104.90,0.000,-0.461,9.758,0.025,-0.043,-0.008,-9.799,-0.368,0.293,0.000,-0.041,0.017,0.000,0.000,0.000,0.00,15.2,OK
1787114249.973,DONE,5,-85.00,0.00,-1.30,-0.23,1500,1500,0.00,5.371,-6.616,-104.74,0.000,-0.461,9.758,0.025,-0.043,-0.008,-9.806,-0.339,0.302,-0.004,-0.040,0.022,0.000,0.000,0.000,0.00,15.2,OK
1787114250.023,DONE,5,-85.00,0.00,-1.30,-0.23,1500,1500,0.00,5.371,-6.616,-104.74,0.000,-0.461,9.758,0.025,-0.043,-0.008,-9.790,-0.413,0.372,-0.011,-0.038,0.011,0.000,0.000,0.000,0.00,15.2,OK
1787114250.073,DONE,5,-85.00,0.00,-1.30,-0.23,1500,1500,0.00,5.372,-6.615,-103.10,0.000,-0.461,9.758,0.025,-0.043,-0.008,-9.768,-0.358,0.343,-0.011,-0.033,0.010,0.000,0.000,0.000,0.00,15.2,OK
1787114250.123,DONE,5,-85.00,0.00,-1.30,-0.23,1500,1500,0.00,5.367,-6.619,-102.33,0.000,-0.461,9.758,0.025,-0.043,-0.008,-9.768,-0.382,0.360,-0.014,-0.032,0.004,0.000,0.000,0.000,0.00,15.2,OK
1787114250.173,DONE,5,-85.00,0.00,-1.30,-0.23,1500,1500,0.00,5.366,-6.621,-102.13,0.177,-0.343,9.787,0.003,-0.029,0.011,-9.708,-0.414,0.403,-0.014,-0.027,-0.009,0.000,0.000,0.000,0.00,15.2,OK
1787114250.223,DONE,5,-85.00,0.00,-1.30,-0.23,1500,1500,0.00,5.366,-6.621,-102.13,0.177,-0.343,9.787,0.003,-0.029,0.011,-9.825,-0.370,0.408,-0.018,-0.022,-0.003,0.000,0.000,0.000,0.00,15.2,OK
1787114250.274,DONE,5,-85.00,0.00,-1.30,-0.23,1500,1500,0.00,5.365,-6.620,-102.57,0.177,-0.343,9.787,0.003,-0.029,0.011,-9.823,-0.425,0.401,-0.020,-0.014,-0.016,0.000,0.000,0.000,0.00,15.2,OK
1787114250.323,DONE,5,-85.00,0.00,-1.30,-0.23,1500,1500,0.00,5.364,-6.621,-102.62,0.177,-0.343,9.787,0.003,-0.029,0.011,-9.730,-0.417,0.413,-0.021,-0.010,-0.023,0.000,0.000,0.000,0.00,15.2,OK
1787114250.374,DONE,5,-85.00,0.00,-1.30,-0.23,1500,1500,0.00,5.364,-6.622,-103.27,0.177,-0.343,9.787,0.003,-0.029,0.011,-9.833,-0.430,0.451,-0.020,-0.001,-0.014,0.000,0.000,0.000,0.00,15.2,OK
1787114250.423,DONE,5,-85.00,0.00,-1.30,-0.23,1500,1500,0.00,5.364,-6.622,-103.27,0.275,-0.333,9.807,-0.018,-0.002,0.019,-9.818,-0.428,0.403,-0.024,0.005,-0.023,0.000,0.000,0.000,0.00,15.2,OK
1787114250.473,DONE,5,-85.00,0.00,-1.30,-0.23,1500,1500,0.00,5.363,-6.624,-103.62,0.275,-0.333,9.807,-0.018,-0.002,0.019,-9.685,-0.474,0.432,-0.022,0.010,-0.029,0.000,0.000,0.000,0.00,15.2,OK
1787114250.524,DONE,5,-85.00,0.00,-1.30,-0.23,1500,1500,0.00,5.360,-6.629,-104.35,0.275,-0.333,9.807,-0.018,-0.002,0.019,-9.725,-0.513,0.396,-0.024,0.013,-0.024,0.000,0.000,0.000,0.00,15.0,OK
1787114250.574,DONE,5,-85.00,0.00,-1.30,-0.23,1500,1500,0.00,5.361,-6.635,-106.03,0.275,-0.333,9.807,-0.018,-0.002,0.019,-9.852,-0.435,0.396,-0.025,0.017,-0.014,0.000,0.000,0.000,0.00,15.0,OK
1787114250.623,DONE,5,-85.00,0.00,-1.30,-0.23,1500,1500,0.00,5.361,-6.635,-106.03,0.275,-0.333,9.807,-0.018,-0.002,0.019,-9.780,-0.556,0.434,-0.022,0.018,-0.019,0.000,0.000,0.000,0.00,15.0,OK
1787114250.673,DONE,5,-85.00,0.00,-1.30,-0.23,1500,1500,0.00,5.363,-6.640,-106.84,0.304,-0.422,9.826,-0.016,0.023,0.019,-9.790,-0.518,0.422,-0.018,0.024,-0.007,0.000,0.000,0.000,0.00,15.0,OK
1787114250.723,DONE,5,-85.00,0.00,-1.30,-0.23,1500,1500,0.00,5.364,-6.642,-107.55,0.304,-0.422,9.826,-0.016,0.023,0.019,-9.799,-0.509,0.350,-0.016,0.030,-0.010,0.000,0.000,0.000,0.00,15.0,OK
1787114250.773,DONE,5,-85.00,0.00,-1.30,-0.23,1500,1500,0.00,5.362,-6.644,-107.28,0.304,-0.422,9.826,-0.016,0.023,0.019,-9.787,-0.478,0.381,-0.021,0.034,-0.010,0.000,0.000,0.000,0.00,15.0,OK
1787114250.823,DONE,5,-85.00,0.00,-1.30,-0.23,1500,1500,0.00,5.362,-6.644,-107.28,0.304,-0.422,9.826,-0.016,0.023,0.019,-9.782,-0.578,0.298,-0.014,0.037,-0.008,0.000,0.000,0.000,0.00,15.0,OK
1787114250.873,DONE,5,-85.00,0.00,-1.30,-0.23,1500,1500,0.00,5.358,-6.647,-107.08,0.304,-0.422,9.826,-0.016,0.023,0.019,-9.794,-0.490,0.336,-0.018,0.036,-0.003,0.000,0.000,0.000,0.00,15.0,OK
1787114250.923,DONE,5,-85.00,0.00,-1.30,-0.23,1500,1500,0.00,5.355,-6.650,-106.82,0.235,-0.471,9.807,-0.002,0.035,0.015,-9.840,-0.450,0.300,-0.024,0.032,0.005,0.000,0.000,0.000,0.00,15.0,OK
1787114250.973,DONE,5,-85.00,0.00,-1.30,-0.23,1500,1500,0.00,5.360,-6.649,-108.70,0.235,-0.471,9.807,-0.002,0.035,0.015,-9.847,-0.497,0.252,-0.025,0.039,-0.001,0.000,0.000,0.000,0.00,15.0,OK
1787114251.024,DONE,5,-85.00,0.00,-1.30,-0.23,1500,1500,0.00,5.360,-6.649,-108.70,0.235,-0.471,9.807,-0.002,0.035,0.015,-9.732,-0.558,0.281,-0.028,0.034,-0.005,0.000,0.000,0.000,0.00,15.0,OK
1787114251.073,DONE,5,-85.00,0.00,-1.30,-0.23,1500,1500,0.00,5.356,-6.647,-107.64,0.235,-0.471,9.807,-0.002,0.035,0.015,-9.825,-0.535,0.207,-0.027,0.036,0.005,0.000,0.000,0.000,0.00,15.0,OK
1787114251.123,DONE,5,-85.00,0.00,-1.30,-0.23,1500,1500,0.00,5.353,-6.647,-106.44,0.235,-0.471,9.807,-0.002,0.035,0.015,-9.852,-0.447,0.216,-0.029,0.040,-0.007,0.000,0.000,0.000,0.00,15.0,OK
1787114251.173,DONE,5,-84.00,0.00,-1.29,-0.23,1500,1500,0.00,5.351,-6.647,-105.67,0.235,-0.441,9.767,-0.004,0.038,0.026,-9.821,-0.531,0.168,-0.027,0.033,-0.001,0.000,0.000,0.000,0.00,15.0,OK
1787114251.224,DONE,5,-84.00,0.00,-1.29,-0.23,1500,1500,0.00,5.351,-6.647,-105.67,0.235,-0.441,9.767,-0.004,0.038,0.026,-9.780,-0.511,0.202,-0.025,0.035,0.012,0.000,0.000,0.000,0.00,15.0,OK
1787114251.273,DONE,5,-84.00,0.00,-1.29,-0.23,1500,1500,0.00,5.350,-6.647,-105.77,0.235,-0.441,9.767,-0.004,0.038,0.026,-9.804,-0.542,0.183,-0.028,0.030,-0.002,0.000,0.000,0.000,0.00,15.0,OK
1787114251.323,DONE,5,-84.00,0.00,-1.29,-0.23,1500,1500,0.00,5.351,-6.645,-105.72,0.235,-0.441,9.767,-0.004,0.038,0.026,-9.811,-0.511,0.144,-0.030,0.030,-0.001,0.000,0.000,0.000,0.00,15.0,OK
1787114251.373,DONE,5,-84.00,0.00,-1.29,-0.23,1500,1500,0.00,5.354,-6.648,-107.73,0.235,-0.441,9.767,-0.004,0.038,0.026,-9.864,-0.600,0.115,-0.017,0.027,0.005,0.000,0.000,0.000,0.00,15.0,OK
1787114251.423,DONE,5,-84.00,0.00,-1.28,-0.23,1500,1500,0.00,5.354,-6.648,-107.73,0.098,-0.481,9.777,0.001,0.026,0.021,-9.854,-0.495,0.073,-0.020,0.026,0.000,0.000,0.000,0.000,0.00,15.0,OK
1787114251.473,DONE,5,-84.00,0.00,-1.28,-0.23,1500,1500,0.00,5.355,-6.648,-108.54,0.098,-0.481,9.777,0.001,0.026,0.021,-9.813,-0.554,0.113,-0.015,0.025,-0.009,0.000,0.000,0.000,0.00,15.0,OK
1787114251.523,DONE,5,-84.00,0.00,-1.28,-0.23,1500,1500,0.00,5.350,-6.652,-107.41,0.098,-0.481,9.777,0.001,0.026,0.021,-9.773,-0.573,0.099,-0.007,0.019,-0.004,0.000,0.000,0.000,0.00,15.0,OK
1787114251.572,DONE,5,-84.00,0.00,-1.28,-0.23,1500,1500,0.00,5.348,-6.654,-106.87,0.098,-0.481,9.777,0.001,0.026,0.021,-9.830,-0.528,0.104,-0.006,0.021,-0.001,0.000,0.000,0.000,0.00,15.3,OK
1787114251.622,DONE,5,-84.00,0.00,-1.28,-0.23,1500,1500,0.00,5.347,-6.660,-107.63,0.098,-0.481,9.777,0.001,0.026,0.021,-9.806,-0.530,0.068,-0.005,0.015,-0.006,0.000,0.000,0.000,0.00,15.3,OK
1787114251.673,DONE,5,-84.00,0.00,-1.28,-0.23,1500,1500,0.00,5.347,-6.660,-107.63,0.020,-0.461,9.797,-0.003,0.014,0.002,-9.833,-0.552,0.058,-0.002,0.009,0.002,0.000,0.000,0.000,0.00,15.3,OK
1787114251.723,DONE,5,-84.00,0.00,-1.28,-0.23,1500,1500,0.00,5.349,-6.661,-108.49,0.020,-0.461,9.797,-0.003,0.014,0.002,-9.794,-0.528,0.080,-0.004,0.008,0.002,0.000,0.000,0.000,0.00,15.3,OK
1787114251.773,DONE,5,-84.00,0.00,-1.28,-0.23,1500,1500,0.00,5.348,-6.664,-109.54,0.020,-0.461,9.797,-0.003,0.014,0.002,-9.747,-0.551,0.075,0.001,0.008,-0.009,0.000,0.000,0.000,0.00,15.3,OK
1787114251.823,DONE,5,-84.00,0.00,-1.28,-0.23,1500,1500,0.00,5.348,-6.664,-109.54,0.020,-0.461,9.797,-0.003,0.014,0.002,-9.830,-0.497,0.042,-0.001,0.003,-0.003,0.000,0.000,0.000,0.00,15.3,OK
1787114251.873,DONE,5,-84.00,0.00,-1.28,-0.23,1500,1500,0.00,5.348,-6.665,-109.86,0.020,-0.461,9.797,-0.003,0.014,0.002,-9.775,-0.568,0.051,-0.000,-0.004,0.007,0.000,0.000,0.000,0.00,15.3,OK
1787114251.922,DONE,5,-84.00,0.00,-1.28,-0.23,1500,1500,0.00,5.345,-6.667,-109.32,-0.049,-0.481,9.777,0.004,-0.002,-0.003,-9.823,-0.504,0.094,0.001,-0.007,0.003,0.000,0.000,0.000,0.00,15.3,OK
1787114251.973,DONE,5,-84.00,0.00,-1.28,-0.23,1500,1500,0.00,5.344,-6.670,-110.09,-0.049,-0.481,9.777,0.004,-0.002,-0.003,-9.820,-0.557,0.089,-0.003,-0.010,-0.004,0.000,0.000,0.000,0.00,15.3,OK
1787114252.022,DONE,5,-84.00,0.00,-1.28,-0.23,1500,1500,0.00,5.344,-6.670,-110.09,-0.049,-0.481,9.777,0.004,-0.002,-0.003,-9.773,-0.542,0.082,-0.004,-0.008,-0.000,0.000,0.000,0.000,0.00,15.3,OK
1787114252.073,DONE,5,-84.00,0.00,-1.28,-0.23,1500,1500,0.00,5.344,-6.675,-111.34,-0.049,-0.481,9.777,0.004,-0.002,-0.003,-9.849,-0.493,0.099,-0.001,-0.013,0.009,0.000,0.000,0.000,0.00,15.3,OK
1787114252.123,DONE,5,-84.00,0.00,-1.28,-0.23,1500,1500,0.00,5.342,-6.677,-111.25,-0.049,-0.481,9.777,0.004,-0.002,-0.003,-9.739,-0.592,0.142,-0.001,-0.016,0.005,0.000,0.000,0.000,0.00,15.3,OK
1787114252.173,DONE,5,-84.00,0.00,-1.27,-0.23,1500,1500,0.00,5.342,-6.682,-112.54,-0.039,-0.490,9.767,0.004,-0.014,-0.003,-9.778,-0.544,0.075,0.003,-0.016,0.012,0.000,0.000,0.000,0.00,15.3,OK
1787114252.222,DONE,5,-84.00,0.00,-1.27,-0.23,1500,1500,0.00,5.342,-6.682,-112.54,-0.039,-0.490,9.767,0.004,-0.014,-0.003,-11.252,-0.563,0.114,0.003,-0.031,-0.006,0.000,0.000,0.000,0.00,15.3,OK
1787114252.273,DONE,5,-84.00,0.00,-1.27,-0.23,1500,1500,0.00,5.340,-6.686,-112.45,-0.039,-0.490,9.767,0.004,-0.014,-0.003,-10.651,-0.541,0.142,0.005,-0.048,-0.061,0.000,0.000,0.000,0.00,15.3,OK
1787114252.323,DONE,5,-84.00,0.00,-1.27,-0.23,1500,1500,0.00,5.345,-6.685,-113.46,-0.039,-0.490,9.767,0.004,-0.014,-0.003,-10.398,-0.617,0.186,0.009,-0.059,-0.095,0.000,0.000,0.000,0.00,15.3,OK
1787114252.373,DONE,5,-84.00,0.00,-1.27,-0.23,1500,1500,0.00,5.343,-6.686,-114.35,-0.039,-0.490,9.767,0.004,-0.014,-0.003,-10.305,-0.702,0.232,0.015,-0.073,-0.117,0.000,0.000,0.000,0.00,15.3,OK
1787114252.423,DONE,5,-85.00,0.00,-1.27,-0.23,1500,1500,0.00,5.343,-6.686,-114.35,0.000,-0.471,9.758,-0.117,-0.073,-0.017,-10.236,-0.768,0.277,0.018,-0.083,-0.135,0.000,0.000,0.000,0.00,15.3,OK
1787114252.473,DONE,5,-85.00,0.00,-1.27,-0.23,1500,1500,0.00,5.338,-6.685,-115.05,0.000,-0.471,9.758,-0.117,-0.073,-0.017,-10.183,-0.815,0.306,0.021,-0.093,-0.153,0.000,0.000,0.000,0.00,15.3,OK
1787114252.523,DONE,5,-85.00,0.00,-1.27,-0.23,1500,1500,0.00,5.336,-6.683,-116.70,0.000,-0.471,9.758,-0.117,-0.073,-0.017,-10.133,-0.893,0.357,0.028,-0.106,-0.165,0.000,0.000,0.000,0.00,15.3,OK
1787114252.573,DONE,5,-85.00,0.00,-1.27,-0.23,1500,1500,0.00,5.329,-6.686,-119.14,0.000,-0.471,9.758,-0.117,-0.073,-0.017,-10.112,-0.982,0.426,0.034,-0.114,-0.172,0.000,0.000,0.000,0.00,15.0,OK
1787114252.623,DONE,5,-85.00,0.00,-1.27,-0.23,1500,1500,0.00,5.329,-6.686,-119.14,0.000,-0.471,9.758,-0.117,-0.073,-0.017,-10.086,-1.094,0.491,0.039,-0.121,-0.179,0.000,0.000,0.000,0.00,15.0,OK
1787114252.672,DONE,5,-84.00,0.00,-1.24,-0.23,1500,1500,0.00,5.318,-6.696,-120.46,0.127,-0.579,10.209,-0.177,-0.120,-0.046,-10.048,-1.151,0.539,0.047,-0.125,-0.185,0.000,0.000,0.000,0.00,15.0,OK
1787114252.722,DONE,5,-84.00,0.00,-1.24,-0.23,1500,1500,0.00,5.311,-6.699,-121.40,0.127,-0.579,10.209,-0.177,-0.120,-0.046,-10.028,-1.236,0.608,0.052,-0.132,-0.182,0.000,0.000,0.000,0.00,15.0,OK
1787114252.772,DONE,5,-84.00,0.00,-1.24,-0.23,1500,1500,0.00,5.299,-6.706,-122.15,0.127,-0.579,10.209,-0.177,-0.120,-0.046,-10.012,-1.325,0.694,0.058,-0.139,-0.174,0.000,0.000,0.000,0.00,15.0,OK
1787114252.822,DONE,5,-84.00,0.00,-1.24,-0.23,1500,1500,0.00,5.299,-6.706,-122.15,0.127,-0.579,10.209,-0.177,-0.120,-0.046,-9.971,-1.396,0.785,0.062,-0.143,-0.166,0.000,0.000,0.000,0.00,15.0,OK
1787114252.874,DONE,5,-84.00,0.00,-1.24,-0.23,1500,1500,0.00,5.292,-6.705,-123.41,0.127,-0.579,10.209,-0.177,-0.120,-0.046,-9.907,-1.465,0.872,0.069,-0.148,-0.153,0.000,0.000,0.000,0.00,15.0,OK
1787114252.922,DONE,5,-85.00,0.00,-1.21,-0.23,1500,1500,0.00,5.284,-6.706,-124.29,0.402,-0.981,10.042,-0.149,-0.149,-0.074,-9.892,-1.522,0.946,0.071,-0.154,-0.138,0.000,0.000,0.000,0.00,15.0,OK
1787114252.972,DONE,5,-85.00,0.00,-1.21,-0.23,1500,1500,0.00,5.284,-6.706,-124.29,0.402,-0.981,10.042,-0.149,-0.149,-0.074,-9.861,-1.574,1.039,0.074,-0.153,-0.120,0.000,0.000,0.000,0.00,15.0,OK
1787114253.022,DONE,5,-85.00,0.00,-1.21,-0.23,1500,1500,0.00,5.291,-6.700,-126.05,0.402,-0.981,10.042,-0.149,-0.149,-0.074,-9.809,-1.624,1.126,0.077,-0.158,-0.110,0.000,0.000,0.000,0.00,15.0,OK
1787114253.073,DONE,5,-85.00,0.00,-1.21,-0.23,1500,1500,0.00,5.306,-6.691,-129.49,0.402,-0.981,10.042,-0.149,-0.149,-0.074,-9.775,-1.666,1.214,0.083,-0.157,-0.090,0.000,0.000,0.000,0.00,15.0,OK
1787114253.123,DONE,5,-85.00,0.00,-1.21,-0.23,1500,1500,0.00,5.308,-6.687,-130.91,0.402,-0.981,10.042,-0.149,-0.149,-0.074,-9.747,-1.726,1.298,0.085,-0.151,-0.072,0.000,0.000,0.000,0.00,15.0,OK
1787114253.173,DONE,5,-85.00,0.00,-1.14,-0.23,1500,1500,0.00,5.332,-6.679,-132.24,0.775,-1.393,9.905,-0.071,-0.154,-0.089,-9.711,-1.742,1.372,0.088,-0.150,-0.062,0.000,0.000,0.000,0.00,15.0,OK
1787114253.223,DONE,5,-85.00,0.00,-1.14,-0.23,1500,1500,0.00,5.332,-6.679,-132.24,0.775,-1.393,9.905,-0.071,-0.154,-0.089,-9.665,-1.737,1.444,0.092,-0.144,-0.050,0.000,0.000,0.000,0.00,15.0,OK
1787114253.272,DONE,5,-85.00,0.00,-1.14,-0.23,1500,1500,0.00,5.345,-6.680,-135.24,0.775,-1.393,9.905,-0.071,-0.154,-0.089,-9.637,-1.767,1.533,0.099,-0.139,-0.039,0.000,0.000,0.000,0.00,15.0,OK
1787114253.323,DONE,5,-85.00,0.00,-1.14,-0.23,1500,1500,0.00,5.345,-6.680,-135.24,0.775,-1.393,9.905,-0.071,-0.154,-0.089,-9.611,-1.767,1.622,0.097,-0.129,-0.030,0.000,0.000,0.000,0.00,15.0,OK
1787114253.373,DONE,5,-85.00,0.00,-1.14,-0.23,1500,1500,0.00,5.371,-6.683,-138.08,0.775,-1.393,9.905,-0.071,-0.154,-0.089,-9.599,-1.762,1.679,0.101,-0.121,-0.019,0.000,0.000,0.000,0.00,15.0,OK
1787114253.423,DONE,5,-86.00,0.00,-1.08,-0.23,1500,1500,0.00,5.371,-6.683,-138.08,1.216,-1.628,9.767,-0.016,-0.120,-0.104,-9.549,-1.757,1.729,0.101,-0.108,-0.015,0.000,0.000,0.000,0.00,15.0,OK
1787114253.473,DONE,5,-86.00,0.00,-1.08,-0.23,1500,1500,0.00,5.389,-6.679,-136.30,1.216,-1.628,9.767,-0.016,-0.120,-0.104,-9.515,-1.742,1.784,0.105,-0.099,0.001,0.000,0.000,0.000,0.00,15.0,OK
1787114253.523,DONE,5,-86.00,0.00,-1.08,-0.23,1500,1500,0.00,5.390,-6.684,-136.06,1.216,-1.628,9.767,-0.016,-0.120,-0.104,-9.518,-1.747,1.830,0.107,-0.085,0.010,0.000,0.000,0.000,0.00,15.0,OK
1787114253.573,DONE,5,-86.00,0.00,-1.08,-0.23,1500,1500,0.00,5.358,-6.721,-138.68,1.216,-1.628,9.767,-0.016,-0.120,-0.104,-9.520,-1.725,1.892,0.108,-0.071,0.022,0.000,0.000,0.000,0.00,15.0,OK
1787114253.623,DONE,5,-86.00,0.00,-1.08,-0.23,1500,1500,0.00,5.358,-6.721,-138.68,1.216,-1.628,9.767,-0.016,-0.120,-0.104,-9.491,-1.682,1.928,0.104,-0.056,0.033,0.000,0.000,0.000,0.00,15.0,OK
1787114253.672,DONE,5,-87.00,0.00,-0.99,-0.23,1500,1500,0.00,5.356,-6.764,-142.93,1.589,-1.697,9.669,0.037,-0.057,-0.109,-9.480,-1.665,1.950,0.107,-0.042,0.040,0.000,0.000,0.000,0.00,15.0,OK
1787114253.723,DONE,5,-87.00,0.00,-0.99,-0.23,1500,1500,0.00,5.360,-6.810,-144.42,1.589,-1.697,9.669,0.037,-0.057,-0.109,-9.477,-1.622,1.995,0.101,-0.029,0.039,0.000,0.000,0.000,0.00,15.0,OK
1787114253.772,DONE,5,-87.00,0.00,-0.99,-0.23,1500,1500,0.00,5.360,-6.810,-144.42,1.589,-1.697,9.669,0.037,-0.057,-0.109,-9.470,-1.605,1.993,0.102,-0.014,0.040,0.000,0.000,0.000,0.00,15.0,OK
1787114253.823,DONE,5,-87.00,0.00,-0.99,-0.23,1500,1500,0.00,5.356,-6.815,-143.10,1.589,-1.697,9.669,0.037,-0.057,-0.109,-9.439,-1.557,2.005,0.100,0.002,0.036,0.000,0.000,0.000,0.00,15.0,OK
1787114253.873,DONE,5,-87.00,0.00,-0.99,-0.23,1500,1500,0.00,5.352,-6.825,-141.32,1.589,-1.697,9.669,0.037,-0.057,-0.109,-9.468,-1.535,1.995,0.099,0.017,0.033,0.000,0.000,0.000,0.00,15.0,OK
1787114253.923,DONE,5,-88.00,0.00,-0.91,-0.23,1500,1500,0.00,5.317,-6.822,-137.98,1.844,-1.618,9.601,0.035,0.015,-0.103,-9.446,-1.523,1.969,0.097,0.031,0.026,0.000,0.000,0.000,0.00,15.0,OK
1787114253.972,DONE,5,-88.00,0.00,-0.91,-0.23,1500,1500,0.00,5.317,-6.822,-137.98,1.844,-1.618,9.601,0.035,0.015,-0.103,-9.432,-1.497,1.957,0.098,0.045,0.018,0.000,0.000,0.000,0.00,15.0,OK
1787114254.023,DONE,5,-88.00,0.00,-0.91,-0.23,1500,1500,0.00,5.307,-6.839,-137.68,1.844,-1.618,9.601,0.035,0.015,-0.103,-9.412,-1.477,1.950,0.097,0.061,0.013,0.000,0.000,0.000,0.00,15.0,OK
1787114254.073,DONE,5,-88.00,0.00,-0.91,-0.23,1500,1500,0.00,5.307,-6.839,-137.68,1.844,-1.618,9.601,0.035,0.015,-0.103,-9.448,-1.497,1.904,0.094,0.080,0.005,0.000,0.000,0.000,0.00,15.0,OK
1787114254.123,DONE,5,-88.00,0.00,-0.91,-0.23,1500,1500,0.00,5.291,-6.857,-137.83,1.844,-1.618,9.601,0.035,0.015,-0.103,-9.446,-1.468,1.878,0.091,0.098,0.006,0.000,0.000,0.000,0.00,15.0,OK
1787114254.172,DONE,5,-89.00,0.00,-0.78,-0.23,1500,1500,0.00,5.277,-6.878,-138.56,1.922,-1.471,9.561,0.007,0.095,-0.096,-9.437,-1.459,1.828,0.090,0.113,0.007,0.000,0.000,0.000,0.00,15.0,OK
1787114254.222,DONE,5,-89.00,0.00,-0.78,-0.23,1500,1500,0.00,5.273,-6.897,-139.65,1.922,-1.471,9.561,0.007,0.095,-0.096,-9.460,-1.444,1.758,0.086,0.131,0.008,0.000,0.000,0.000,0.00,15.0,OK
1787114254.273,DONE,5,-89.00,0.00,-0.78,-0.23,1500,1500,0.00,5.259,-6.916,-141.00,1.922,-1.471,9.561,0.007,0.095,-0.096,-9.467,-1.428,1.703,0.083,0.148,0.010,0.000,0.000,0.000,0.00,15.0,OK
1787114254.323,DONE,5,-89.00,0.00,-0.78,-0.23,1500,1500,0.00,5.258,-6.931,-142.17,1.922,-1.471,9.561,0.007,0.095,-0.096,-9.486,-1.421,1.617,0.080,0.167,0.011,0.000,0.000,0.000,0.00,15.0,OK
1787114254.373,DONE,5,-89.00,0.00,-0.78,-0.23,1500,1500,0.00,5.240,-6.948,-144.67,1.922,-1.471,9.561,0.007,0.095,-0.096,-9.496,-1.404,1.526,0.077,0.187,0.020,0.000,0.000,0.000,0.00,15.0,OK
1787114254.423,DONE,5,-90.00,0.00,-0.70,-0.23,1500,1500,0.00,5.240,-6.948,-144.67,1.785,-1.412,9.561,0.021,0.184,-0.080,-9.518,-1.419,1.426,0.077,0.203,0.034,0.000,0.000,0.000,0.00,15.0,OK
1787114254.473,DONE,5,-90.00,0.00,-0.70,-0.23,1500,1500,0.00,5.250,-6.956,-144.47,1.785,-1.412,9.561,0.021,0.184,-0.080,-9.525,-1.383,1.323,0.075,0.218,0.045,0.000,0.000,0.000,0.00,15.0,OK
1787114254.523,DONE,5,-90.00,0.00,-0.70,-0.23,1500,1500,0.00,5.250,-6.961,-145.20,1.785,-1.412,9.561,0.021,0.184,-0.080,-9.572,-1.360,1.215,0.072,0.234,0.059,0.000,0.000,0.000,0.00,15.0,OK
1787114254.573,DONE,5,-90.00,0.00,-0.70,-0.23,1500,1500,0.00,5.273,-6.952,-142.54,1.785,-1.412,9.561,0.021,0.184,-0.080,-9.582,-1.324,1.088,0.071,0.246,0.068,0.000,0.000,0.000,0.00,15.0,OK
1787114254.622,DONE,5,-90.00,0.00,-0.70,-0.23,1500,1500,0.00,5.273,-6.952,-142.54,1.785,-1.412,9.561,0.021,0.184,-0.080,-9.601,-1.262,0.982,0.069,0.254,0.075,0.000,0.000,0.000,0.00,14.3,OK
1787114254.672,DONE,5,-92.00,0.00,-0.55,-0.23,1500,1500,0.00,5.279,-6.922,-144.92,1.442,-1.383,9.630,0.075,0.254,-0.074,-9.606,-1.226,0.848,0.066,0.266,0.084,0.000,0.000,0.000,0.00,14.3,OK
1787114254.723,DONE,5,-92.00,0.00,-0.55,-0.23,1500,1500,0.00,5.239,-6.916,-144.57,1.442,-1.383,9.630,0.075,0.254,-0.074,-9.616,-1.186,0.719,0.066,0.273,0.093,0.000,0.000,0.000,0.00,14.3,OK
1787114254.773,DONE,5,-92.00,0.00,-0.55,-0.23,1500,1500,0.00,5.223,-6.925,-145.99,1.442,-1.383,9.630,0.075,0.254,-0.074,-9.656,-1.158,0.568,0.067,0.279,0.102,0.000,0.000,0.000,0.00,14.3,OK
1787114254.823,DONE,5,-92.00,0.00,-0.55,-0.23,1500,1500,0.00,5.223,-6.925,-145.99,1.442,-1.383,9.630,0.075,0.254,-0.074,-9.690,-1.096,0.427,0.071,0.284,0.104,0.000,0.000,0.000,0.00,14.3,OK
1787114254.872,DONE,5,-92.00,0.00,-0.55,-0.23,1500,1500,0.00,5.214,-6.928,-146.88,1.442,-1.383,9.630,0.075,0.254,-0.074,-9.730,-1.060,0.310,0.067,0.278,0.105,0.000,0.000,0.000,0.00,14.3,OK
1787114254.922,DONE,5,-94.00,0.00,-0.45,-0.23,1500,1500,0.00,5.210,-6.944,-151.47,0.902,-1.236,9.669,0.102,0.277,-0.073,-9.737,-0.996,0.159,0.073,0.271,0.101,0.000,0.000,0.000,0.00,14.3,OK
1787114254.973,DONE,5,-94.00,0.00,-0.45,-0.23,1500,1500,0.00,5.207,-6.951,-154.25,0.902,-1.236,9.669,0.102,0.277,-0.073,-9.744,-0.979,0.027,0.075,0.265,0.090,0.000,0.000,0.000,0.00,14.3,OK
1787114255.023,DONE,5,-94.00,0.00,-0.45,-0.23,1500,1500,0.00,5.207,-6.951,-154.25,0.902,-1.236,9.669,0.102,0.277,-0.073,-9.777,-0.918,-0.076,0.081,0.250,0.082,0.000,0.000,0.000,0.00,14.3,OK
1787114255.072,DONE,5,-94.00,0.00,-0.45,-0.23,1500,1500,0.00,5.187,-6.972,-163.73,0.902,-1.236,9.669,0.102,0.277,-0.073,-9.794,-0.891,-0.181,0.086,0.234,0.074,0.000,0.000,0.000,0.00,14.3,OK
1787114255.124,DONE,5,-94.00,0.00,-0.45,-0.23,1500,1500,0.00,5.184,-6.984,-168.57,0.902,-1.236,9.669,0.102,0.277,-0.073,-9.809,-0.861,-0.303,0.092,0.210,0.068,0.000,0.000,0.000,0.00,14.3,OK
1787114255.173,DONE,5,-96.00,0.00,-0.30,-0.23,1500,1500,0.00,5.178,-6.997,-179.69,0.216,-0.981,9.689,0.069,0.207,-0.098,-9.816,-0.839,-0.384,0.101,0.182,0.066,0.000,0.000,0.000,0.00,14.3,OK
1787114255.223,DONE,5,-96.00,0.00,-0.30,-0.23,1500,1500,0.00,5.178,-6.997,-179.69,0.216,-0.981,9.689,0.069,0.207,-0.098,-9.837,-0.804,-0.442,0.103,0.153,0.071,0.000,0.000,0.000,0.00,14.3,OK
1787114255.273,DONE,5,-96.00,0.00,-0.30,-0.23,1500,1500,0.00,5.169,-7.009,166.28,0.216,-0.981,9.689,0.069,0.207,-0.098,-9.806,-0.801,-0.490,0.107,0.117,0.073,0.000,0.000,0.000,0.00,14.3,OK
1787114255.323,DONE,5,-96.00,0.00,-0.30,-0.23,1500,1500,0.00,5.156,-7.021,152.34,0.216,-0.981,9.689,0.069,0.207,-0.098,-9.785,-0.769,-0.533,0.112,0.085,0.083,0.000,0.000,0.000,0.00,14.3,OK
1787114255.373,DONE,5,-96.00,0.00,-0.30,-0.23,1500,1500,0.00,5.156,-7.024,151.68,0.216,-0.981,9.689,0.069,0.207,-0.098,-9.749,-0.745,-0.511,0.122,0.046,0.095,0.000,0.000,0.000,0.00,14.3,OK
1787114255.423,DONE,5,-98.00,0.00,-0.20,-0.23,1500,1500,0.00,5.156,-7.024,151.68,-0.382,-0.755,9.640,0.099,0.042,-0.125,-9.713,-0.680,-0.494,0.124,-0.001,0.115,0.000,0.000,0.000,0.00,14.3,OK
1787114255.473,DONE,5,-98.00,0.00,-0.20,-0.23,1500,1500,0.00,5.155,-7.032,146.92,-0.382,-0.755,9.640,0.099,0.042,-0.125,-9.646,-0.607,-0.453,0.126,-0.048,0.134,0.000,0.000,0.000,0.00,14.3,OK
1787114255.522,DONE,5,-98.00,0.00,-0.20,-0.23,1500,1500,0.00,5.143,-7.035,138.70,-0.382,-0.755,9.640,0.099,0.042,-0.125,-9.541,-0.506,-0.389,0.127,-0.099,0.146,0.000,0.000,0.000,0.00,14.3,OK
1787114255.573,DONE,5,-98.00,0.00,-0.20,-0.23,1500,1500,0.00,5.132,-7.045,129.61,-0.382,-0.755,9.640,0.099,0.042,-0.125,-9.360,-0.441,-0.312,0.124,-0.145,0.154,0.000,0.000,0.000,0.00,14.3,OK
1787114255.622,DONE,5,-98.00,0.00,-0.20,-0.23,1500,1500,0.00,5.132,-7.045,129.61,-0.382,-0.755,9.640,0.099,0.042,-0.125,-9.105,-0.344,-0.189,0.120,-0.182,0.156,0.000,0.000,0.000,0.00,15.0,OK
1787114255.673,DONE,5,-100.00,0.00,-0.10,-0.23,1500,1500,0.00,5.121,-7.055,132.20,-0.598,-0.647,9.434,0.161,-0.182,-0.121,-8.809,-0.286,-0.068,0.114,-0.197,0.150,0.000,0.000,0.000,0.00,15.0,OK
1787114255.723,DONE,5,-100.00,0.00,-0.10,-0.23,1500,1500,0.00,5.105,-7.063,116.33,-0.598,-0.647,9.434,0.161,-0.182,-0.121,-8.489,-0.164,0.043,0.114,-0.185,0.125,0.000,0.000,0.000,0.00,15.0,OK
1787114255.772,DONE,5,-100.00,0.00,-0.10,-0.23,1500,1500,0.00,5.105,-7.063,116.33,-0.598,-0.647,9.434,0.161,-0.182,-0.121,-8.422,-0.061,0.081,0.102,-0.152,0.099,0.000,0.000,0.000,0.00,15.0,OK
1787114255.822,DONE,5,-100.00,0.00,-0.10,-0.23,1500,1500,0.00,5.075,-7.084,-101.93,-0.598,-0.647,9.434,0.161,-0.182,-0.121,-8.553,-0.022,0.047,0.092,-0.104,0.063,0.000,0.000,0.000,0.00,15.0,OK
1787114255.873,DONE,5,-100.00,0.00,-0.10,-0.23,1500,1500,0.00,5.075,-7.084,-101.93,-0.598,-0.647,9.434,0.161,-0.182,-0.121,-8.897,0.005,-0.021,0.086,-0.056,0.035,0.000,0.000,0.000,0.00,15.0,OK
1787114255.922,DONE,5,-102.00,0.00,-0.07,-0.23,1500,1500,0.00,5.056,-7.093,-83.71,-0.245,-0.314,8.855,0.036,-0.057,-0.089,-9.131,-0.000,-0.009,0.080,-0.017,0.004,0.000,0.000,0.000,0.00,15.0,OK
1787114255.972,DONE,5,-102.00,0.00,-0.07,-0.23,1500,1500,0.00,5.041,-7.095,-88.14,-0.245,-0.314,8.855,0.036,-0.057,-0.089,-9.377,0.099,-0.015,0.071,0.017,-0.038,0.000,0.000,0.000,0.00,15.0,OK
1787114256.023,DONE,5,-102.00,0.00,-0.07,-0.23,1500,1500,0.00,5.028,-7.102,-89.75,-0.245,-0.314,8.855,0.036,-0.057,-0.089,-9.637,0.120,0.008,0.059,0.050,-0.068,0.000,0.000,0.000,0.00,15.0,OK
1787114256.073,DONE,5,-102.00,0.00,-0.07,-0.23,1500,1500,0.00,5.028,-7.102,-89.75,-0.245,-0.314,8.855,0.036,-0.057,-0.089,-9.830,0.101,0.008,0.044,0.066,-0.085,0.000,0.000,0.000,0.00,15.0,OK
1787114256.123,DONE,5,-102.00,0.00,-0.07,-0.23,1500,1500,0.00,5.026,-7.106,-102.92,-0.245,-0.314,8.855,0.036,-0.057,-0.089,-10.045,0.036,0.000,0.030,0.068,-0.094,0.000,0.000,0.000,0.00,15.0,OK
1787114256.173,DONE,5,-103.00,0.00,-0.07,-0.23,1500,1500,0.00,5.032,-7.103,-113.40,-0.069,-0.010,9.179,-0.096,0.068,-0.033,-10.162,0.003,-0.046,0.016,0.056,-0.101,0.000,0.000,0.000,0.00,15.0,OK
1787114256.223,DONE,5,-103.00,0.00,-0.07,-0.23,1500,1500,0.00,5.032,-7.103,-113.40,-0.069,-0.010,9.179,-0.096,0.068,-0.033,-10.143,-0.068,-0.105,0.012,0.041,-0.105,0.000,0.000,0.000,0.00,15.0,OK
1787114256.273,DONE,5,-103.00,0.00,-0.07,-0.23,1500,1500,0.00,5.024,-7.108,-123.80,-0.069,-0.010,9.179,-0.096,0.068,-0.033,-10.112,-0.250,-0.184,0.010,0.020,-0.111,0.000,0.000,0.000,0.00,15.0,OK
1787114256.323,DONE,5,-103.00,0.00,-0.07,-0.23,1500,1500,0.00,5.016,-7.113,-135.77,-0.069,-0.010,9.179,-0.096,0.068,-0.033,-9.966,-0.341,-0.167,0.008,0.002,-0.115,0.000,0.000,0.000,0.00,15.0,OK
1787114256.373,DONE,5,-103.00,0.00,-0.07,-0.23,1500,1500,0.00,5.009,-7.117,-147.55,-0.069,-0.010,9.179,-0.096,0.068,-0.033,-9.866,-0.426,-0.150,0.001,-0.009,-0.116,0.000,0.000,0.000,0.00,15.0,OK
1787114256.423,DONE,5,-104.00,0.00,-0.07,-0.23,1500,1500,0.00,5.009,-7.117,-147.55,-0.118,-0.010,10.013,-0.118,-0.008,-0.004,-9.790,-0.480,-0.128,-0.007,-0.009,-0.129,0.000,0.000,0.000,0.00,15.0,OK
1787114256.473,DONE,5,-104.00,0.00,-0.07,-0.23,1500,1500,0.00,5.001,-7.122,-156.18,-0.118,-0.010,10.013,-0.118,-0.008,-0.004,-9.768,-0.537,-0.124,-0.014,-0.010,-0.144,0.000,0.000,0.000,0.00,15.0,OK
1787114256.523,DONE,5,-104.00,0.00,-0.07,-0.23,1500,1500,0.00,4.994,-7.128,-163.43,-0.118,-0.010,10.013,-0.118,-0.008,-0.004,-9.794,-0.583,-0.092,-0.029,-0.015,-0.166,0.000,0.000,0.000,0.00,15.0,OK
1787114256.573,DONE,5,-104.00,0.00,-0.07,-0.23,1500,1500,0.00,4.983,-7.138,-172.67,-0.118,-0.010,10.013,-0.118,-0.008,-0.004,-9.828,-0.667,-0.073,-0.042,-0.019,-0.187,0.000,0.000,0.000,0.00,15.0,OK
1787114256.623,DONE,5,-104.00,0.00,-0.07,-0.23,1500,1500,0.00,4.983,-7.138,-172.67,-0.118,-0.010,10.013,-0.118,-0.008,-0.004,-9.890,-0.764,-0.066,-0.052,-0.028,-0.210,0.000,0.000,0.000,0.00,15.0,OK
1787114256.673,DONE,5,-104.00,0.00,-0.07,-0.23,1500,1500,0.00,4.978,-7.147,-176.18,-0.245,-0.402,9.836,-0.212,-0.030,0.050,-9.937,-0.867,-0.047,-0.058,-0.044,-0.229,0.000,0.000,0.000,0.00,15.0,OK
1787114256.723,DONE,5,-104.00,0.00,-0.07,-0.23,1500,1500,0.00,4.973,-7.152,-178.58,-0.245,-0.402,9.836,-0.212,-0.030,0.050,-9.930,-0.972,-0.026,-0.057,-0.061,-0.242,0.000,0.000,0.000,0.00,15.0,OK
1787114256.773,DONE,5,-104.00,0.00,-0.07,-0.23,1500,1500,0.00,4.966,-7.157,178.77,-0.245,-0.402,9.836,-0.212,-0.030,0.050,-9.873,-1.084,-0.006,-0.053,-0.080,-0.247,0.000,0.000,0.000,0.00,15.0,OK
1787114256.823,DONE,5,-104.00,0.00,-0.07,-0.23,1500,1500,0.00,4.966,-7.157,178.77,-0.245,-0.402,9.836,-0.212,-0.030,0.050,-9.835,-1.198,0.003,-0.055,-0.089,-0.251,0.000,0.000,0.000,0.00,15.0,OK
1787114256.873,DONE,5,-104.00,0.00,-0.07,-0.23,1500,1500,0.00,4.960,-7.161,178.29,-0.245,-0.402,9.836,-0.212,-0.030,0.050,-9.766,-1.319,0.058,-0.053,-0.092,-0.244,0.000,0.000,0.000,0.00,15.0,OK
1787114256.922,DONE,5,-103.00,0.00,-0.08,-0.23,1500,1500,0.00,4.956,-7.168,177.35,-0.147,-0.745,9.826,-0.242,-0.091,0.049,-9.704,-1.433,0.106,-0.051,-0.092,-0.228,0.000,0.000,0.000,0.00,15.0,OK
1787114256.973,DONE,5,-103.00,0.00,-0.08,-0.23,1500,1500,0.00,4.953,-7.174,177.11,-0.147,-0.745,9.826,-0.242,-0.091,0.049,-9.649,-1.562,0.143,-0.058,-0.086,-0.205,0.000,0.000,0.000,0.00,15.0,OK
1787114257.023,DONE,5,-103.00,0.00,-0.08,-0.23,1500,1500,0.00,4.953,-7.174,177.11,-0.147,-0.745,9.826,-0.242,-0.091,0.049,-9.606,-1.669,0.176,-0.064,-0.077,-0.172,0.000,0.000,0.000,0.00,15.0,OK
1787114257.073,DONE,5,-103.00,0.00,-0.08,-0.23,1500,1500,0.00,4.947,-7.184,176.56,-0.147,-0.745,9.826,-0.242,-0.091,0.049,-9.572,-1.778,0.217,-0.065,-0.075,-0.145,0.000,0.000,0.000,0.00,15.0,OK
1787114257.124,DONE,5,-103.00,0.00,-0.08,-0.23,1500,1500,0.00,4.937,-7.193,175.97,-0.147,-0.745,9.826,-0.242,-0.091,0.049,-9.539,-1.840,0.243,-0.070,-0.069,-0.117,0.000,0.000,0.000,0.00,15.0,OK
1787114257.173,DONE,5,-103.00,0.00,-0.08,-0.23,1500,1500,0.00,4.929,-7.202,176.94,-0.020,-1.285,9.738,-0.116,-0.067,0.067,-9.530,-1.900,0.267,-0.076,-0.063,-0.095,0.000,0.000,0.000,0.00,15.0,OK
1787114257.223,DONE,5,-103.00,0.00,-0.08,-0.23,1500,1500,0.00,4.929,-7.202,176.94,-0.020,-1.285,9.738,-0.116,-0.067,0.067,-9.527,-1.933,0.289,-0.080,-0.052,-0.080,0.000,0.000,0.000,0.00,15.0,OK
1787114257.273,DONE,5,-103.00,0.00,-0.08,-0.23,1500,1500,0.00,4.923,-7.212,177.26,-0.020,-1.285,9.738,-0.116,-0.067,0.067,-9.512,-1.964,0.322,-0.086,-0.048,-0.060,0.000,0.000,0.000,0.00,15.0,OK
1787114257.323,DONE,5,-103.00,0.00,-0.08,-0.23,1500,1500,0.00,4.917,-7.219,177.77,-0.020,-1.285,9.738,-0.116,-0.067,0.067,-9.517,-1.998,0.322,-0.085,-0.041,-0.043,0.000,0.000,0.000,0.00,15.0,OK
1787114257.373,DONE,5,-103.00,0.00,-0.08,-0.23,1500,1500,0.00,4.915,-7.223,178.75,-0.020,-1.285,9.738,-0.116,-0.067,0.067,-9.513,-2.010,0.351,-0.088,-0.032,-0.031,0.000,0.000,0.000,0.00,15.0,OK
1787114257.423,DONE,5,-102.00,0.00,-0.08,-0.23,1500,1500,0.00,4.915,-7.223,178.75,0.157,-1.824,9.561,-0.032,-0.030,0.087,-9.524,-2.007,0.330,-0.088,-0.024,-0.018,0.000,0.000,0.000,0.00,15.0,OK
1787114257.473,DONE,5,-102.00,0.00,-0.08,-0.23,1500,1500,0.00,4.913,-7.227,179.95,0.157,-1.824,9.561,-0.032,-0.030,0.087,-9.527,-1.995,0.337,-0.089,-0.020,-0.007,0.000,0.000,0.000,0.00,15.0,OK
1787114257.522,DONE,5,-102.00,0.00,-0.08,-0.23,1500,1500,0.00,4.907,-7.230,-179.76,0.157,-1.824,9.561,-0.032,-0.030,0.087,-9.587,-1.999,0.327,-0.088,-0.013,0.008,0.000,0.000,0.000,0.00,15.0,OK
1787114257.572,DONE,5,-102.00,0.00,-0.08,-0.23,1500,1500,0.00,4.899,-7.238,-179.99,0.157,-1.824,9.561,-0.032,-0.030,0.087,-9.572,-2.001,0.327,-0.088,-0.013,0.021,0.000,0.000,0.000,0.00,15.0,OK
1787114257.622,DONE,5,-102.00,0.00,-0.08,-0.23,1500,1500,0.00,4.899,-7.238,-179.99,0.157,-1.824,9.561,-0.032,-0.030,0.087,-9.598,-2.001,0.315,-0.086,-0.011,0.036,0.000,0.000,0.000,0.00,15.0,OK
1787114257.673,DONE,5,-101.00,0.00,-0.08,-0.23,1500,1500,0.00,4.897,-7.245,-179.39,0.265,-1.961,9.561,0.036,-0.009,0.086,-9.618,-1.968,0.322,-0.088,-0.011,0.051,0.000,0.000,0.000,0.00,15.2,OK
1787114257.722,DONE,5,-101.00,0.00,-0.08,-0.23,1500,1500,0.00,4.892,-7.250,-178.77,0.265,-1.961,9.561,0.036,-0.009,0.086,-9.646,-1.956,0.317,-0.085,-0.012,0.062,0.000,0.000,0.000,0.00,15.2,OK
1787114257.772,DONE,5,-101.00,0.00,-0.08,-0.23,1500,1500,0.00,4.892,-7.250,-178.77,0.265,-1.961,9.561,0.036,-0.009,0.086,-9.642,-1.949,0.315,-0.086,-0.014,0.072,0.000,0.000,0.000,0.00,15.2,OK
1787114257.822,DONE,5,-101.00,0.00,-0.08,-0.23,1500,1500,0.00,4.892,-7.250,-178.77,0.265,-1.961,9.561,0.036,-0.009,0.086,-9.654,-1.932,0.312,-0.085,-0.011,0.078,0.000,0.000,0.000,0.00,15.2,OK
1787114257.873,DONE,5,-101.00,0.00,-0.08,-0.23,1500,1500,0.00,4.882,-7.260,-176.87,0.265,-1.961,9.561,0.036,-0.009,0.086,-9.663,-1.902,0.300,-0.088,-0.009,0.080,0.000,0.000,0.000,0.00,15.2,OK
1787114257.923,DONE,5,-100.00,0.00,-0.09,-0.23,1500,1500,0.00,4.882,-7.256,-173.31,0.245,-1.922,9.601,0.082,-0.011,0.085,-9.646,-1.882,0.317,-0.087,-0.012,0.080,0.000,0.000,0.000,0.00,15.2,OK
1787114257.972,DONE,5,-100.00,0.00,-0.09,-0.23,1500,1500,0.00,4.875,-7.257,-171.38,0.245,-1.922,9.601,0.082,-0.011,0.085,-9.630,-1.839,0.303,-0.081,-0.012,0.085,0.000,0.000,0.000,0.00,15.2,OK
1787114258.022,DONE,5,-100.00,0.00,-0.09,-0.23,1500,1500,0.00,4.875,-7.257,-171.38,0.245,-1.922,9.601,0.082,-0.011,0.085,-9.644,-1.779,0.305,-0.083,-0.009,0.076,0.000,0.000,0.000,0.00,15.2,OK
1787114258.072,DONE,5,-100.00,0.00,-0.09,-0.23,1500,1500,0.00,4.860,-7.249,-169.14,0.245,-1.922,9.601,0.082,-0.011,0.085,-9.632,-1.755,0.296,-0.077,-0.010,0.068,0.000,0.000,0.000,0.00,15.2,OK
1787114258.122,DONE,5,-100.00,0.00,-0.09,-0.23,1500,1500,0.00,4.861,-7.245,-166.51,0.245,-1.922,9.601,0.082,-0.011,0.085,-9.634,-1.712,0.289,-0.077,-0.011,0.059,0.000,0.000,0.000,0.00,15.2,OK
1787114258.173,DONE,5,-100.00,0.00,-0.08,-0.23,1500,1500,0.00,4.859,-7.248,-167.07,0.226,-1.834,9.660,0.061,-0.009,0.076,-9.654,-1.657,0.284,-0.074,-0.011,0.052,0.000,0.000,0.000,0.00,15.2,OK
1787114258.223,DONE,5,-100.00,0.00,-0.08,-0.23,1500,1500,0.00,4.859,-7.248,-167.07,0.226,-1.834,9.660,0.061,-0.009,0.076,-9.661,-1.643,0.286,-0.071,-0.012,0.046,0.000,0.000,0.000,0.00,15.2,OK
1787114258.273,DONE,5,-100.00,0.00,-0.08,-0.23,1500,1500,0.00,4.849,-7.268,-167.68,0.226,-1.834,9.660,0.061,-0.009,0.076,-9.682,-1.610,0.291,-0.065,-0.017,0.032,0.000,0.000,0.000,0.00,15.2,OK
1787114258.323,DONE,5,-100.00,0.00,-0.08,-0.23,1500,1500,0.00,4.848,-7.269,-165.18,0.226,-1.834,9.660,0.061,-0.009,0.076,-9.668,-1.605,0.298,-0.067,-0.016,0.022,0.000,0.000,0.000,0.00,15.2,OK
1787114258.373,DONE,5,-100.00,0.00,-0.08,-0.23,1500,1500,0.00,4.842,-7.277,-165.18,0.226,-1.834,9.660,0.061,-0.009,0.076,-9.677,-1.600,0.291,-0.063,-0.026,0.014,0.000,0.000,0.000,0.00,15.2,OK
1787114258.423,DONE,5,-99.00,0.00,-0.08,-0.23,1500,1500,0.00,4.842,-7.277,-165.18,0.206,-1.618,9.640,0.014,-0.022,0.063,-9.663,-1.600,0.310,-0.064,-0.023,0.008,0.000,0.000,0.000,0.00,15.2,OK
1787114258.474,DONE,5,-99.00,0.00,-0.08,-0.23,1500,1500,0.00,4.839,-7.286,-164.52,0.206,-1.618,9.640,0.014,-0.022,0.063,-9.670,-1.607,0.319,-0.062,-0.024,-0.000,0.000,0.000,0.000,0.00,15.2,OK
1787114258.523,DONE,5,-99.00,0.00,-0.08,-0.23,1500,1500,0.00,4.837,-7.297,-165.39,0.206,-1.618,9.640,0.014,-0.022,0.063,-9.646,-1.610,0.308,-0.064,-0.022,-0.005,0.000,0.000,0.000,0.00,15.2,OK
1787114258.573,DONE,5,-99.00,0.00,-0.08,-0.23,1500,1500,0.00,4.835,-7.303,-164.37,0.206,-1.618,9.640,0.014,-0.022,0.063,-9.649,-1.605,0.322,-0.058,-0.021,-0.015,0.000,0.000,0.000,0.00,15.2,OK
1787114258.622,DONE,5,-99.00,0.00,-0.08,-0.23,1500,1500,0.00,4.835,-7.303,-164.37,0.206,-1.618,9.640,0.014,-0.022,0.063,-9.649,-1.619,0.331,-0.057,-0.018,-0.019,0.000,0.000,0.000,0.00,15.2,OK
1787114258.673,DONE,5,-98.00,0.00,-0.09,-0.23,1500,1500,0.00,4.824,-7.312,-164.81,0.206,-1.520,9.669,-0.021,-0.018,0.055,-9.661,-1.638,0.336,-0.058,-0.017,-0.025,0.000,0.000,0.000,0.00,15.2,OK
1787114258.723,DONE,5,-98.00,0.00,-0.09,-0.23,1500,1500,0.00,4.820,-7.317,-163.52,0.206,-1.520,9.669,-0.021,-0.018,0.055,-9.649,-1.648,0.339,-0.060,-0.015,-0.029,0.000,0.000,0.000,0.00,14.3,OK
1787114258.773,DONE,5,-98.00,0.00,-0.09,-0.23,1500,1500,0.00,4.818,-7.318,-160.78,0.206,-1.520,9.669,-0.021,-0.018,0.055,-9.644,-1.665,0.339,-0.059,-0.014,-0.030,0.000,0.000,0.000,0.00,14.3,OK
1787114258.823,DONE,5,-98.00,0.00,-0.09,-0.23,1500,1500,0.00,4.818,-7.318,-160.78,0.206,-1.520,9.669,-0.021,-0.018,0.055,-9.649,-1.677,0.341,-0.057,-0.012,-0.029,0.000,0.000,0.000,0.00,14.3,OK
1787114258.873,DONE,5,-98.00,0.00,-0.09,-0.23,1500,1500,0.00,4.808,-7.314,-161.16,0.206,-1.520,9.669,-0.021,-0.018,0.055,-9.646,-1.691,0.341,-0.058,-0.008,-0.027,0.000,0.000,0.000,0.00,14.3,OK
1787114258.923,DONE,5,-98.00,0.00,-0.08,-0.23,1500,1500,0.00,4.797,-7.322,-162.11,0.226,-1.549,9.679,-0.030,-0.009,0.054,-9.646,-1.708,0.341,-0.055,-0.008,-0.030,0.000,0.000,0.000,0.00,14.3,OK
1787114258.973,DONE,5,-98.00,0.00,-0.08,-0.23,1500,1500,0.00,4.797,-7.322,-162.11,0.226,-1.549,9.679,-0.030,-0.009,0.054,-9.627,-1.726,0.351,-0.058,-0.005,-0.026,0.000,0.000,0.000,0.00,14.3,OK
1787114259.023,DONE,5,-98.00,0.00,-0.08,-0.23,1500,1500,0.00,4.792,-7.335,-162.71,0.226,-1.549,9.679,-0.030,-0.009,0.054,-9.634,-1.734,0.320,-0.056,-0.008,-0.025,0.000,0.000,0.000,0.00,14.3,OK
1787114259.073,DONE,5,-98.00,0.00,-0.08,-0.23,1500,1500,0.00,4.793,-7.339,-162.14,0.226,-1.549,9.679,-0.030,-0.009,0.054,-9.608,-1.757,0.334,-0.055,-0.006,-0.024,0.000,0.000,0.000,0.00,14.3,OK
1787114259.123,DONE,5,-98.00,0.00,-0.08,-0.23,1500,1500,0.00,4.793,-7.343,-161.41,0.226,-1.549,9.679,-0.030,-0.009,0.054,-9.613,-1.774,0.329,-0.053,-0.005,-0.023,0.000,0.000,0.000,0.00,14.3,OK
1787114259.173,DONE,5,-98.00,0.00,-0.08,-0.23,1500,1500,0.00,4.795,-7.339,-161.21,0.255,-1.628,9.669,-0.022,-0.003,0.051,-9.632,-1.791,0.320,-0.054,-0.003,-0.018,0.000,0.000,0.000,0.00,14.3,OK
1787114259.223,DONE,5,-98.00,0.00,-0.08,-0.23,1500,1500,0.00,4.795,-7.339,-161.21,0.255,-1.628,9.669,-0.022,-0.003,0.051,-9.646,-1.779,0.317,-0.051,-0.002,-0.016,0.000,0.000,0.000,0.00,14.3,OK
1787114259.272,DONE,5,-98.00,0.00,-0.08,-0.23,1500,1500,0.00,4.792,-7.341,-161.53,0.255,-1.628,9.669,-0.022,-0.003,0.051,-9.615,-1.781,0.300,-0.050,-0.003,-0.011,0.000,0.000,0.000,0.00,14.3,OK
1787114259.323,DONE,5,-98.00,0.00,-0.08,-0.23,1500,1500,0.00,4.793,-7.342,-160.91,0.255,-1.628,9.669,-0.022,-0.003,0.051,-9.637,-1.794,0.320,-0.054,-0.002,-0.013,0.000,0.000,0.000,0.00,14.3,OK
1787114259.373,DONE,5,-98.00,0.00,-0.08,-0.23,1500,1500,0.00,4.790,-7.343,-160.96,0.255,-1.628,9.669,-0.022,-0.003,0.051,-9.656,-1.784,0.305,-0.052,-0.005,-0.003,0.000,0.000,0.000,0.00,14.3,OK
1787114259.422,DONE,5,-97.00,0.00,-0.08,-0.23,1500,1500,0.00,4.790,-7.343,-160.96,0.235,-1.697,9.640,-0.007,-0.004,0.049,-9.649,-1.803,0.303,-0.055,-0.007,-0.001,0.000,0.000,0.000,0.00,14.3,OK
1787114259.472,DONE,5,-97.00,0.00,-0.08,-0.23,1500,1500,0.00,4.785,-7.348,-160.96,0.235,-1.697,9.640,-0.007,-0.004,0.049,-9.646,-1.803,0.305,-0.051,-0.007,0.001,0.000,0.000,0.000,0.00,14.3,OK
1787114259.522,DONE,5,-97.00,0.00,-0.08,-0.23,1500,1500,0.00,4.784,-7.356,-161.30,0.235,-1.697,9.640,-0.007,-0.004,0.049,-9.627,-1.822,0.305,-0.051,-0.010,0.008,0.000,0.000,0.000,0.00,14.3,OK
1787114259.572,DONE,5,-97.00,0.00,-0.08,-0.23,1500,1500,0.00,4.781,-7.362,-161.16,0.235,-1.697,9.640,-0.007,-0.004,0.049,-9.649,-1.806,0.288,-0.049,-0.014,0.010,0.000,0.000,0.000,0.00,14.3,OK
1787114259.623,DONE,5,-97.00,0.00,-0.08,-0.23,1500,1500,0.00,4.781,-7.362,-161.16,0.235,-1.697,9.640,-0.007,-0.004,0.049,-9.622,-1.796,0.308,-0.053,-0.011,0.013,0.000,0.000,0.000,0.00,14.3,OK
1787114259.673,DONE,5,-97.00,0.00,-0.08,-0.23,1500,1500,0.00,4.778,-7.365,-160.64,0.226,-1.746,9.630,0.012,-0.012,0.049,-9.620,-1.810,0.298,-0.055,-0.012,0.015,0.000,0.000,0.000,0.00,14.3,OK
1787114259.723,DONE,5,-97.00,0.00,-0.08,-0.23,1500,1500,0.00,4.777,-7.369,-160.19,0.226,-1.746,9.630,0.012,-0.012,0.049,-9.646,-1.806,0.305,-0.052,-0.013,0.016,0.000,0.000,0.000,0.00,14.3,OK
1787114259.773,DONE,5,-97.00,0.00,-0.08,-0.23,1500,1500,0.00,4.775,-7.376,-160.23,0.226,-1.746,9.630,0.012,-0.012,0.049,-9.644,-1.803,0.300,-0.046,-0.015,0.020,0.000,0.000,0.000,0.00,15.2,OK
1787114259.823,DONE,5,-97.00,0.00,-0.08,-0.23,1500,1500,0.00,4.775,-7.376,-160.23,0.226,-1.746,9.630,0.012,-0.012,0.049,-9.622,-1.779,0.310,-0.050,-0.013,0.020,0.000,0.000,0.000,0.00,15.2,OK
1787114259.873,DONE,5,-97.00,0.00,-0.08,-0.23,1500,1500,0.00,4.773,-7.379,-159.56,0.226,-1.746,9.630,0.012,-0.012,0.049,-9.639,-1.777,0.305,-0.046,-0.014,0.021,0.000,0.000,0.000,0.00,15.2,OK
1787114259.923,DONE,5,-97.00,0.00,-0.08,-0.23,1500,1500,0.00,4.767,-7.391,-160.78,0.216,-1.746,9.640,0.020,-0.013,0.045,-9.644,-1.767,0.317,-0.046,-0.014,0.018,0.000,0.000,0.000,0.00,15.2,OK
1787114259.973,DONE,5,-97.00,0.00,-0.08,-0.23,1500,1500,0.00,4.764,-7.399,-160.10,0.216,-1.746,9.640,0.020,-0.013,0.045,-9.651,-1.744,0.324,-0.046,-0.013,0.021,0.000,0.000,0.000,0.00,15.2,OK
1787114260.023,DONE,5,-97.00,0.00,-0.08,-0.23,1500,1500,0.00,4.764,-7.399,-160.10,0.216,-1.746,9.640,0.020,-0.013,0.045,-9.637,-1.741,0.322,-0.046,-0.013,0.018,0.000,0.000,0.000,0.00,15.2,OK
1787114260.073,DONE,5,-97.00,0.00,-0.08,-0.23,1500,1500,0.00,4.759,-7.407,-159.90,0.216,-1.746,9.640,0.020,-0.013,0.045,-9.651,-1.720,0.324,-0.046,-0.013,0.021,0.000,0.000,0.000,0.00,15.2,OK
1787114260.123,DONE,5,-97.00,0.00,-0.08,-0.23,1500,1500,0.00,4.754,-7.415,-159.75,0.216,-1.746,9.640,0.020,-0.013,0.045,-9.647,-1.720,0.324,-0.046,-0.012,0.019,0.000,0.000,0.000,0.00,15.2,OK
1787114260.172,DONE,5,-96.00,0.00,-0.08,-0.23,1500,1500,0.00,4.749,-7.420,-159.24,0.226,-1.697,9.640,0.019,-0.011,0.041,-9.663,-1.715,0.329,-0.043,-0.011,0.017,0.000,0.000,0.000,0.00,15.2,OK
1787114260.223,DONE,5,-96.00,0.00,-0.08,-0.23,1500,1500,0.00,4.749,-7.420,-159.24,0.226,-1.697,9.640,0.019,-0.011,0.041,-9.649,-1.708,0.351,-0.042,-0.010,0.015,0.000,0.000,0.000,0.00,15.2,OK
1787114260.273,DONE,5,-96.00,0.00,-0.08,-0.23,1500,1500,0.00,4.742,-7.428,-159.71,0.226,-1.697,9.640,0.019,-0.011,0.041,-9.663,-1.708,0.329,-0.044,-0.010,0.011,0.000,0.000,0.000,0.00,15.2,OK
1787114260.323,DONE,5,-96.00,0.00,-0.08,-0.23,1500,1500,0.00,4.738,-7.436,-159.47,0.226,-1.697,9.640,0.019,-0.011,0.041,-9.632,-1.703,0.332,-0.044,-0.009,0.006,0.000,0.000,0.000,0.00,15.2,OK
1787114260.373,DONE,5,-96.00,0.00,-0.08,-0.23,1500,1500,0.00,4.738,-7.436,-159.47,0.226,-1.697,9.640,0.019,-0.011,0.041,-9.637,-1.707,0.348,-0.042,-0.012,0.004,0.000,0.000,0.000,0.00,15.2,OK
1787114260.422,DONE,5,-96.00,0.00,-0.08,-0.23,1500,1500,0.00,4.730,-7.440,-158.69,0.235,-1.648,9.669,0.004,-0.009,0.040,-9.656,-1.691,0.327,-0.043,-0.009,0.002,0.000,0.000,0.000,0.00,15.2,OK
1787114260.473,DONE,5,-96.00,0.00,-0.08,-0.23,1500,1500,0.00,4.728,-7.443,-157.26,0.235,-1.648,9.669,0.004,-0.009,0.040,-9.647,-1.712,0.312,-0.045,-0.009,-0.005,0.000,0.000,0.000,0.00,15.2,OK
1787114260.523,DONE,5,-96.00,0.00,-0.08,-0.23,1500,1500,0.00,4.722,-7.449,-157.81,0.235,-1.648,9.669,0.004,-0.009,0.040,-9.637,-1.731,0.324,-0.041,-0.009,-0.007,0.000,0.000,0.000,0.00,15.2,OK
1787114260.573,DONE,5,-96.00,0.00,-0.08,-0.23,1500,1500,0.00,4.719,-7.454,-157.64,0.235,-1.648,9.669,0.004,-0.009,0.040,-9.627,-1.717,0.332,-0.038,-0.006,-0.013,0.000,0.000,0.000,0.00,15.2,OK
1787114260.623,DONE,5,-96.00,0.00,-0.08,-0.23,1500,1500,0.00,4.719,-7.454,-157.64,0.235,-1.648,9.669,0.004,-0.009,0.040,-9.642,-1.729,0.332,-0.037,-0.005,-0.016,0.000,0.000,0.000,0.00,15.2,OK
1787114260.672,DONE,5,-96.00,0.00,-0.08,-0.23,1500,1500,0.00,4.713,-7.460,-158.23,0.245,-1.638,9.650,-0.014,-0.006,0.036,-9.635,-1.727,0.336,-0.038,-0.007,-0.019,0.000,0.000,0.000,0.00,15.2,OK
1787114260.722,DONE,5,-96.00,0.00,-0.08,-0.23,1500,1500,0.00,4.709,-7.464,-157.86,0.245,-1.638,9.650,-0.014,-0.006,0.036,-9.630,-1.741,0.329,-0.041,-0.004,-0.013,0.000,0.000,0.000,0.00,15.2,OK
1787114260.773,DONE,5,-96.00,0.00,-0.08,-0.23,1500,1500,0.00,4.706,-7.470,-157.92,0.245,-1.638,9.650,-0.014,-0.006,0.036,-9.649,-1.736,0.332,-0.037,-0.004,-0.018,0.000,0.000,0.000,0.00,15.0,OK
1787114260.822,DONE,5,-96.00,0.00,-0.08,-0.23,1500,1500,0.00,4.702,-7.475,-158.13,0.245,-1.638,9.650,-0.014,-0.006,0.036,-9.639,-1.748,0.334,-0.035,-0.005,-0.015,0.000,0.000,0.000,0.00,15.0,OK
1787114260.873,DONE,5,-96.00,0.00,-0.08,-0.23,1500,1500,0.00,4.702,-7.475,-158.13,0.245,-1.638,9.650,-0.014,-0.006,0.036,-9.637,-1.743,0.334,-0.036,-0.005,-0.014,0.000,0.000,0.000,0.00,15.0,OK
1787114260.922,DONE,5,-96.00,0.00,-0.09,-0.23,1500,1500,0.00,4.697,-7.481,-158.25,0.245,-1.657,9.650,-0.014,-0.004,0.032,-9.644,-1.763,0.329,-0.036,-0.003,-0.012,0.000,0.000,0.000,0.00,15.0,OK
1787114260.972,DONE,5,-96.00,0.00,-0.09,-0.23,1500,1500,0.00,4.694,-7.484,-157.99,0.245,-1.657,9.650,-0.014,-0.004,0.032,-9.656,-1.772,0.324,-0.035,-0.002,-0.007,0.000,0.000,0.000,0.00,15.0,OK
1787114261.023,DONE,5,-96.00,0.00,-0.09,-0.23,1500,1500,0.00,4.694,-7.484,-157.99,0.245,-1.657,9.650,-0.014,-0.004,0.032,-9.646,-1.789,0.339,-0.034,-0.006,-0.003,0.000,0.000,0.000,0.00,15.0,OK
1787114261.073,DONE,5,-96.00,0.00,-0.09,-0.23,1500,1500,0.00,4.686,-7.490,-158.26,0.245,-1.657,9.650,-0.014,-0.004,0.032,-9.634,-1.796,0.327,-0.036,-0.004,-0.003,0.000,0.000,0.000,0.00,15.0,OK
1787114261.123,DONE,5,-96.00,0.00,-0.09,-0.23,1500,1500,0.00,4.680,-7.495,-157.93,0.245,-1.657,9.650,-0.014,-0.004,0.032,-9.640,-1.782,0.317,-0.036,-0.003,0.000,0.000,0.000,0.000,0.00,15.0,OK
1787114261.173,DONE,5,-96.00,0.00,-0.08,-0.23,1500,1500,0.00,4.674,-7.503,-158.30,0.235,-1.697,9.650,0.000,-0.002,0.032,-9.637,-1.796,0.312,-0.035,-0.004,0.002,0.000,0.000,0.000,0.00,15.0,OK
1787114261.223,DONE,5,-96.00,0.00,-0.08,-0.23,1500,1500,0.00,4.674,-7.503,-158.30,0.235,-1.697,9.650,0.000,-0.002,0.032,-9.642,-1.808,0.310,-0.033,-0.003,0.003,0.000,0.000,0.000,0.00,15.0,OK
1787114261.273,DONE,5,-96.00,0.00,-0.08,-0.23,1500,1500,0.00,4.670,-7.506,-157.71,0.235,-1.697,9.650,0.000,-0.002,0.032,-9.637,-1.786,0.315,-0.031,-0.002,0.004,0.000,0.000,0.000,0.00,15.0,OK
1787114261.323,DONE,5,-96.00,0.00,-0.08,-0.23,1500,1500,0.00,4.663,-7.515,-158.45,0.235,-1.697,9.650,0.000,-0.002,0.032,-9.627,-1.786,0.303,-0.032,-0.004,0.004,0.000,0.000,0.000,0.00,15.0,OK
1787114261.373,DONE,5,-96.00,0.00,-0.08,-0.23,1500,1500,0.00,4.661,-7.517,-157.79,0.235,-1.697,9.650,0.000,-0.002,0.032,-9.639,-1.791,0.310,-0.032,-0.005,0.006,0.000,0.000,0.000,0.00,15.0,OK
1787114261.423,DONE,5,-96.00,0.00,-0.08,-0.23,1500,1500,0.00,4.655,-7.522,-157.73,0.235,-1.726,9.630,0.006,-0.003,0.028,-9.634,-1.772,0.308,-0.032,-0.006,0.005,0.000,0.000,0.000,0.00,15.0,OK
1787114261.473,DONE,5,-96.00,0.00,-0.08,-0.23,1500,1500,0.00,4.655,-7.522,-157.73,0.235,-1.726,9.630,0.006,-0.003,0.028,-9.649,-1.767,0.305,-0.030,-0.004,0.004,0.000,0.000,0.000,0.00,15.0,OK
1787114261.523,DONE,5,-96.00,0.00,-0.08,-0.23,1500,1500,0.00,4.652,-7.527,-157.07,0.235,-1.726,9.630,0.006,-0.003,0.028,-9.642,-1.770,0.317,-0.030,-0.007,0.003,0.000,0.000,0.000,0.00,15.0,OK
1787114261.572,DONE,5,-96.00,0.00,-0.08,-0.23,1500,1500,0.00,4.653,-7.527,-157.15,0.235,-1.726,9.630,0.006,-0.003,0.028,-9.644,-1.765,0.303,-0.028,-0.008,0.006,0.000,0.000,0.000,0.00,15.0,OK
1787114261.623,DONE,5,-96.00,0.00,-0.08,-0.23,1500,1500,0.00,4.649,-7.531,-157.24,0.235,-1.726,9.630,0.006,-0.003,0.028,-9.656,-1.784,0.322,-0.028,-0.006,0.005,0.000,0.000,0.000,0.00,15.0,OK
1787114261.673,DONE,5,-96.00,0.00,-0.08,-0.23,1500,1500,0.00,4.649,-7.531,-157.24,0.226,-1.716,9.640,0.005,-0.007,0.022,-9.639,-1.763,0.332,-0.027,-0.008,0.003,0.000,0.000,0.000,0.00,15.0,OK
1787114261.723,DONE,5,-96.00,0.00,-0.08,-0.23,1500,1500,0.00,4.645,-7.532,-156.40,0.226,-1.716,9.640,0.005,-0.007,0.022,-9.642,-1.765,0.310,-0.025,-0.008,0.004,0.000,0.000,0.000,0.00,15.0,OK
1787114261.773,DONE,5,-96.00,0.00,-0.08,-0.23,1500,1500,0.00,4.645,-7.532,-156.40,0.226,-1.716,9.640,0.005,-0.007,0.022,-9.630,-1.767,0.303,-0.028,-0.007,0.003,0.000,0.000,0.000,0.00,15.0,OK
1787114261.822,DONE,5,-96.00,0.00,-0.08,-0.23,1500,1500,0.00,4.641,-7.536,-156.34,0.226,-1.716,9.640,0.005,-0.007,0.022,-9.635,-1.762,0.329,-0.026,-0.010,0.006,0.000,0.000,0.000,0.00,14.3,OK
1787114261.873,DONE,5,-96.00,0.00,-0.08,-0.23,1500,1500,0.00,4.636,-7.540,-156.08,0.226,-1.716,9.640,0.005,-0.007,0.022,-9.639,-1.767,0.317,-0.022,-0.007,0.003,0.000,0.000,0.000,0.00,14.3,OK
1787114261.923,DONE,5,-96.00,0.00,-0.09,-0.23,1500,1500,0.00,4.633,-7.544,-155.70,0.226,-1.706,9.640,0.005,-0.007,0.018,-9.644,-1.777,0.317,-0.023,-0.006,0.003,0.000,0.000,0.000,0.00,14.3,OK
1787114261.973,DONE,5,-96.00,0.00,-0.09,-0.23,1500,1500,0.00,4.629,-7.547,-155.54,0.226,-1.706,9.640,0.005,-0.007,0.018,-9.637,-1.762,0.327,-0.018,-0.005,0.003,0.000,0.000,0.000,0.00,14.3,OK
1787114262.023,DONE,5,-96.00,0.00,-0.09,-0.23,1500,1500,0.00,4.625,-7.551,-155.20,0.226,-1.706,9.640,0.005,-0.007,0.018,-9.639,-1.763,0.317,-0.017,-0.006,0.005,0.000,0.000,0.000,0.00,14.3,OK
1787114262.073,DONE,5,-96.00,0.00,-0.09,-0.23,1500,1500,0.00,4.625,-7.551,-155.20,0.226,-1.706,9.640,0.005,-0.007,0.018,-9.639,-1.760,0.332,-0.019,-0.002,-0.002,0.000,0.000,0.000,0.00,14.3,OK
1787114262.123,DONE,5,-96.00,0.00,-0.09,-0.23,1500,1500,0.00,4.619,-7.556,-155.25,0.226,-1.706,9.640,0.005,-0.007,0.018,-9.630,-1.760,0.327,-0.017,-0.004,-0.001,0.000,0.000,0.000,0.00,14.3,OK
1787114262.173,DONE,5,-96.00,0.00,-0.08,-0.23,1500,1500,0.00,4.620,-7.557,-154.70,0.226,-1.697,9.640,0.000,-0.002,0.012,-9.628,-1.755,0.315,-0.014,-0.002,-0.004,0.000,0.000,0.000,0.00,14.3,OK
1787114262.223,DONE,5,-96.00,0.00,-0.08,-0.23,1500,1500,0.00,4.620,-7.557,-154.70,0.226,-1.697,9.640,0.000,-0.002,0.012,-9.627,-1.755,0.334,-0.017,-0.003,-0.001,0.000,0.000,0.000,0.00,14.3,OK
1787114262.273,DONE,5,-96.00,0.00,-0.08,-0.23,1500,1500,0.00,4.618,-7.557,-154.40,0.226,-1.697,9.640,0.000,-0.002,0.012,-9.639,-1.760,0.310,-0.014,-0.003,-0.004,0.000,0.000,0.000,0.00,14.3,OK
1787114262.323,DONE,5,-96.00,0.00,-0.08,-0.23,1500,1500,0.00,4.613,-7.561,-154.57,0.226,-1.697,9.640,0.000,-0.002,0.012,-9.637,-1.755,0.320,-0.014,-0.005,-0.002,0.000,0.000,0.000,0.00,14.3,OK
1787114262.373,DONE,5,-96.00,0.00,-0.08,-0.23,1500,1500,0.00,4.611,-7.563,-154.37,0.226,-1.697,9.640,0.000,-0.002,0.012,-9.630,-1.770,0.317,-0.014,-0.003,-0.003,0.000,0.000,0.000,0.00,14.3,OK
1787114262.423,DONE,5,-96.00,0.00,-0.08,-0.23,1500,1500,0.00,4.611,-7.563,-154.37,0.235,-1.687,9.650,-0.002,-0.002,0.010,-9.618,-1.781,0.315,-0.014,-0.003,-0.003,0.000,0.000,0.000,0.00,14.3,OK
1787114262.473,DONE,5,-96.00,0.00,-0.08,-0.23,1500,1500,0.00,4.605,-7.570,-155.79,0.235,-1.687,9.650,-0.002,-0.002,0.010,-9.623,-1.777,0.329,-0.013,-0.001,-0.004,0.000,0.000,0.000,0.00,14.3,OK
1787114262.523,DONE,5,-96.00,0.00,-0.08,-0.23,1500,1500,0.00,4.597,-7.576,-155.81,0.235,-1.687,9.650,-0.002,-0.002,0.010,-9.644,-1.770,0.320,-0.012,-0.003,-0.002,0.000,0.000,0.000,0.00,14.3,OK
1787114262.573,DONE,5,-96.00,0.00,-0.08,-0.23,1500,1500,0.00,4.587,-7.586,-155.33,0.235,-1.687,9.650,-0.002,-0.002,0.010,-9.622,-1.786,0.325,-0.007,-0.001,-0.005,0.000,0.000,0.000,0.00,14.3,OK
1787114262.623,DONE,5,-96.00,0.00,-0.08,-0.23,1500,1500,0.00,4.587,-7.586,-155.33,0.235,-1.687,9.650,-0.002,-0.002,0.010,-9.634,-1.789,0.312,-0.010,0.002,-0.002,0.000,0.000,0.000,0.00,14.3,OK
1787114262.673,DONE,5,-96.00,0.00,-0.08,-0.23,1500,1500,0.00,4.581,-7.592,-154.99,0.235,-1.697,9.640,-0.002,0.002,0.003,-9.615,-1.774,0.317,-0.009,0.002,0.001,0.000,0.000,0.000,0.00,14.3,OK
1787114262.722,DONE,5,-96.00,0.00,-0.08,-0.23,1500,1500,0.00,4.574,-7.595,-154.37,0.235,-1.697,9.640,-0.002,0.002,0.003,-9.632,-1.772,0.312,-0.007,0.001,-0.000,0.000,0.000,0.000,0.00,14.3,OK
1787114262.773,DONE,5,-96.00,0.00,-0.08,-0.23,1500,1500,0.00,4.567,-7.603,-154.99,0.235,-1.697,9.640,-0.002,0.002,0.003,-9.637,-1.782,0.312,-0.005,0.001,-0.003,0.000,0.000,0.000,0.00,14.3,OK
1787114262.822,DONE,5,-96.00,0.00,-0.08,-0.23,1500,1500,0.00,4.567,-7.603,-154.99,0.235,-1.697,9.640,-0.002,0.002,0.003,-9.649,-1.777,0.317,-0.007,0.001,-0.002,0.000,0.000,0.000,0.00,14.3,OK
1787114262.872,DONE,5,-96.00,0.00,-0.08,-0.23,1500,1500,0.00,4.561,-7.608,-154.88,0.235,-1.697,9.640,-0.002,0.002,0.003,-9.634,-1.770,0.320,-0.005,0.000,-0.002,0.000,0.000,0.000,0.00,15.2,OK
1787114262.922,DONE,5,-97.00,0.00,-0.08,-0.23,1500,1500,0.00,4.552,-7.615,-155.16,0.226,-1.706,9.640,-0.001,0.001,0.000,-9.625,-1.779,0.322,-0.007,-0.001,-0.002,0.000,0.000,0.000,0.00,15.2,OK
1787114262.973,DONE,5,-97.00,0.00,-0.08,-0.23,1500,1500,0.00,4.550,-7.616,-154.95,0.226,-1.706,9.640,-0.001,0.001,0.000,-9.644,-1.775,0.317,-0.004,-0.001,-0.004,0.000,0.000,0.000,0.00,15.2,OK
1787114263.022,DONE,5,-97.00,0.00,-0.08,-0.23,1500,1500,0.00,4.550,-7.616,-154.95,0.226,-1.706,9.640,-0.001,0.001,0.000,-9.651,-1.801,0.303,-0.002,0.000,0.001,0.000,0.000,0.000,0.00,15.2,OK
1787114263.073,DONE,5,-97.00,0.00,-0.08,-0.23,1500,1500,0.00,4.546,-7.623,-155.34,0.226,-1.706,9.640,-0.001,0.001,0.000,-9.634,-1.794,0.310,-0.002,0.000,0.001,0.000,0.000,0.000,0.00,15.2,OK
1787114263.123,DONE,5,-97.00,0.00,-0.08,-0.23,1500,1500,0.00,4.545,-7.626,-154.46,0.226,-1.706,9.640,-0.001,0.001,0.000,-9.637,-1.801,0.315,-0.002,-0.000,-0.002,0.000,0.000,0.000,0.00,15.2,OK
1787114263.173,DONE,5,-97.00,0.00,-0.08,-0.23,1500,1500,0.00,4.544,-7.633,-156.17,0.226,-1.706,9.640,-0.001,-0.001,-0.004,-9.649,-1.789,0.305,-0.000,0.003,-0.001,0.000,0.000,0.000,0.00,15.2,OK
1787114263.223,DONE,5,-97.00,0.00,-0.08,-0.23,1500,1500,0.00,4.544,-7.633,-156.17,0.226,-1.706,9.640,-0.001,-0.001,-0.004,-9.639,-1.791,0.312,0.001,-0.001,-0.003,0.000,0.000,0.000,0.00,15.2,OK
1787114263.273,DONE,5,-97.00,0.00,-0.08,-0.23,1500,1500,0.00,4.540,-7.637,-156.19,0.226,-1.706,9.640,-0.001,-0.001,-0.004,-9.641,-1.791,0.310,-0.001,0.000,-0.003,0.000,0.000,0.000,0.00,15.2,OK
1787114263.323,DONE,5,-97.00,0.00,-0.08,-0.23,1500,1500,0.00,4.533,-7.642,-156.45,0.226,-1.706,9.640,-0.001,-0.001,-0.004,-9.632,-1.791,0.310,0.005,-0.001,-0.003,0.000,0.000,0.000,0.00,15.2,OK
1787114263.372,DONE,5,-97.00,0.00,-0.08,-0.23,1500,1500,0.00,4.525,-7.649,-156.42,0.226,-1.706,9.640,-0.001,-0.001,-0.004,-9.628,-1.786,0.298,0.002,-0.000,-0.001,0.000,0.000,0.000,0.00,15.2,OK
1787114263.422,DONE,5,-97.00,0.00,-0.08,-0.23,1500,1500,0.00,4.517,-7.655,-156.49,0.216,-1.716,9.640,-0.002,0.001,-0.008,-9.634,-1.784,0.317,0.002,0.002,-0.001,0.000,0.000,0.000,0.00,15.2,OK
1787114263.473,DONE,5,-97.00,0.00,-0.08,-0.23,1500,1500,0.00,4.517,-7.655,-156.49,0.216,-1.716,9.640,-0.002,0.001,-0.008,-9.658,-1.787,0.315,0.003,-0.001,-0.004,0.000,0.000,0.000,0.00,15.2,OK
1787114263.522,DONE,5,-97.00,0.00,-0.08,-0.23,1500,1500,0.00,4.514,-7.656,-155.66,0.216,-1.716,9.640,-0.002,0.001,-0.008,-9.635,-1.784,0.317,0.005,-0.000,0.001,0.000,0.000,0.000,0.00,15.2,OK
1787114263.573,DONE,5,-97.00,0.00,-0.08,-0.23,1500,1500,0.00,4.514,-7.656,-155.66,0.216,-1.716,9.640,-0.002,0.001,-0.008,-9.646,-1.791,0.324,0.005,-0.001,-0.001,0.000,0.000,0.000,0.00,15.2,OK
1787114263.623,DONE,5,-97.00,0.00,-0.08,-0.23,1500,1500,0.00,4.512,-7.657,-155.17,0.216,-1.716,9.640,-0.002,0.001,-0.008,-9.651,-1.779,0.322,0.008,0.002,-0.002,0.000,0.000,0.000,0.00,15.2,OK
1787114263.673,DONE,5,-98.00,0.00,-0.08,-0.23,1500,1500,0.00,4.507,-7.660,-155.38,0.216,-1.726,9.640,-0.003,-0.000,-0.012,-9.651,-1.787,0.324,0.006,0.002,-0.003,0.000,0.000,0.000,0.00,15.2,OK
1787114263.723,DONE,5,-98.00,0.00,-0.08,-0.23,1500,1500,0.00,4.503,-7.655,-153.53,0.216,-1.726,9.640,-0.003,-0.000,-0.012,-9.634,-1.794,0.313,0.006,-0.001,-0.003,0.000,0.000,0.000,0.00,15.2,OK
1787114263.772,DONE,5,-98.00,0.00,-0.08,-0.23,1500,1500,0.00,4.492,-7.645,-151.83,0.216,-1.726,9.640,-0.003,-0.000,-0.012,-9.635,-1.798,0.310,0.005,-0.002,-0.003,0.000,0.000,0.000,0.00,15.2,OK
1787114263.822,DONE,5,-98.00,0.00,-0.08,-0.23,1500,1500,0.00,4.486,-7.634,-151.10,0.216,-1.726,9.640,-0.003,-0.000,-0.012,-9.630,-1.793,0.324,0.008,-0.001,0.001,0.000,0.000,0.000,0.00,15.2,OK
1787114263.872,DONE,5,-98.00,0.00,-0.08,-0.23,1500,1500,0.00,4.486,-7.634,-151.10,0.216,-1.726,9.640,-0.003,-0.000,-0.012,-9.627,-1.793,0.310,0.007,0.002,-0.003,0.000,0.000,0.000,0.00,15.0,OK
1787114263.923,DONE,5,-98.00,0.00,-0.08,-0.23,1500,1500,0.00,4.486,-7.634,-151.12,0.235,-1.736,9.650,-0.000,0.002,-0.012,-9.608,-1.796,0.324,0.007,0.003,-0.000,0.000,0.000,0.000,0.00,15.0,OK
1787114263.973,DONE,5,-98.00,0.00,-0.08,-0.23,1500,1500,0.00,4.486,-7.634,-151.15,0.235,-1.736,9.650,-0.000,0.002,-0.012,-9.637,-1.803,0.322,0.006,0.004,0.001,0.000,0.000,0.000,0.00,15.0,OK
1787114264.023,DONE,5,-98.00,0.00,-0.08,-0.23,1500,1500,0.00,4.486,-7.634,-151.15,0.235,-1.736,9.650,-0.000,0.002,-0.012,-9.620,-1.803,0.308,0.007,0.005,0.000,0.000,0.000,0.000,0.00,15.0,OK
1787114264.073,DONE,5,-98.00,0.00,-0.08,-0.23,1500,1500,0.00,4.486,-7.634,-151.19,0.235,-1.736,9.650,-0.000,0.002,-0.012,-9.623,-1.803,0.310,0.005,0.000,0.002,0.000,0.000,0.000,0.00,15.0,OK
1787114264.123,DONE,5,-98.00,0.00,-0.08,-0.23,1500,1500,0.00,4.480,-7.632,-150.55,0.235,-1.736,9.650,-0.000,0.002,-0.012,-9.632,-1.805,0.322,0.008,0.003,0.002,0.000,0.000,0.000,0.00,15.0,OK
1787114264.173,DONE,5,-99.00,0.00,-0.08,-0.23,1500,1500,0.00,4.473,-7.632,-150.28,0.226,-1.736,9.640,0.001,0.003,-0.014,-9.620,-1.786,0.334,0.007,-0.000,0.002,0.000,0.000,0.000,0.00,15.0,OK
1787114264.222,DONE,5,-99.00,0.00,-0.08,-0.23,1500,1500,0.00,4.473,-7.632,-150.28,0.226,-1.736,9.640,0.001,0.003,-0.014,-9.620,-1.801,0.296,0.009,0.000,-0.002,0.000,0.000,0.000,0.00,15.0,OK
1787114264.273,DONE,5,-99.00,0.00,-0.08,-0.23,1500,1500,0.00,4.473,-7.632,-150.28,0.226,-1.736,9.640,0.001,0.003,-0.014,-9.639,-1.801,0.312,0.008,-0.000,0.001,0.000,0.000,0.000,0.00,15.0,OK
1787114264.322,DONE,5,-99.00,0.00,-0.08,-0.23,1500,1500,0.00,4.467,-7.635,-150.41,0.226,-1.736,9.640,0.001,0.003,-0.014,-9.644,-1.810,0.305,0.010,-0.004,-0.002,0.000,0.000,0.000,0.00,15.0,OK
1787114264.373,DONE,5,-99.00,0.00,-0.08,-0.23,1500,1500,0.00,4.459,-7.655,-151.74,0.226,-1.736,9.640,0.001,0.003,-0.014,-9.637,-1.789,0.291,0.008,0.002,0.001,0.000,0.000,0.000,0.00,15.0,OK
1787114264.423,DONE,5,-99.00,0.00,-0.08,-0.23,1500,1500,0.00,4.459,-7.655,-151.74,0.226,-1.726,9.640,0.001,0.001,-0.016,-9.637,-1.803,0.315,0.009,0.001,0.001,0.000,0.000,0.000,0.00,15.0,OK
1787114264.474,DONE,5,-99.00,0.00,-0.08,-0.23,1500,1500,0.00,4.453,-7.661,-151.79,0.226,-1.726,9.640,0.001,0.001,-0.016,-9.623,-1.801,0.329,0.009,-0.001,0.002,0.000,0.000,0.000,0.00,15.0,OK
1787114264.523,DONE,5,-99.00,0.00,-0.08,-0.23,1500,1500,0.00,4.447,-7.668,-152.17,0.226,-1.726,9.640,0.001,0.001,-0.016,-9.644,-1.791,0.327,0.008,-0.001,-0.001,0.000,0.000,0.000,0.00,15.0,OK
1787114264.573,DONE,5,-99.00,0.00,-0.08,-0.23,1500,1500,0.00,4.436,-7.677,-152.66,0.226,-1.726,9.640,0.001,0.001,-0.016,-9.620,-1.796,0.317,0.007,-0.001,0.000,0.000,0.000,0.000,0.00,15.0,OK
1787114264.623,DONE,5,-99.00,0.00,-0.08,-0.23,1500,1500,0.00,4.436,-7.677,-152.66,0.226,-1.726,9.640,0.001,0.001,-0.016,-9.632,-1.798,0.315,0.009,-0.001,0.003,0.000,0.000,0.000,0.00,15.0,OK
1787114264.673,DONE,5,-100.00,0.00,-0.08,-0.23,1500,1500,0.00,4.437,-7.679,-151.61,0.235,-1.726,9.630,0.001,0.001,-0.017,-9.632,-1.798,0.317,0.007,-0.001,-0.001,0.000,0.000,0.000,0.00,15.0,OK
1787114264.723,DONE,5,-100.00,0.00,-0.08,-0.23,1500,1500,0.00,4.432,-7.682,-152.16,0.235,-1.726,9.630,0.001,0.001,-0.017,-9.625,-1.801,0.315,0.009,-0.000,0.001,0.000,0.000,0.000,0.00,15.0,OK
1787114264.773,DONE,5,-100.00,0.00,-0.08,-0.23,1500,1500,0.00,4.436,-7.683,-151.39,0.235,-1.726,9.630,0.001,0.001,-0.017,-9.649,-1.796,0.317,0.010,0.001,0.003,0.000,0.000,0.000,0.00,15.0,OK
1787114264.823,DONE,5,-100.00,0.00,-0.08,-0.23,1500,1500,0.00,4.436,-7.683,-151.39,0.235,-1.726,9.630,0.001,0.001,-0.017,-9.632,-1.796,0.320,0.009,0.000,0.002,0.000,0.000,0.000,0.00,15.0,OK
1787114264.873,DONE,5,-100.00,0.00,-0.08,-0.23,1500,1500,0.00,4.436,-7.683,-151.65,0.235,-1.726,9.630,0.001,0.001,-0.017,-9.634,-1.796,0.343,0.007,0.003,0.005,0.000,0.000,0.000,0.00,15.0,OK
1787114264.923,DONE,5,-100.00,0.00,-0.08,-0.23,1500,1500,0.00,4.436,-7.681,-151.62,0.235,-1.736,9.640,0.005,0.002,-0.018,-9.630,-1.784,0.331,0.009,0.003,0.006,0.000,0.000,0.000,0.00,15.0,OK
1787114264.973,DONE,5,-100.00,0.00,-0.08,-0.23,1500,1500,0.00,4.430,-7.686,-152.40,0.235,-1.736,9.640,0.005,0.002,-0.018,-9.629,-1.782,0.325,0.008,0.002,0.006,0.000,0.000,0.000,0.00,15.0,OK
1787114265.023,DONE,5,-100.00,0.00,-0.08,-0.23,1500,1500,0.00,4.430,-7.686,-152.40,0.235,-1.736,9.640,0.005,0.002,-0.018,-9.620,-1.769,0.303,0.007,0.002,0.005,0.000,0.000,0.000,0.00,15.0,OK
1787114265.073,DONE,5,-100.00,0.00,-0.08,-0.23,1500,1500,0.00,4.426,-7.684,-151.42,0.235,-1.736,9.640,0.005,0.002,-0.018,-9.625,-1.786,0.317,0.006,0.000,0.004,0.000,0.000,0.000,0.00,15.0,OK
1787114265.123,DONE,5,-100.00,0.00,-0.08,-0.23,1500,1500,0.00,4.413,-7.673,-149.42,0.235,-1.736,9.640,0.005,0.002,-0.018,-9.661,-1.775,0.310,0.008,0.002,0.006,0.000,0.000,0.000,0.00,15.0,OK
1787114265.173,DONE,5,-101.00,0.00,-0.08,-0.23,1500,1500,0.00,4.407,-7.677,-149.91,0.235,-1.726,9.640,0.005,0.003,-0.018,-9.644,-1.775,0.317,0.006,0.002,0.006,0.000,0.000,0.000,0.00,15.0,OK
1787114265.223,DONE,5,-101.00,0.00,-0.08,-0.23,1500,1500,0.00,4.407,-7.677,-149.91,0.235,-1.726,9.640,0.005,0.003,-0.018,-9.627,-1.786,0.324,0.005,-0.000,0.003,0.000,0.000,0.000,0.00,15.0,OK
1787114265.273,DONE,5,-101.00,0.00,-0.08,-0.23,1500,1500,0.00,4.402,-7.678,-149.94,0.235,-1.726,9.640,0.005,0.003,-0.018,-9.627,-1.772,0.322,0.009,0.000,0.000,0.000,0.000,0.000,0.00,15.0,OK
1787114265.323,DONE,5,-101.00,0.00,-0.08,-0.23,1500,1500,0.00,4.397,-7.694,-150.53,0.235,-1.726,9.640,0.005,0.003,-0.018,-9.630,-1.767,0.322,0.008,0.002,-0.002,0.000,0.000,0.000,0.00,15.0,OK
1787114265.373,DONE,5,-101.00,0.00,-0.08,-0.23,1500,1500,0.00,4.391,-7.699,-150.75,0.235,-1.726,9.640,0.005,0.003,-0.018,-9.637,-1.772,0.310,0.008,0.001,0.001,0.000,0.000,0.000,0.00,15.0,OK
1787114265.422,DONE,5,-102.00,0.00,-0.08,-0.23,1500,1500,0.00,4.385,-7.708,-151.34,0.226,-1.706,9.640,-0.001,0.002,-0.019,-9.623,-1.765,0.327,0.007,0.001,-0.001,0.000,0.000,0.000,0.00,15.0,OK
1787114265.472,DONE,5,-102.00,0.00,-0.08,-0.23,1500,1500,0.00,4.385,-7.708,-151.34,0.226,-1.706,9.640,-0.001,0.002,-0.019,-9.618,-1.772,0.324,0.007,0.002,-0.004,0.000,0.000,0.000,0.00,15.0,OK
1787114265.523,DONE,5,-102.00,0.00,-0.08,-0.23,1500,1500,0.00,4.382,-7.718,-151.86,0.226,-1.706,9.640,-0.001,0.002,-0.019,-9.646,-1.765,0.334,0.009,0.002,-0.001,0.000,0.000,0.000,0.00,15.0,OK
1787114265.573,DONE,5,-102.00,0.00,-0.08,-0.23,1500,1500,0.00,4.381,-7.725,-151.93,0.226,-1.706,9.640,-0.001,0.002,-0.019,-9.630,-1.777,0.319,0.009,0.003,-0.004,0.000,0.000,0.000,0.00,15.0,OK
1787114265.623,DONE,5,-102.00,0.00,-0.08,-0.23,1500,1500,0.00,4.381,-7.725,-151.93,0.226,-1.706,9.640,-0.001,0.002,-0.019,-9.627,-1.789,0.327,0.008,0.001,-0.003,0.000,0.000,0.000,0.00,15.0,OK
1787114265.673,DONE,5,-102.00,0.00,-0.08,-0.23,1500,1500,0.00,4.383,-7.730,-152.34,0.235,-1.706,9.640,-0.002,0.004,-0.019,-9.615,-1.784,0.324,0.009,0.003,-0.004,0.000,0.000,0.000,0.00,15.0,OK
1787114265.723,DONE,5,-102.00,0.00,-0.08,-0.23,1500,1500,0.00,4.385,-7.733,-153.37,0.235,-1.706,9.640,-0.002,0.004,-0.019,-9.642,-1.772,0.332,0.010,0.005,-0.003,0.000,0.000,0.000,0.00,15.0,OK
1787114265.773,DONE,5,-102.00,0.00,-0.08,-0.23,1500,1500,0.00,4.384,-7.737,-153.78,0.235,-1.706,9.640,-0.002,0.004,-0.019,-9.635,-1.777,0.319,0.013,0.001,-0.002,0.000,0.000,0.000,0.00,15.0,OK
1787114265.823,DONE,5,-102.00,0.00,-0.08,-0.23,1500,1500,0.00,4.384,-7.737,-153.78,0.235,-1.706,9.640,-0.002,0.004,-0.019,-9.637,-1.782,0.315,0.011,0.002,-0.000,0.000,0.000,0.000,0.00,15.0,OK
1787114265.873,DONE,5,-102.00,0.00,-0.08,-0.23,1500,1500,0.00,4.382,-7.740,-153.70,0.235,-1.706,9.640,-0.002,0.004,-0.019,-9.632,-1.786,0.317,0.009,0.006,-0.001,0.000,0.000,0.000,0.00,15.0,OK
1787114265.923,DONE,5,-103.00,0.00,-0.08,-0.23,1500,1500,0.00,4.372,-7.734,-152.48,0.245,-1.697,9.640,-0.001,0.005,-0.022,-9.637,-1.779,0.312,0.010,0.002,-0.000,0.000,0.000,0.000,0.00,15.2,OK
1787114265.972,DONE,5,-103.00,0.00,-0.08,-0.23,1500,1500,0.00,4.363,-7.733,-152.05,0.245,-1.697,9.640,-0.001,0.005,-0.022,-9.637,-1.786,0.325,0.009,0.004,0.001,0.000,0.000,0.000,0.00,15.2,OK
1787114266.023,DONE,5,-103.00,0.00,-0.08,-0.23,1500,1500,0.00,4.363,-7.733,-152.05,0.245,-1.697,9.640,-0.001,0.005,-0.022,-9.642,-1.782,0.320,0.010,0.003,0.000,0.000,0.000,0.000,0.00,15.2,OK
1787114266.073,DONE,5,-103.00,0.00,-0.08,-0.23,1500,1500,0.00,4.358,-7.737,-152.31,0.245,-1.697,9.640,-0.001,0.005,-0.022,-9.644,-1.786,0.329,0.010,0.002,-0.001,0.000,0.000,0.000,0.00,15.2,OK
1787114266.123,DONE,5,-103.00,0.00,-0.08,-0.23,1500,1500,0.00,4.354,-7.743,-152.76,0.245,-1.697,9.640,-0.001,0.005,-0.022,-9.644,-1.794,0.334,0.012,0.001,-0.001,0.000,0.000,0.000,0.00,15.2,OK
1787114266.173,DONE,5,-103.00,0.00,-0.08,-0.23,1500,1500,0.00,4.350,-7.744,-152.45,0.235,-1.716,9.640,0.000,0.004,-0.023,-9.647,-1.782,0.317,0.011,0.003,0.000,0.000,0.000,0.000,0.00,15.2,OK
1787114266.223,DONE,5,-103.00,0.00,-0.08,-0.23,1500,1500,0.00,4.350,-7.744,-152.45,0.235,-1.716,9.640,0.000,0.004,-0.023,-9.647,-1.779,0.322,0.010,0.000,-0.000,0.000,0.000,0.000,0.00,15.2,OK
1787114266.273,DONE,5,-103.00,0.00,-0.08,-0.23,1500,1500,0.00,4.344,-7.747,-152.62,0.235,-1.716,9.640,0.000,0.004,-0.023,-9.618,-1.791,0.332,0.013,0.002,-0.002,0.000,0.000,0.000,0.00,15.2,OK
1787114266.323,DONE,5,-103.00,0.00,-0.08,-0.23,1500,1500,0.00,4.336,-7.751,-152.76,0.235,-1.716,9.640,0.000,0.004,-0.023,-9.630,-1.786,0.319,0.015,0.000,-0.002,0.000,0.000,0.000,0.00,15.2,OK
1787114266.372,DONE,5,-103.00,0.00,-0.08,-0.23,1500,1500,0.00,4.332,-7.754,-152.43,0.235,-1.716,9.640,0.000,0.004,-0.023,-9.640,-1.784,0.317,0.012,0.000,-0.002,0.000,0.000,0.000,0.00,15.2,OK
1787114266.423,DONE,5,-104.00,0.00,-0.08,-0.23,1500,1500,0.00,4.332,-7.754,-152.43,0.235,-1.716,9.640,-0.002,0.001,-0.024,-9.625,-1.779,0.334,0.012,-0.002,-0.004,0.000,0.000,0.000,0.00,15.2,OK
1787114266.473,DONE,5,-104.00,0.00,-0.08,-0.23,1500,1500,0.00,4.328,-7.758,-152.60,0.235,-1.716,9.640,-0.002,0.001,-0.024,-9.632,-1.779,0.329,0.012,0.002,-0.001,0.000,0.000,0.000,0.00,15.2,OK
1787114266.523,DONE,5,-104.00,0.00,-0.08,-0.23,1500,1500,0.00,4.324,-7.758,-152.21,0.235,-1.716,9.640,-0.002,0.001,-0.024,-9.632,-1.786,0.329,0.012,0.002,-0.001,0.000,0.000,0.000,0.00,15.2,OK
1787114266.573,DONE,5,-104.00,0.00,-0.08,-0.23,1500,1500,0.00,4.317,-7.760,-152.18,0.235,-1.716,9.640,-0.002,0.001,-0.024,-9.622,-1.796,0.324,0.010,-0.001,-0.001,0.000,0.000,0.000,0.00,15.2,OK
1787114266.623,DONE,5,-104.00,0.00,-0.08,-0.23,1500,1500,0.00,4.317,-7.760,-152.18,0.235,-1.716,9.640,-0.002,0.001,-0.024,-9.632,-1.782,0.325,0.014,0.002,-0.001,0.000,0.000,0.000,0.00,15.2,OK
1787114266.673,DONE,5,-105.00,0.00,-0.08,-0.23,1500,1500,0.00,4.311,-7.772,-154.06,0.226,-1.716,9.640,-0.002,0.003,-0.025,-9.630,-1.784,0.332,0.014,0.001,-0.000,0.000,0.000,0.000,0.00,15.2,OK
1787114266.723,DONE,5,-105.00,0.00,-0.08,-0.23,1500,1500,0.00,4.314,-7.792,-156.32,0.226,-1.716,9.640,-0.002,0.003,-0.025,-9.637,-1.796,0.331,0.012,0.002,-0.001,0.000,0.000,0.000,0.00,15.2,OK
1787114266.773,DONE,5,-105.00,0.00,-0.08,-0.23,1500,1500,0.00,4.311,-7.798,-156.56,0.226,-1.716,9.640,-0.002,0.003,-0.025,-9.639,-1.791,0.310,0.014,0.004,-0.001,0.000,0.000,0.000,0.00,15.2,OK
1787114266.823,DONE,5,-105.00,0.00,-0.08,-0.23,1500,1500,0.00,4.311,-7.798,-156.56,0.226,-1.716,9.640,-0.002,0.003,-0.025,-9.630,-1.791,0.322,0.015,0.003,-0.002,0.000,0.000,0.000,0.00,15.2,OK
1787114266.872,DONE,5,-105.00,0.00,-0.08,-0.23,1500,1500,0.00,4.309,-7.802,-155.98,0.226,-1.716,9.640,-0.002,0.003,-0.025,-9.632,-1.796,0.329,0.013,0.002,-0.002,0.000,0.000,0.000,0.00,15.2,OK
1787114266.922,DONE,5,-105.00,0.00,-0.08,-0.23,1500,1500,0.00,4.304,-7.801,-155.86,0.235,-1.726,9.650,-0.002,0.005,-0.028,-9.630,-1.779,0.324,0.012,0.005,-0.001,0.000,0.000,0.000,0.00,15.2,OK
1787114266.973,DONE,5,-105.00,0.00,-0.08,-0.23,1500,1500,0.00,4.300,-7.802,-155.38,0.235,-1.726,9.650,-0.002,0.005,-0.028,-9.635,-1.789,0.322,0.013,0.004,-0.003,0.000,0.000,0.000,0.00,15.2,OK
1787114267.023,DONE,5,-105.00,0.00,-0.08,-0.23,1500,1500,0.00,4.300,-7.802,-155.38,0.235,-1.726,9.650,-0.002,0.005,-0.028,-9.627,-1.784,0.320,0.013,0.001,-0.001,0.000,0.000,0.000,0.00,15.2,OK
1787114267.073,DONE,5,-105.00,0.00,-0.08,-0.23,1500,1500,0.00,4.294,-7.806,-155.93,0.235,-1.726,9.650,-0.002,0.005,-0.028,-9.604,-1.774,0.322,0.011,0.005,-0.001,0.000,0.000,0.000,0.00,15.2,OK
1787114267.123,DONE,5,-105.00,0.00,-0.08,-0.23,1500,1500,0.00,4.290,-7.810,-156.23,0.235,-1.726,9.650,-0.002,0.005,-0.028,-9.625,-1.786,0.320,0.010,0.005,0.001,0.000,0.000,0.000,0.00,15.2,OK
1787114267.173,DONE,5,-106.00,0.00,-0.08,-0.23,1500,1500,0.00,4.285,-7.812,-155.90,0.245,-1.726,9.650,0.000,0.005,-0.026,-9.630,-1.777,0.324,0.011,0.003,0.003,0.000,0.000,0.000,0.00,15.2,OK
1787114267.223,DONE,5,-106.00,0.00,-0.08,-0.23,1500,1500,0.00,4.285,-7.812,-155.90,0.245,-1.726,9.650,0.000,0.005,-0.026,-9.618,-1.786,0.322,0.011,0.001,-0.002,0.000,0.000,0.000,0.00,15.2,OK
1787114267.272,DONE,5,-106.00,0.00,-0.08,-0.23,1500,1500,0.00,4.281,-7.815,-156.06,0.245,-1.726,9.650,0.000,0.005,-0.026,-9.618,-1.803,0.312,0.010,0.004,0.001,0.000,0.000,0.000,0.00,15.2,OK
1787114267.322,DONE,5,-106.00,0.00,-0.08,-0.23,1500,1500,0.00,4.278,-7.817,-156.07,0.245,-1.726,9.650,0.000,0.005,-0.026,-9.632,-1.784,0.327,0.011,0.002,-0.001,0.000,0.000,0.000,0.00,15.2,OK
1787114267.373,DONE,5,-106.00,0.00,-0.08,-0.23,1500,1500,0.00,4.273,-7.821,-156.48,0.245,-1.726,9.650,0.000,0.005,-0.026,-9.627,-1.793,0.315,0.012,0.004,-0.002,0.000,0.000,0.000,0.00,15.2,OK
1787114267.423,DONE,5,-107.00,0.00,-0.08,-0.23,1500,1500,0.00,4.273,-7.821,-156.48,0.235,-1.716,9.650,-0.003,0.005,-0.027,-9.634,-1.801,0.324,0.014,0.002,-0.005,0.000,0.000,0.000,0.00,15.2,OK
1787114267.474,DONE,5,-107.00,0.00,-0.08,-0.23,1500,1500,0.00,4.268,-7.824,-156.53,0.235,-1.716,9.650,-0.003,0.005,-0.027,-9.620,-1.798,0.322,0.012,0.001,-0.004,0.000,0.000,0.000,0.00,15.2,OK
1787114267.523,DONE,5,-107.00,0.00,-0.08,-0.23,1500,1500,0.00,4.265,-7.829,-156.96,0.235,-1.716,9.650,-0.003,0.005,-0.027,-9.623,-1.796,0.310,0.010,0.002,-0.004,0.000,0.000,0.000,0.00,15.2,OK
1787114267.573,DONE,5,-107.00,0.00,-0.08,-0.23,1500,1500,0.00,4.259,-7.836,-157.66,0.235,-1.716,9.650,-0.003,0.005,-0.027,-9.637,-1.791,0.320,0.015,0.002,-0.005,0.000,0.000,0.000,0.00,15.2,OK
1787114267.623,DONE,5,-107.00,0.00,-0.08,-0.23,1500,1500,0.00,4.259,-7.836,-157.66,0.235,-1.716,9.650,-0.003,0.005,-0.027,-9.649,-1.801,0.329,0.010,0.003,-0.004,0.000,0.000,0.000,0.00,15.2,OK
1787114267.673,DONE,5,-107.00,0.00,-0.08,-0.23,1500,1500,0.00,4.257,-7.841,-157.78,0.226,-1.736,9.630,-0.005,0.004,-0.029,-9.625,-1.789,0.332,0.012,0.000,-0.004,0.000,0.000,0.000,0.00,15.2,OK
1787114267.723,DONE,5,-107.00,0.00,-0.08,-0.23,1500,1500,0.00,4.247,-7.847,-158.46,0.226,-1.736,9.630,-0.005,0.004,-0.029,-9.618,-1.805,0.310,0.012,-0.001,-0.006,0.000,0.000,0.000,0.00,15.2,OK
1787114267.773,DONE,5,-107.00,0.00,-0.08,-0.23,1500,1500,0.00,4.254,-7.847,-157.40,0.226,-1.736,9.630,-0.005,0.004,-0.029,-9.630,-1.803,0.320,0.012,0.001,-0.003,0.000,0.000,0.000,0.00,15.2,OK
1787114267.823,DONE,5,-107.00,0.00,-0.08,-0.23,1500,1500,0.00,4.254,-7.847,-157.40,0.226,-1.736,9.630,-0.005,0.004,-0.029,-9.625,-1.803,0.310,0.013,0.002,-0.002,0.000,0.000,0.000,0.00,15.2,OK
1787114267.873,DONE,5,-107.00,0.00,-0.08,-0.23,1500,1500,0.00,4.254,-7.849,-159.57,0.226,-1.736,9.630,-0.005,0.004,-0.029,-9.634,-1.801,0.322,0.011,0.003,0.002,0.000,0.000,0.000,0.00,15.2,OK
1787114267.923,DONE,5,-108.00,0.00,-0.08,-0.23,1500,1500,0.00,4.239,-7.865,-160.40,0.235,-1.736,9.640,-0.001,0.005,-0.028,-9.632,-1.805,0.336,0.014,-0.001,0.001,0.000,0.000,0.000,0.00,15.2,OK
1787114267.973,DONE,5,-108.00,0.00,-0.08,-0.23,1500,1500,0.00,4.237,-7.869,-159.88,0.235,-1.736,9.640,-0.001,0.005,-0.028,-9.618,-1.817,0.322,0.013,0.005,0.003,0.000,0.000,0.000,0.00,15.2,OK
1787114268.022,DONE,5,-108.00,0.00,-0.08,-0.23,1500,1500,0.00,4.237,-7.869,-159.88,0.235,-1.736,9.640,-0.001,0.005,-0.028,-9.618,-1.803,0.317,0.010,0.004,0.003,0.000,0.000,0.000,0.00,14.3,OK
1787114268.073,DONE,5,-108.00,0.00,-0.08,-0.23,1500,1500,0.00,4.235,-7.872,-160.05,0.235,-1.736,9.640,-0.001,0.005,-0.028,-9.620,-1.820,0.315,0.008,0.002,0.003,0.000,0.000,0.000,0.00,14.3,OK
1787114268.123,DONE,5,-108.00,0.00,-0.08,-0.23,1500,1500,0.00,4.234,-7.874,-160.18,0.235,-1.736,9.640,-0.001,0.005,-0.028,-9.613,-1.820,0.315,0.009,0.003,0.006,0.000,0.000,0.000,0.00,14.3,OK
1787114268.173,DONE,5,-109.00,0.00,-0.08,-0.23,1500,1500,0.00,4.228,-7.880,-161.15,0.245,-1.736,9.640,0.004,0.006,-0.027,-9.625,-1.808,0.324,0.007,0.003,0.003,0.000,0.000,0.000,0.00,14.3,OK
1787114268.223,DONE,5,-109.00,0.00,-0.08,-0.23,1500,1500,0.00,4.228,-7.880,-161.15,0.245,-1.736,9.640,0.004,0.006,-0.027,-9.627,-1.798,0.322,0.008,0.005,0.003,0.000,0.000,0.000,0.00,14.3,OK
1787114268.274,DONE,5,-109.00,0.00,-0.08,-0.23,1500,1500,0.00,4.223,-7.885,-161.14,0.245,-1.736,9.640,0.004,0.006,-0.027,-9.635,-1.798,0.320,0.009,0.003,0.004,0.000,0.000,0.000,0.00,14.3,OK
1787114268.323,DONE,5,-109.00,0.00,-0.08,-0.23,1500,1500,0.00,4.217,-7.889,-161.24,0.245,-1.736,9.640,0.004,0.006,-0.027,-9.620,-1.796,0.317,0.010,0.005,0.001,0.000,0.000,0.000,0.00,14.3,OK
1787114268.372,DONE,5,-109.00,0.00,-0.08,-0.23,1500,1500,0.00,4.212,-7.893,-161.43,0.245,-1.736,9.640,0.004,0.006,-0.027,-9.632,-1.810,0.320,0.007,0.001,-0.004,0.000,0.000,0.000,0.00,14.3,OK
1787114268.423,DONE,5,-110.00,0.00,-0.08,-0.23,1500,1500,0.00,4.212,-7.893,-161.43,0.226,-1.746,9.640,-0.002,0.005,-0.028,-9.627,-1.803,0.315,0.012,0.005,-0.003,0.000,0.000,0.000,0.00,14.3,OK
1787114268.473,DONE,5,-110.00,0.00,-0.08,-0.23,1500,1500,0.00,4.207,-7.895,-161.23,0.226,-1.746,9.640,-0.002,0.005,-0.028,-9.647,-1.794,0.317,0.010,-0.001,-0.005,0.000,0.000,0.000,0.00,14.3,OK
1787114268.523,DONE,5,-110.00,0.00,-0.08,-0.23,1500,1500,0.00,4.203,-7.896,-161.22,0.226,-1.746,9.640,-0.002,0.005,-0.028,-9.630,-1.796,0.315,0.011,-0.002,-0.006,0.000,0.000,0.000,0.00,14.3,OK
1787114268.573,DONE,5,-110.00,0.00,-0.08,-0.23,1500,1500,0.00,4.201,-7.898,-161.31,0.226,-1.746,9.640,-0.002,0.005,-0.028,-9.630,-1.805,0.317,0.008,-0.001,-0.004,0.000,0.000,0.000,0.00,14.3,OK
1787114268.623,DONE,5,-110.00,0.00,-0.08,-0.23,1500,1500,0.00,4.201,-7.898,-161.31,0.226,-1.746,9.640,-0.002,0.005,-0.028,-9.618,-1.810,0.310,0.013,0.001,-0.003,0.000,0.000,0.000,0.00,14.3,OK
1787114268.673,DONE,5,-110.00,0.00,-0.08,-0.23,1500,1500,0.00,4.196,-7.903,-161.98,0.235,-1.736,9.640,-0.004,0.003,-0.029,-9.630,-1.801,0.324,0.007,0.002,-0.003,0.000,0.000,0.000,0.00,14.3,OK
1787114268.723,DONE,5,-110.00,0.00,-0.08,-0.23,1500,1500,0.00,4.189,-7.908,-162.30,0.235,-1.736,9.640,-0.004,0.003,-0.029,-9.646,-1.791,0.317,0.011,-0.001,-0.001,0.000,0.000,0.000,0.00,14.3,OK
1787114268.773,DONE,5,-110.00,0.00,-0.08,-0.23,1500,1500,0.00,4.184,-7.911,-162.26,0.235,-1.736,9.640,-0.004,0.003,-0.029,-9.632,-1.808,0.322,0.009,-0.001,0.001,0.000,0.000,0.000,0.00,14.3,OK
1787114268.823,DONE,5,-110.00,0.00,-0.08,-0.23,1500,1500,0.00,4.184,-7.911,-162.26,0.235,-1.736,9.640,-0.004,0.003,-0.029,-9.637,-1.798,0.324,0.008,-0.001,0.004,0.000,0.000,0.000,0.00,14.3,OK
1787114268.873,DONE,5,-110.00,0.00,-0.08,-0.23,1500,1500,0.00,4.179,-7.915,-162.41,0.235,-1.736,9.640,-0.004,0.003,-0.029,-9.623,-1.805,0.324,0.007,0.000,0.005,0.000,0.000,0.000,0.00,14.3,OK
1787114268.923,DONE,5,-111.00,0.00,-0.08,-0.23,1500,1500,0.00,4.173,-7.921,-162.88,0.235,-1.736,9.650,0.002,0.004,-0.026,-9.618,-1.810,0.319,0.006,0.005,0.001,0.000,0.000,0.000,0.00,14.3,OK
1787114268.973,DONE,5,-111.00,0.00,-0.08,-0.23,1500,1500,0.00,4.171,-7.922,-162.32,0.235,-1.736,9.650,0.002,0.004,-0.026,-9.627,-1.822,0.334,0.009,0.002,0.002,0.000,0.000,0.000,0.00,14.3,OK
1787114269.023,DONE,5,-111.00,0.00,-0.08,-0.23,1500,1500,0.00,4.171,-7.922,-162.32,0.235,-1.736,9.650,0.002,0.004,-0.026,-9.611,-1.803,0.322,0.008,0.003,0.004,0.000,0.000,0.000,0.00,15.0,OK
1787114269.073,DONE,5,-111.00,0.00,-0.08,-0.23,1500,1500,0.00,4.167,-7.925,-162.71,0.235,-1.736,9.650,0.002,0.004,-0.026,-9.618,-1.793,0.320,0.005,0.004,0.005,0.000,0.000,0.000,0.00,15.0,OK
1787114269.122,DONE,5,-111.00,0.00,-0.08,-0.23,1500,1500,0.00,4.162,-7.928,-162.97,0.235,-1.736,9.650,0.002,0.004,-0.026,-9.611,-1.788,0.317,0.008,0.004,0.002,0.000,0.000,0.000,0.00,15.0,OK
1787114269.173,DONE,5,-112.00,0.00,-0.08,-0.23,1500,1500,0.00,4.159,-7.929,-162.65,0.235,-1.746,9.640,0.000,0.007,-0.027,-9.611,-1.791,0.312,0.008,0.002,0.001,0.000,0.000,0.000,0.00,15.0,OK
1787114269.222,DONE,5,-112.00,0.00,-0.08,-0.23,1500,1500,0.00,4.159,-7.929,-162.65,0.235,-1.746,9.640,0.000,0.007,-0.027,-9.646,-1.803,0.312,0.008,0.002,-0.000,0.000,0.000,0.000,0.00,15.0,OK
1787114269.273,DONE,5,-112.00,0.00,-0.08,-0.23,1500,1500,0.00,4.153,-7.931,-162.90,0.235,-1.746,9.640,0.000,0.007,-0.027,-9.637,-1.796,0.319,0.008,0.002,0.001,0.000,0.000,0.000,0.00,15.0,OK
1787114269.323,DONE,5,-112.00,0.00,-0.08,-0.23,1500,1500,0.00,4.146,-7.937,-163.39,0.235,-1.746,9.640,0.000,0.007,-0.027,-9.637,-1.789,0.322,0.009,0.003,0.001,0.000,0.000,0.000,0.00,15.0,OK
1787114269.373,DONE,5,-112.00,0.00,-0.08,-0.23,1500,1500,0.00,4.143,-7.941,-163.54,0.235,-1.746,9.640,0.000,0.007,-0.027,-9.625,-1.791,0.317,0.007,0.003,-0.001,0.000,0.000,0.000,0.00,15.0,OK
1787114269.423,DONE,5,-112.00,0.00,-0.08,-0.23,1500,1500,0.00,4.143,-7.941,-163.54,0.235,-1.736,9.640,0.000,0.004,-0.028,-9.632,-1.794,0.315,0.007,-0.001,0.003,0.000,0.000,0.000,0.00,15.0,OK
1787114269.473,DONE,5,-112.00,0.00,-0.08,-0.23,1500,1500,0.00,4.141,-7.942,-163.28,0.235,-1.736,9.640,0.000,0.004,-0.028,-9.639,-1.801,0.320,0.007,0.003,0.001,0.000,0.000,0.000,0.00,15.0,OK
1787114269.523,DONE,5,-112.00,0.00,-0.08,-0.23,1500,1500,0.00,4.133,-7.946,-163.95,0.235,-1.736,9.640,0.000,0.004,-0.028,-9.637,-1.808,0.312,0.009,-0.001,0.004,0.000,0.000,0.000,0.00,15.0,OK
1787114269.573,DONE,5,-112.00,0.00,-0.08,-0.23,1500,1500,0.00,4.131,-7.947,-163.21,0.235,-1.736,9.640,0.000,0.004,-0.028,-9.646,-1.796,0.322,0.003,-0.000,0.003,0.000,0.000,0.000,0.00,15.0,OK
1787114269.623,DONE,5,-112.00,0.00,-0.08,-0.23,1500,1500,0.00,4.131,-7.947,-163.21,0.235,-1.736,9.640,0.000,0.004,-0.028,-9.630,-1.781,0.300,0.006,-0.001,0.000,0.000,0.000,0.000,0.00,15.0,OK
1787114269.673,DONE,5,-113.00,0.00,-0.08,-0.23,1500,1500,0.00,4.127,-7.946,-163.07,0.235,-1.746,9.630,0.002,0.002,-0.026,-9.630,-1.789,0.310,0.005,-0.001,0.003,0.000,0.000,0.000,0.00,15.0,OK
1787114269.724,DONE,5,-113.00,0.00,-0.08,-0.23,1500,1500,0.00,4.123,-7.949,-163.44,0.235,-1.746,9.630,0.002,0.002,-0.026,-9.618,-1.796,0.329,0.007,-0.001,0.005,0.000,0.000,0.000,0.00,15.0,OK
1787114269.773,DONE,5,-113.00,0.00,-0.08,-0.23,1500,1500,0.00,4.117,-7.953,-163.93,0.235,-1.746,9.630,0.002,0.002,-0.026,-9.623,-1.793,0.324,0.005,-0.000,0.003,0.000,0.000,0.000,0.00,15.0,OK
1787114269.823,DONE,5,-113.00,0.00,-0.08,-0.23,1500,1500,0.00,4.117,-7.953,-163.93,0.235,-1.746,9.630,0.002,0.002,-0.026,-9.632,-1.786,0.325,0.006,0.003,-0.000,0.000,0.000,0.000,0.00,15.0,OK
1787114269.873,DONE,5,-113.00,0.00,-0.08,-0.23,1500,1500,0.00,4.115,-7.952,-162.85,0.235,-1.746,9.630,0.002,0.002,-0.026,-9.632,-1.793,0.317,0.006,0.002,-0.002,0.000,0.000,0.000,0.00,15.0,OK
1787114269.922,DONE,5,-114.00,0.00,-0.08,-0.23,1500,1500,0.00,4.113,-7.951,-162.91,0.235,-1.746,9.640,-0.001,0.005,-0.026,-9.632,-1.796,0.322,0.007,0.000,0.001,0.000,0.000,0.000,0.00,15.0,OK
1787114269.972,DONE,5,-114.00,0.00,-0.08,-0.23,1500,1500,0.00,4.110,-7.952,-162.99,0.235,-1.746,9.640,-0.001,0.005,-0.026,-9.625,-1.793,0.324,0.007,0.002,0.002,0.000,0.000,0.000,0.00,15.0,OK
1787114270.023,DONE,5,-114.00,0.00,-0.08,-0.23,1500,1500,0.00,4.110,-7.952,-162.99,0.235,-1.746,9.640,-0.001,0.005,-0.026,-9.634,-1.774,0.336,0.007,0.002,-0.001,0.000,0.000,0.000,0.00,15.0,OK
1787114270.073,DONE,5,-114.00,0.00,-0.08,-0.23,1500,1500,0.00,4.106,-7.954,-163.20,0.235,-1.746,9.640,-0.001,0.005,-0.026,-9.623,-1.774,0.322,0.005,0.002,0.004,0.000,0.000,0.000,0.00,15.2,OK
1787114270.123,DONE,5,-114.00,0.00,-0.08,-0.23,1500,1500,0.00,4.103,-7.958,-163.46,0.235,-1.746,9.640,-0.001,0.005,-0.026,-9.649,-1.789,0.327,0.005,0.000,0.001,0.000,0.000,0.000,0.00,15.2,OK
1787114270.173,DONE,5,-114.00,0.00,-0.08,-0.23,1500,1500,0.00,4.098,-7.960,-163.57,0.245,-1.736,9.640,0.001,0.005,-0.027,-9.632,-1.786,0.322,0.005,0.001,-0.000,0.000,0.000,0.000,0.00,15.2,OK
1787114270.222,DONE,5,-114.00,0.00,-0.08,-0.23,1500,1500,0.00,4.098,-7.960,-163.57,0.245,-1.736,9.640,0.001,0.005,-0.027,-9.632,-1.779,0.320,0.006,-0.001,0.006,0.000,0.000,0.000,0.00,15.2,OK
1787114270.273,DONE,5,-114.00,0.00,-0.08,-0.23,1500,1500,0.00,4.096,-7.960,-162.89,0.245,-1.736,9.640,0.001,0.005,-0.027,-9.640,-1.782,0.334,0.003,0.000,0.002,0.000,0.000,0.000,0.00,15.2,OK
1787114270.323,DONE,5,-114.00,0.00,-0.08,-0.23,1500,1500,0.00,4.094,-7.959,-162.97,0.245,-1.736,9.640,0.001,0.005,-0.027,-9.637,-1.789,0.308,0.005,0.000,0.003,0.000,0.000,0.000,0.00,15.2,OK
1787114270.373,DONE,5,-114.00,0.00,-0.08,-0.23,1500,1500,0.00,4.090,-7.959,-162.97,0.245,-1.736,9.640,0.001,0.005,-0.027,-9.646,-1.779,0.327,0.002,-0.000,-0.000,0.000,0.000,0.000,0.00,15.2,OK
1787114270.423,DONE,5,-115.00,0.00,-0.08,-0.23,1500,1500,0.00,4.090,-7.959,-162.97,0.245,-1.726,9.640,0.001,0.004,-0.025,-9.639,-1.779,0.327,0.001,-0.001,0.001,0.000,0.000,0.000,0.00,15.2,OK
1787114270.473,DONE,5,-115.00,0.00,-0.08,-0.23,1500,1500,0.00,4.085,-7.963,-163.42,0.245,-1.726,9.640,0.001,0.004,-0.025,-9.646,-1.784,0.315,-0.000,-0.000,-0.001,0.000,0.000,0.000,0.00,15.2,OK
1787114270.523,DONE,5,-115.00,0.00,-0.08,-0.23,1500,1500,0.00,4.080,-7.964,-163.02,0.245,-1.726,9.640,0.001,0.004,-0.025,-9.639,-1.772,0.317,0.005,-0.001,-0.002,0.000,0.000,0.000,0.00,15.2,OK
1787114270.573,DONE,5,-115.00,0.00,-0.08,-0.23,1500,1500,0.00,4.074,-7.966,-162.94,0.245,-1.726,9.640,0.001,0.004,-0.025,-9.623,-1.784,0.322,0.004,-0.000,-0.001,0.000,0.000,0.000,0.00,15.2,OK
1787114270.623,DONE,5,-115.00,0.00,-0.08,-0.23,1500,1500,0.00,4.074,-7.966,-162.94,0.245,-1.726,9.640,0.001,0.004,-0.025,-9.630,-1.808,0.327,0.005,-0.002,-0.001,0.000,0.000,0.000,0.00,15.2,OK
1787114270.674,DONE,5,-116.00,0.00,-0.08,-0.23,1500,1500,0.00,4.069,-7.968,-163.00,0.245,-1.726,9.650,-0.003,0.003,-0.026,-9.620,-1.793,0.336,0.004,-0.001,-0.001,0.000,0.000,0.000,0.00,15.2,OK
1787114270.723,DONE,5,-116.00,0.00,-0.08,-0.23,1500,1500,0.00,4.066,-7.977,-164.09,0.245,-1.726,9.650,-0.003,0.003,-0.026,-9.615,-1.791,0.332,0.002,0.001,-0.002,0.000,0.000,0.000,0.00,15.2,OK
1787114270.773,DONE,5,-116.00,0.00,-0.08,-0.23,1500,1500,0.00,4.064,-7.978,-163.89,0.245,-1.726,9.650,-0.003,0.003,-0.026,-9.644,-1.784,0.317,0.004,-0.002,-0.000,0.000,0.000,0.000,0.00,15.2,OK
1787114270.823,DONE,5,-116.00,0.00,-0.08,-0.23,1500,1500,0.00,4.064,-7.978,-163.89,0.245,-1.726,9.650,-0.003,0.003,-0.026,-9.637,-1.779,0.324,0.003,0.002,0.002,0.000,0.000,0.000,0.00,15.2,OK
1787114270.873,DONE,5,-116.00,0.00,-0.08,-0.23,1500,1500,0.00,4.061,-7.980,-163.72,0.245,-1.726,9.650,-0.003,0.003,-0.026,-9.620,-1.779,0.329,0.002,-0.002,0.004,0.000,0.000,0.000,0.00,15.2,OK
1787114270.923,DONE,5,-116.00,0.00,-0.08,-0.23,1500,1500,0.00,4.051,-7.983,-164.09,0.235,-1.716,9.640,0.000,0.005,-0.025,-9.632,-1.777,0.315,0.002,0.002,0.003,0.000,0.000,0.000,0.00,15.2,OK
1787114270.973,DONE,5,-116.00,0.00,-0.08,-0.23,1500,1500,0.00,4.048,-7.984,-163.51,0.235,-1.716,9.640,0.000,0.005,-0.025,-9.632,-1.779,0.315,0.003,0.002,-0.001,0.000,0.000,0.000,0.00,15.2,OK
1787114271.023,DONE,5,-116.00,0.00,-0.08,-0.23,1500,1500,0.00,4.048,-7.984,-163.51,0.235,-1.716,9.640,0.000,0.005,-0.025,-9.635,-1.779,0.317,0.004,0.003,-0.001,0.000,0.000,0.000,0.00,15.2,OK
1787114271.073,DONE,5,-116.00,0.00,-0.08,-0.23,1500,1500,0.00,4.045,-7.984,-163.35,0.235,-1.716,9.640,0.000,0.005,-0.025,-9.625,-1.796,0.310,0.000,0.003,-0.002,0.000,0.000,0.000,0.00,15.2,OK
1787114271.123,DONE,5,-116.00,0.00,-0.08,-0.23,1500,1500,0.00,4.043,-7.984,-163.63,0.235,-1.716,9.640,0.000,0.005,-0.025,-9.649,-1.777,0.315,-0.001,0.004,-0.000,0.000,0.000,0.000,0.00,15.2,OK
1787114271.173,DONE,5,-117.00,0.00,-0.08,-0.23,1500,1500,0.00,4.040,-7.985,-163.74,0.226,-1.716,9.640,-0.000,0.005,-0.024,-9.632,-1.779,0.312,-0.001,0.002,0.001,0.000,0.000,0.000,0.00,15.2,OK
1787114271.223,DONE,5,-117.00,0.00,-0.08,-0.23,1500,1500,0.00,4.040,-7.985,-163.74,0.226,-1.716,9.640,-0.000,0.005,-0.024,-9.649,-1.796,0.320,-0.001,0.002,-0.001,0.000,0.000,0.000,0.00,15.2,OK
1787114271.273,DONE,5,-117.00,0.00,-0.08,-0.23,1500,1500,0.00,4.036,-7.990,-164.43,0.226,-1.716,9.640,-0.000,0.005,-0.024,-9.658,-1.791,0.327,-0.001,0.003,0.001,0.000,0.000,0.000,0.00,15.2,OK
1787114271.323,DONE,5,-117.00,0.00,-0.08,-0.23,1500,1500,0.00,4.033,-7.994,-164.67,0.226,-1.716,9.640,-0.000,0.005,-0.024,-9.649,-1.782,0.336,-0.000,0.001,0.002,0.000,0.000,0.000,0.00,15.2,OK
1787114271.373,DONE,5,-117.00,0.00,-0.08,-0.23,1500,1500,0.00,4.030,-7.997,-164.84,0.226,-1.716,9.640,-0.000,0.005,-0.024,-9.632,-1.786,0.329,0.001,0.002,0.002,0.000,0.000,0.000,0.00,15.2,OK
1787114271.423,DONE,5,-118.00,0.00,-0.08,-0.23,1500,1500,0.00,4.030,-7.997,-164.84,0.235,-1.726,9.650,-0.001,0.003,-0.023,-9.630,-1.782,0.312,-0.002,0.000,0.002,0.000,0.000,0.000,0.00,15.2,OK
1787114271.473,DONE,5,-118.00,0.00,-0.08,-0.23,1500,1500,0.00,4.025,-8.003,-165.81,0.235,-1.726,9.650,-0.001,0.003,-0.023,-9.649,-1.787,0.310,0.001,-0.000,-0.001,0.000,0.000,0.000,0.00,15.2,OK
1787114271.523,DONE,5,-118.00,0.00,-0.08,-0.23,1500,1500,0.00,4.022,-8.006,-165.71,0.235,-1.726,9.650,-0.001,0.003,-0.023,-9.634,-1.786,0.324,0.001,0.001,-0.003,0.000,0.000,0.000,0.00,15.2,OK
1787114271.573,DONE,5,-118.00,0.00,-0.08,-0.23,1500,1500,0.00,4.021,-8.007,-165.47,0.235,-1.726,9.650,-0.001,0.003,-0.023,-9.618,-1.784,0.324,-0.002,0.001,-0.002,0.000,0.000,0.000,0.00,15.2,OK
1787114271.623,DONE,5,-118.00,0.00,-0.08,-0.23,1500,1500,0.00,4.021,-8.007,-165.47,0.235,-1.726,9.650,-0.001,0.003,-0.023,-9.623,-1.772,0.339,-0.002,-0.000,0.001,0.000,0.000,0.000,0.00,15.2,OK
1787114271.673,DONE,5,-118.00,0.00,-0.08,-0.23,1500,1500,0.00,4.019,-8.009,-165.75,0.235,-1.716,9.640,-0.002,0.003,-0.023,-9.620,-1.793,0.322,-0.003,-0.003,-0.002,0.000,0.000,0.000,0.00,15.2,OK
1787114271.723,DONE,5,-118.00,0.00,-0.08,-0.23,1500,1500,0.00,4.018,-8.010,-165.84,0.235,-1.716,9.640,-0.002,0.003,-0.023,-9.629,-1.782,0.329,-0.003,-0.001,-0.001,0.000,0.000,0.000,0.00,15.2,OK
1787114271.773,DONE,5,-118.00,0.00,-0.08,-0.23,1500,1500,0.00,4.015,-8.011,-165.94,0.235,-1.716,9.640,-0.002,0.003,-0.023,-9.646,-1.784,0.332,-0.002,-0.002,-0.001,0.000,0.000,0.000,0.00,15.2,OK
1787114271.823,DONE,5,-118.00,0.00,-0.08,-0.23,1500,1500,0.00,4.015,-8.011,-165.94,0.235,-1.716,9.640,-0.002,0.003,-0.023,-9.642,-1.784,0.329,-0.004,0.001,-0.004,0.000,0.000,0.000,0.00,15.2,OK
1787114271.873,DONE,5,-118.00,0.00,-0.08,-0.23,1500,1500,0.00,4.011,-8.014,-166.28,0.235,-1.716,9.640,-0.002,0.003,-0.023,-9.637,-1.791,0.315,-0.004,-0.001,-0.001,0.000,0.000,0.000,0.00,15.2,OK
1787114271.923,DONE,5,-119.00,0.00,-0.09,-0.23,1500,1500,0.00,4.006,-8.016,-166.48,0.226,-1.726,9.640,-0.002,0.002,-0.019,-9.639,-1.791,0.327,-0.004,-0.001,-0.003,0.000,0.000,0.000,0.00,15.2,OK
1787114271.973,DONE,5,-119.00,0.00,-0.09,-0.23,1500,1500,0.00,4.002,-8.019,-166.47,0.226,-1.726,9.640,-0.002,0.002,-0.019,-9.630,-1.777,0.334,-0.004,-0.002,0.000,0.000,0.000,0.000,0.00,15.2,OK
1787114272.023,DONE,5,-119.00,0.00,-0.09,-0.23,1500,1500,0.00,4.002,-8.019,-166.47,0.226,-1.726,9.640,-0.002,0.002,-0.019,-9.634,-1.774,0.303,-0.003,-0.002,-0.003,0.000,0.000,0.000,0.00,15.2,OK
1787114272.073,DONE,5,-119.00,0.00,-0.09,-0.23,1500,1500,0.00,3.999,-8.022,-166.50,0.226,-1.726,9.640,-0.002,0.002,-0.019,-9.649,-1.772,0.308,-0.002,-0.003,0.000,0.000,0.000,0.000,0.00,15.2,OK
1787114272.122,DONE,5,-119.00,0.00,-0.09,-0.23,1500,1500,0.00,3.998,-8.022,-166.45,0.226,-1.726,9.640,-0.002,0.002,-0.019,-9.627,-1.779,0.332,-0.004,-0.001,-0.000,0.000,0.000,0.000,0.00,15.2,OK
1787114272.172,DONE,5,-120.00,0.00,-0.08,-0.23,1500,1500,0.00,3.995,-8.025,-166.73,0.245,-1.726,9.640,-0.002,0.003,-0.019,-9.625,-1.781,0.322,-0.004,0.000,-0.000,0.000,0.000,0.000,0.00,15.2,OK
1787114272.223,DONE,5,-120.00,0.00,-0.08,-0.23,1500,1500,0.00,3.995,-8.025,-166.73,0.245,-1.726,9.640,-0.002,0.003,-0.019,-9.637,-1.786,0.332,-0.002,-0.001,0.000,0.000,0.000,0.000,0.00,15.2,OK
1787114272.273,DONE,5,-120.00,0.00,-0.08,-0.23,1500,1500,0.00,3.992,-8.027,-166.98,0.245,-1.726,9.640,-0.002,0.003,-0.019,-9.632,-1.786,0.329,-0.006,0.000,-0.001,0.000,0.000,0.000,0.00,15.2,OK
1787114272.322,DONE,5,-120.00,0.00,-0.08,-0.23,1500,1500,0.00,3.992,-8.028,-166.83,0.245,-1.726,9.640,-0.002,0.003,-0.019,-9.630,-1.777,0.315,-0.004,0.001,-0.001,0.000,0.000,0.000,0.00,15.2,OK
1787114272.373,DONE,5,-120.00,0.00,-0.08,-0.23,1500,1500,0.00,3.989,-8.030,-167.15,0.245,-1.726,9.640,-0.002,0.003,-0.019,-9.628,-1.796,0.329,-0.007,-0.001,0.004,0.000,0.000,0.000,0.00,15.2,OK
1787114272.423,DONE,5,-120.00,0.00,-0.08,-0.23,1500,1500,0.00,3.989,-8.030,-167.15,0.235,-1.726,9.630,0.001,0.003,-0.017,-9.634,-1.798,0.320,-0.007,0.001,0.002,0.000,0.000,0.000,0.00,15.2,OK
1787114272.473,DONE,5,-120.00,0.00,-0.08,-0.23,1500,1500,0.00,3.986,-8.034,-167.52,0.235,-1.726,9.630,0.001,0.003,-0.017,-9.639,-1.808,0.317,-0.007,-0.001,0.002,0.000,0.000,0.000,0.00,15.2,OK
1787114272.523,DONE,5,-120.00,0.00,-0.08,-0.23,1500,1500,0.00,3.983,-8.036,-167.44,0.235,-1.726,9.630,0.001,0.003,-0.017,-9.632,-1.801,0.329,-0.006,0.002,0.002,0.000,0.000,0.000,0.00,15.2,OK
1787114272.573,DONE,5,-120.00,0.00,-0.08,-0.23,1500,1500,0.00,3.982,-8.037,-167.32,0.235,-1.726,9.630,0.001,0.003,-0.017,-9.632,-1.803,0.341,-0.009,0.002,0.001,0.000,0.000,0.000,0.00,15.2,OK
1787114272.623,DONE,5,-120.00,0.00,-0.08,-0.23,1500,1500,0.00,3.982,-8.037,-167.32,0.235,-1.726,9.630,0.001,0.003,-0.017,-9.611,-1.798,0.327,-0.007,0.002,0.003,0.000,0.000,0.000,0.00,15.2,OK
1787114272.673,DONE,5,-121.00,0.00,-0.08,-0.23,1500,1500,0.00,3.981,-8.038,-167.56,0.245,-1.736,9.640,0.000,0.002,-0.017,-9.627,-1.779,0.334,-0.006,-0.003,0.000,0.000,0.000,0.000,0.00,15.2,OK
1787114272.723,DONE,5,-121.00,0.00,-0.08,-0.23,1500,1500,0.00,3.976,-8.043,-168.16,0.245,-1.736,9.640,0.000,0.002,-0.017,-9.620,-1.784,0.339,-0.006,-0.002,0.001,0.000,0.000,0.000,0.00,15.2,OK
1787114272.773,DONE,5,-121.00,0.00,-0.08,-0.23,1500,1500,0.00,3.972,-8.045,-168.27,0.245,-1.736,9.640,0.000,0.002,-0.017,-9.630,-1.782,0.320,-0.003,0.000,0.003,0.000,0.000,0.000,0.00,15.2,OK
1787114272.823,DONE,5,-121.00,0.00,-0.08,-0.23,1500,1500,0.00,3.972,-8.045,-168.27,0.245,-1.736,9.640,0.000,0.002,-0.017,-9.634,-1.789,0.329,-0.005,-0.004,0.001,0.000,0.000,0.000,0.00,15.2,OK
1787114272.873,DONE,5,-121.00,0.00,-0.08,-0.23,1500,1500,0.00,3.973,-8.043,-167.15,0.245,-1.736,9.640,0.000,0.002,-0.017,-9.635,-1.765,0.308,-0.004,-0.001,0.003,0.000,0.000,0.000,0.00,15.2,OK
1787114272.923,DONE,5,-121.00,0.00,-0.08,-0.23,1500,1500,0.00,3.968,-8.044,-167.72,0.245,-1.716,9.640,0.002,0.001,-0.017,-9.630,-1.782,0.320,-0.005,-0.001,0.004,0.000,0.000,0.000,0.00,15.2,OK
1787114272.972,DONE,5,-121.00,0.00,-0.08,-0.23,1500,1500,0.00,3.962,-8.045,-167.61,0.245,-1.716,9.640,0.002,0.001,-0.017,-9.620,-1.781,0.334,-0.005,-0.004,0.003,0.000,0.000,0.000,0.00,15.2,OK
1787114273.022,DONE,5,-121.00,0.00,-0.08,-0.23,1500,1500,0.00,3.959,-8.046,-167.29,0.245,-1.716,9.640,0.002,0.001,-0.017,-9.625,-1.784,0.320,-0.005,-0.001,0.003,0.000,0.000,0.000,0.00,15.2,OK
1787114273.073,DONE,5,-121.00,0.00,-0.08,-0.23,1500,1500,0.00,3.959,-8.046,-167.29,0.245,-1.716,9.640,0.002,0.001,-0.017,-9.634,-1.782,0.334,-0.005,-0.002,0.007,0.000,0.000,0.000,0.00,15.2,OK
1787114273.123,DONE,5,-121.00,0.00,-0.08,-0.23,1500,1500,0.00,3.956,-8.047,-167.29,0.245,-1.716,9.640,0.002,0.001,-0.017,-9.618,-1.760,0.331,-0.005,-0.001,0.000,0.000,0.000,0.000,0.00,15.2,OK
1787114273.173,DONE,5,-122.00,0.00,-0.08,-0.23,1500,1500,0.00,3.952,-8.048,-167.28,0.245,-1.716,9.640,0.003,0.002,-0.017,-9.637,-1.786,0.317,-0.005,-0.000,0.005,0.000,0.000,0.000,0.00,15.0,OK
1787114273.223,DONE,5,-122.00,0.00,-0.08,-0.23,1500,1500,0.00,3.952,-8.048,-167.28,0.245,-1.716,9.640,0.003,0.002,-0.017,-9.637,-1.779,0.329,-0.002,-0.001,0.004,0.000,0.000,0.000,0.00,15.0,OK
1787114273.273,DONE,5,-122.00,0.00,-0.08,-0.23,1500,1500,0.00,3.949,-8.049,-167.12,0.245,-1.716,9.640,0.003,0.002,-0.017,-9.630,-1.777,0.339,-0.003,0.001,0.006,0.000,0.000,0.000,0.00,15.0,OK
1787114273.323,DONE,5,-122.00,0.00,-0.08,-0.23,1500,1500,0.00,3.944,-8.051,-167.34,0.245,-1.716,9.640,0.003,0.002,-0.017,-9.639,-1.779,0.334,-0.004,0.003,0.001,0.000,0.000,0.000,0.00,15.0,OK
1787114273.373,DONE,5,-122.00,0.00,-0.08,-0.23,1500,1500,0.00,3.942,-8.052,-167.17,0.245,-1.716,9.640,0.003,0.002,-0.017,-9.627,-1.755,0.329,-0.003,0.000,0.003,0.000,0.000,0.000,0.00,15.0,OK
1787114273.423,DONE,5,-122.00,0.00,-0.08,-0.23,1500,1500,0.00,3.942,-8.052,-167.17,0.245,-1.726,9.640,0.003,0.005,-0.020,-9.630,-1.755,0.327,-0.003,-0.000,0.004,0.000,0.000,0.000,0.00,15.0,OK
1787114273.473,DONE,5,-122.00,0.00,-0.08,-0.23,1500,1500,0.00,3.938,-8.055,-167.53,0.245,-1.726,9.640,0.003,0.005,-0.020,-9.632,-1.748,0.341,-0.001,-0.000,0.004,0.000,0.000,0.000,0.00,15.0,OK
1787114273.523,DONE,5,-122.00,0.00,-0.08,-0.23,1500,1500,0.00,3.934,-8.059,-167.86,0.245,-1.726,9.640,0.003,0.005,-0.020,-9.620,-1.750,0.319,-0.004,0.005,0.003,0.000,0.000,0.000,0.00,15.0,OK
1787114273.572,DONE,5,-122.00,0.00,-0.08,-0.23,1500,1500,0.00,3.931,-8.060,-167.43,0.245,-1.726,9.640,0.003,0.005,-0.020,-9.634,-1.755,0.322,-0.005,0.003,-0.000,0.000,0.000,0.000,0.00,15.0,OK
1787114273.623,DONE,5,-122.00,0.00,-0.08,-0.23,1500,1500,0.00,3.931,-8.060,-167.43,0.245,-1.726,9.640,0.003,0.005,-0.020,-9.637,-1.762,0.324,-0.005,0.001,0.001,0.000,0.000,0.000,0.00,15.0,OK
1787114273.673,DONE,5,-123.00,0.00,-0.08,-0.23,1500,1500,0.00,3.930,-8.058,-167.12,0.245,-1.716,9.640,-0.001,0.005,-0.018,-9.634,-1.758,0.310,-0.006,0.002,-0.002,0.000,0.000,0.000,0.00,15.0,OK
1787114273.723,DONE,5,-123.00,0.00,-0.08,-0.23,1500,1500,0.00,3.927,-8.058,-167.18,0.245,-1.716,9.640,-0.001,0.005,-0.018,-9.644,-1.782,0.334,-0.002,-0.001,-0.005,0.000,0.000,0.000,0.00,15.0,OK
1787114273.773,DONE,5,-123.00,0.00,-0.08,-0.23,1500,1500,0.00,3.925,-8.058,-167.19,0.245,-1.716,9.640,-0.001,0.005,-0.018,-9.644,-1.774,0.319,-0.004,0.003,-0.006,0.000,0.000,0.000,0.00,15.0,OK
1787114273.823,DONE,5,-123.00,0.00,-0.08,-0.23,1500,1500,0.00,3.925,-8.058,-167.19,0.245,-1.716,9.640,-0.001,0.005,-0.018,-9.623,-1.793,0.327,-0.005,0.002,-0.004,0.000,0.000,0.000,0.00,15.0,OK
1787114273.873,DONE,5,-123.00,0.00,-0.08,-0.23,1500,1500,0.00,3.924,-8.059,-167.22,0.245,-1.716,9.640,-0.001,0.005,-0.018,-9.639,-1.782,0.319,-0.002,-0.001,-0.009,0.000,0.000,0.000,0.00,15.0,OK
1787114273.923,DONE,5,-124.00,0.00,-0.08,-0.23,1500,1500,0.00,3.923,-8.058,-167.17,0.235,-1.697,9.660,-0.007,0.005,-0.021,-9.627,-1.779,0.332,-0.002,0.002,-0.009,0.000,0.000,0.000,0.00,15.0,OK
1787114273.973,DONE,5,-124.00,0.00,-0.08,-0.23,1500,1500,0.00,3.923,-8.060,-167.43,0.235,-1.697,9.660,-0.007,0.005,-0.021,-9.611,-1.791,0.322,0.003,0.002,-0.006,0.000,0.000,0.000,0.00,15.0,OK
1787114274.022,DONE,5,-124.00,0.00,-0.08,-0.23,1500,1500,0.00,3.923,-8.060,-167.43,0.235,-1.697,9.660,-0.007,0.005,-0.021,-9.637,-1.774,0.315,-0.000,-0.000,-0.007,0.000,0.000,0.000,0.00,15.0,OK
1787114274.073,DONE,5,-124.00,0.00,-0.08,-0.23,1500,1500,0.00,3.921,-8.058,-167.17,0.235,-1.697,9.660,-0.007,0.005,-0.021,-9.644,-1.779,0.310,-0.003,0.000,-0.008,0.000,0.000,0.000,0.00,15.0,OK
1787114274.123,DONE,5,-124.00,0.00,-0.08,-0.23,1500,1500,0.00,3.920,-8.058,-167.24,0.235,-1.697,9.660,-0.007,0.005,-0.021,-9.634,-1.767,0.315,-0.001,0.002,-0.007,0.000,0.000,0.000,0.00,15.0,OK
1787114274.173,DONE,5,-124.00,0.00,-0.08,-0.23,1500,1500,0.00,3.919,-8.058,-167.18,0.226,-1.716,9.650,-0.004,0.004,-0.021,-9.632,-1.789,0.315,-0.001,-0.002,-0.003,0.000,0.000,0.000,0.00,15.0,OK
1787114274.223,DONE,5,-124.00,0.00,-0.08,-0.23,1500,1500,0.00,3.919,-8.058,-167.18,0.226,-1.716,9.650,-0.004,0.004,-0.021,-9.632,-1.803,0.317,-0.003,-0.002,-0.003,0.000,0.000,0.000,0.00,15.0,OK
1787114274.273,DONE,5,-124.00,0.00,-0.08,-0.23,1500,1500,0.00,3.916,-8.058,-167.13,0.226,-1.716,9.650,-0.004,0.004,-0.021,-9.647,-1.801,0.322,0.001,-0.000,-0.000,0.000,0.000,0.000,0.00,15.0,OK
1787114274.323,DONE,5,-124.00,0.00,-0.08,-0.23,1500,1500,0.00,3.914,-8.059,-167.07,0.226,-1.716,9.650,-0.004,0.004,-0.021,-9.632,-1.805,0.322,-0.003,-0.001,-0.000,0.000,0.000,0.000,0.00,15.0,OK
1787114274.373,DONE,5,-124.00,0.00,-0.08,-0.23,1500,1500,0.00,3.913,-8.059,-166.94,0.226,-1.716,9.650,-0.004,0.004,-0.021,-9.642,-1.808,0.312,-0.001,-0.003,0.001,0.000,0.000,0.000,0.00,15.0,OK
1787114274.423,DONE,5,-125.00,0.00,-0.08,-0.23,1500,1500,0.00,3.913,-8.059,-166.94,0.235,-1.726,9.640,-0.000,0.001,-0.022,-9.620,-1.796,0.329,0.000,-0.004,0.001,0.000,0.000,0.000,0.00,15.0,OK
1787114274.473,DONE,5,-125.00,0.00,-0.08,-0.23,1500,1500,0.00,3.911,-8.060,-167.02,0.235,-1.726,9.640,-0.000,0.001,-0.022,-9.627,-1.808,0.329,0.004,-0.004,0.004,0.000,0.000,0.000,0.00,15.0,OK
1787114274.523,DONE,5,-125.00,0.00,-0.08,-0.23,1500,1500,0.00,3.908,-8.061,-167.07,0.235,-1.726,9.640,-0.000,0.001,-0.022,-9.644,-1.803,0.322,0.001,-0.002,0.003,0.000,0.000,0.000,0.00,15.0,OK
1787114274.574,DONE,5,-125.00,0.00,-0.08,-0.23,1500,1500,0.00,3.908,-8.062,-166.84,0.235,-1.726,9.640,-0.000,0.001,-0.022,-9.629,-1.791,0.320,0.001,-0.004,0.001,0.000,0.000,0.000,0.00,15.0,OK
1787114274.623,DONE,5,-125.00,0.00,-0.08,-0.23,1500,1500,0.00,3.908,-8.062,-166.84,0.235,-1.726,9.640,-0.000,0.001,-0.022,-9.620,-1.796,0.315,0.002,-0.003,0.002,0.000,0.000,0.000,0.00,15.0,OK
1787114274.673,DONE,5,-125.00,0.00,-0.08,-0.23,1500,1500,0.00,3.904,-8.063,-167.15,0.235,-1.726,9.640,0.003,0.001,-0.024,-9.637,-1.782,0.324,-0.001,-0.004,0.004,0.000,0.000,0.000,0.00,15.0,OK
1787114274.723,DONE,5,-125.00,0.00,-0.08,-0.23,1500,1500,0.00,3.899,-8.066,-167.49,0.235,-1.726,9.640,0.003,0.001,-0.024,-9.632,-1.770,0.324,0.002,-0.005,0.000,0.000,0.000,0.000,0.00,15.0,OK
1787114274.773,DONE,5,-125.00,0.00,-0.08,-0.23,1500,1500,0.00,3.897,-8.068,-167.05,0.235,-1.726,9.640,0.003,0.001,-0.024,-9.649,-1.782,0.341,0.002,-0.002,0.005,0.000,0.000,0.000,0.00,15.0,OK
1787114274.823,DONE,5,-125.00,0.00,-0.08,-0.23,1500,1500,0.00,3.897,-8.068,-167.05,0.235,-1.726,9.640,0.003,0.001,-0.024,-9.632,-1.782,0.341,0.002,-0.003,0.004,0.000,0.000,0.000,0.00,15.0,OK
1787114274.873,DONE,5,-125.00,0.00,-0.08,-0.23,1500,1500,0.00,3.892,-8.071,-167.37,0.235,-1.726,9.640,0.003,0.001,-0.024,-9.644,-1.770,0.327,0.005,-0.001,0.005,0.000,0.000,0.000,0.00,15.0,OK
1787114274.923,DONE,5,-126.00,0.00,-0.08,-0.23,1500,1500,0.00,3.888,-8.074,-167.35,0.245,-1.726,9.640,0.004,0.001,-0.023,-9.613,-1.784,0.329,0.000,-0.001,0.005,0.000,0.000,0.000,0.00,15.0,OK
1787114274.973,DONE,5,-126.00,0.00,-0.08,-0.23,1500,1500,0.00,3.888,-8.077,-167.45,0.245,-1.726,9.640,0.004,0.001,-0.023,-9.625,-1.767,0.344,0.002,0.001,0.005,0.000,0.000,0.000,0.00,15.0,OK
1787114275.023,DONE,5,-126.00,0.00,-0.08,-0.23,1500,1500,0.00,3.888,-8.077,-167.45,0.245,-1.726,9.640,0.004,0.001,-0.023,-9.637,-1.779,0.329,0.001,-0.000,0.006,0.000,0.000,0.000,0.00,15.0,OK
1787114275.073,DONE,5,-126.00,0.00,-0.08,-0.23,1500,1500,0.00,3.887,-8.077,-167.28,0.245,-1.726,9.640,0.004,0.001,-0.023,-9.637,-1.767,0.334,0.000,0.002,0.003,0.000,0.000,0.000,0.00,15.0,OK
1787114275.123,DONE,5,-126.00,0.00,-0.08,-0.23,1500,1500,0.00,3.885,-8.077,-167.19,0.245,-1.726,9.640,0.004,0.001,-0.023,-9.642,-1.774,0.334,-0.000,0.001,0.002,0.000,0.000,0.000,0.00,15.0,OK
1787114275.173,DONE,5,-127.00,0.00,-0.08,-0.23,1500,1500,0.00,3.884,-8.079,-167.42,0.245,-1.706,9.630,0.004,0.006,-0.024,-9.630,-1.772,0.348,0.003,0.001,0.004,0.000,0.000,0.000,0.00,15.0,OK
1787114275.223,DONE,5,-127.00,0.00,-0.08,-0.23,1500,1500,0.00,3.884,-8.079,-167.42,0.245,-1.706,9.630,0.004,0.006,-0.024,-9.632,-1.753,0.327,0.003,0.000,0.005,0.000,0.000,0.000,0.00,14.3,OK
1787114275.273,DONE,5,-127.00,0.00,-0.08,-0.23,1500,1500,0.00,3.883,-8.080,-167.58,0.245,-1.706,9.630,0.004,0.006,-0.024,-9.625,-1.748,0.341,0.001,0.002,0.003,0.000,0.000,0.000,0.00,14.3,OK
1787114275.323,DONE,5,-127.00,0.00,-0.08,-0.23,1500,1500,0.00,3.882,-8.080,-167.37,0.245,-1.706,9.630,0.004,0.006,-0.024,-9.639,-1.763,0.327,0.002,0.002,0.002,0.000,0.000,0.000,0.00,14.3,OK
1787114275.373,DONE,5,-127.00,0.00,-0.08,-0.23,1500,1500,0.00,3.880,-8.082,-167.67,0.245,-1.706,9.630,0.004,0.006,-0.024,-9.644,-1.765,0.329,0.003,0.002,0.002,0.000,0.000,0.000,0.00,14.3,OK
1787114275.423,DONE,5,-127.00,0.00,-0.08,-0.23,1500,1500,0.00,3.880,-8.082,-167.67,0.255,-1.706,9.650,-0.001,0.006,-0.025,-9.651,-1.772,0.324,0.003,0.003,-0.004,0.000,0.000,0.000,0.00,14.3,OK
1787114275.473,DONE,5,-127.00,0.00,-0.08,-0.23,1500,1500,0.00,3.879,-8.083,-167.64,0.255,-1.706,9.650,-0.001,0.006,-0.025,-9.627,-1.770,0.334,0.000,0.001,-0.004,0.000,0.000,0.000,0.00,14.3,OK
1787114275.523,DONE,5,-127.00,0.00,-0.08,-0.23,1500,1500,0.00,3.878,-8.084,-167.83,0.255,-1.706,9.650,-0.001,0.006,-0.025,-9.625,-1.769,0.327,-0.000,0.001,-0.005,0.000,0.000,0.000,0.00,14.3,OK
1787114275.573,DONE,5,-127.00,0.00,-0.08,-0.23,1500,1500,0.00,3.874,-8.086,-168.08,0.255,-1.706,9.650,-0.001,0.006,-0.025,-9.642,-1.784,0.336,-0.001,0.001,-0.004,0.000,0.000,0.000,0.00,14.3,OK
1787114275.623,DONE,5,-127.00,0.00,-0.08,-0.23,1500,1500,0.00,3.874,-8.086,-168.08,0.255,-1.706,9.650,-0.001,0.006,-0.025,-9.625,-1.765,0.329,0.001,0.001,-0.006,0.000,0.000,0.000,0.00,14.3,OK
1787114275.673,DONE,5,-128.00,0.00,-0.08,-0.23,1500,1500,0.00,3.872,-8.088,-168.14,0.235,-1.697,9.650,-0.006,0.004,-0.024,-9.639,-1.784,0.334,0.002,0.000,-0.006,0.000,0.000,0.000,0.00,14.3,OK
1787114275.724,DONE,5,-128.00,0.00,-0.08,-0.23,1500,1500,0.00,3.868,-8.088,-167.88,0.235,-1.697,9.650,-0.006,0.004,-0.024,-9.632,-1.801,0.310,0.002,-0.001,-0.008,0.000,0.000,0.000,0.00,14.3,OK
1787114275.773,DONE,5,-128.00,0.00,-0.08,-0.23,1500,1500,0.00,3.868,-8.088,-167.90,0.235,-1.697,9.650,-0.006,0.004,-0.024,-9.647,-1.784,0.334,-0.000,-0.002,-0.009,0.000,0.000,0.000,0.00,14.3,OK
1787114275.823,DONE,5,-128.00,0.00,-0.08,-0.23,1500,1500,0.00,3.868,-8.088,-167.90,0.235,-1.697,9.650,-0.006,0.004,-0.024,-9.627,-1.774,0.312,0.002,-0.000,-0.008,0.000,0.000,0.000,0.00,14.3,OK
1787114275.873,DONE,5,-128.00,0.00,-0.08,-0.23,1500,1500,0.00,3.867,-8.091,-168.28,0.235,-1.697,9.650,-0.006,0.004,-0.024,-9.634,-1.784,0.320,0.003,-0.001,-0.008,0.000,0.000,0.000,0.00,14.3,OK
1787114275.923,DONE,5,-129.00,0.00,-0.08,-0.23,1500,1500,0.00,3.867,-8.090,-168.17,0.235,-1.716,9.650,-0.007,0.003,-0.024,-9.630,-1.784,0.320,0.002,0.001,-0.007,0.000,0.000,0.000,0.00,14.3,OK
1787114275.972,DONE,5,-129.00,0.00,-0.08,-0.23,1500,1500,0.00,3.866,-8.091,-168.21,0.235,-1.716,9.650,-0.007,0.003,-0.024,-9.632,-1.794,0.332,0.001,-0.001,-0.006,0.000,0.000,0.000,0.00,14.3,OK
1787114276.022,DONE,5,-129.00,0.00,-0.08,-0.23,1500,1500,0.00,3.863,-8.092,-168.51,0.235,-1.716,9.650,-0.007,0.003,-0.024,-9.642,-1.794,0.327,0.002,-0.002,0.002,0.000,0.000,0.000,0.00,14.3,OK
1787114276.073,DONE,5,-129.00,0.00,-0.08,-0.23,1500,1500,0.00,3.863,-8.092,-168.51,0.235,-1.716,9.650,-0.007,0.003,-0.024,-9.649,-1.787,0.322,0.002,0.002,-0.002,0.000,0.000,0.000,0.00,14.3,OK
1787114276.123,DONE,5,-129.00,0.00,-0.08,-0.23,1500,1500,0.00,3.864,-8.094,-168.49,0.235,-1.716,9.650,-0.007,0.003,-0.024,-9.625,-1.815,0.336,-0.000,-0.003,0.001,0.000,0.000,0.000,0.00,14.3,OK
1787114276.172,DONE,5,-129.00,0.00,-0.08,-0.23,1500,1500,0.00,3.863,-8.095,-168.65,0.235,-1.726,9.640,0.001,0.004,-0.024,-9.630,-1.810,0.322,-0.000,-0.000,0.002,0.000,0.000,0.000,0.00,14.3,OK
1787114276.223,DONE,5,-129.00,0.00,-0.08,-0.23,1500,1500,0.00,3.863,-8.095,-168.65,0.235,-1.726,9.640,0.001,0.004,-0.024,-9.632,-1.803,0.320,0.002,0.002,0.005,0.000,0.000,0.000,0.00,14.3,OK
1787114276.273,DONE,5,-129.00,0.00,-0.08,-0.23,1500,1500,0.00,3.862,-8.096,-168.70,0.235,-1.726,9.640,0.001,0.004,-0.024,-9.637,-1.796,0.324,0.002,-0.000,0.007,0.000,0.000,0.000,0.00,15.2,OK
1787114276.322,DONE,5,-129.00,0.00,-0.08,-0.23,1500,1500,0.00,3.860,-8.097,-168.59,0.235,-1.726,9.640,0.001,0.004,-0.024,-9.627,-1.789,0.327,0.002,-0.000,0.007,0.000,0.000,0.000,0.00,15.2,OK
1787114276.372,DONE,5,-129.00,0.00,-0.08,-0.23,1500,1500,0.00,3.859,-8.096,-168.48,0.235,-1.726,9.640,0.001,0.004,-0.024,-9.639,-1.779,0.327,0.005,-0.002,0.004,0.000,0.000,0.000,0.00,15.2,OK
1787114276.423,DONE,5,-130.00,0.00,-0.08,-0.23,1500,1500,0.00,3.859,-8.096,-168.48,0.235,-1.746,9.630,0.005,0.004,-0.023,-9.627,-1.798,0.334,0.002,-0.002,0.006,0.000,0.000,0.000,0.00,15.2,OK
1787114276.473,DONE,5,-130.00,0.00,-0.08,-0.23,1500,1500,0.00,3.858,-8.098,-168.69,0.235,-1.746,9.630,0.005,0.004,-0.023,-9.661,-1.787,0.324,0.000,-0.004,0.006,0.000,0.000,0.000,0.00,15.2,OK
1787114276.523,DONE,5,-130.00,0.00,-0.08,-0.23,1500,1500,0.00,3.857,-8.098,-168.48,0.235,-1.746,9.630,0.005,0.004,-0.023,-9.649,-1.767,0.331,0.002,-0.004,0.004,0.000,0.000,0.000,0.00,15.2,OK
1787114276.572,DONE,5,-130.00,0.00,-0.08,-0.23,1500,1500,0.00,3.855,-8.099,-168.48,0.235,-1.746,9.630,0.005,0.004,-0.023,-9.630,-1.774,0.332,0.000,-0.004,0.005,0.000,0.000,0.000,0.00,15.2,OK
1787114276.623,DONE,5,-130.00,0.00,-0.08,-0.23,1500,1500,0.00,3.855,-8.099,-168.48,0.235,-1.746,9.630,0.005,0.004,-0.023,-9.637,-1.777,0.324,0.000,0.000,0.003,0.000,0.000,0.000,0.00,15.2,OK
1787114276.673,DONE,5,-131.00,0.00,-0.08,-0.23,1500,1500,0.00,3.854,-8.100,-168.48,0.235,-1.726,9.640,0.003,0.002,-0.022,-9.642,-1.765,0.324,-0.001,-0.002,0.002,0.000,0.000,0.000,0.00,15.2,OK
1787114276.722,DONE,5,-131.00,0.00,-0.08,-0.23,1500,1500,0.00,3.853,-8.102,-168.53,0.235,-1.726,9.640,0.003,0.002,-0.022,-9.642,-1.758,0.324,-0.003,-0.002,0.002,0.000,0.000,0.000,0.00,15.2,OK
1787114276.772,DONE,5,-131.00,0.00,-0.08,-0.23,1500,1500,0.00,3.852,-8.102,-168.41,0.235,-1.726,9.640,0.003,0.002,-0.022,-9.635,-1.779,0.327,-0.003,-0.001,-0.000,0.000,0.000,0.000,0.00,15.2,OK
1787114276.822,DONE,5,-131.00,0.00,-0.08,-0.23,1500,1500,0.00,3.852,-8.102,-168.41,0.235,-1.726,9.640,0.003,0.002,-0.022,-9.632,-1.767,0.339,-0.002,-0.001,0.002,0.000,0.000,0.000,0.00,15.2,OK
1787114276.873,DONE,5,-131.00,0.00,-0.08,-0.23,1500,1500,0.00,3.848,-8.105,-168.70,0.235,-1.726,9.640,0.003,0.002,-0.022,-9.623,-1.777,0.329,-0.003,-0.001,0.000,0.000,0.000,0.000,0.00,15.2,OK
1787114276.923,DONE,5,-131.00,0.00,-0.08,-0.23,1500,1500,0.00,3.847,-8.106,-168.52,0.245,-1.716,9.640,-0.000,0.003,-0.020,-9.637,-1.767,0.339,-0.001,-0.002,0.003,0.000,0.000,0.000,0.00,15.2,OK
1787114276.973,DONE,5,-131.00,0.00,-0.08,-0.23,1500,1500,0.00,3.846,-8.106,-168.41,0.245,-1.716,9.640,-0.000,0.003,-0.020,-9.625,-1.774,0.322,-0.004,-0.001,-0.001,0.000,0.000,0.000,0.00,15.2,OK
1787114277.023,DONE,5,-131.00,0.00,-0.08,-0.23,1500,1500,0.00,3.846,-8.106,-168.41,0.245,-1.716,9.640,-0.000,0.003,-0.020,-9.632,-1.784,0.332,-0.003,0.001,0.002,0.000,0.000,0.000,0.00,15.2,OK
1787114277.073,DONE,5,-131.00,0.00,-0.08,-0.23,1500,1500,0.00,3.845,-8.107,-168.52,0.245,-1.716,9.640,-0.000,0.003,-0.020,-9.627,-1.772,0.332,-0.002,-0.003,-0.001,0.000,0.000,0.000,0.00,15.2,OK
1787114277.123,DONE,5,-131.00,0.00,-0.08,-0.23,1500,1500,0.00,3.844,-8.107,-168.49,0.245,-1.716,9.640,-0.000,0.003,-0.020,-9.637,-1.772,0.324,-0.001,0.001,0.001,0.000,0.000,0.000,0.00,15.2,OK
1787114277.173,DONE,5,-132.00,0.00,-0.08,-0.23,1500,1500,0.00,3.843,-8.108,-168.56,0.255,-1.706,9.640,0.000,0.006,-0.020,-9.622,-1.781,0.322,-0.004,0.001,0.002,0.000,0.000,0.000,0.00,15.2,OK
1787114277.223,DONE,5,-132.00,0.00,-0.08,-0.23,1500,1500,0.00,3.843,-8.108,-168.56,0.255,-1.706,9.640,0.000,0.006,-0.020,-9.644,-1.777,0.315,-0.004,0.000,0.002,0.000,0.000,0.000,0.00,15.2,OK
1787114277.273,DONE,5,-132.00,0.00,-0.08,-0.23,1500,1500,0.00,3.842,-8.109,-168.66,0.255,-1.706,9.640,0.000,0.006,-0.020,-9.644,-1.770,0.327,-0.006,0.001,0.001,0.000,0.000,0.000,0.00,15.2,OK
1787114277.323,DONE,5,-132.00,0.00,-0.08,-0.23,1500,1500,0.00,3.841,-8.110,-168.74,0.255,-1.706,9.640,0.000,0.006,-0.020,-9.634,-1.767,0.310,-0.004,0.003,0.001,0.000,0.000,0.000,0.00,15.2,OK
1787114277.373,DONE,5,-132.00,0.00,-0.08,-0.23,1500,1500,0.00,3.840,-8.111,-168.74,0.255,-1.706,9.640,0.000,0.006,-0.020,-9.646,-1.760,0.310,-0.005,0.001,0.000,0.000,0.000,0.000,0.00,15.2,OK
1787114277.423,DONE,5,-132.00,0.00,-0.08,-0.23,1500,1500,0.00,3.840,-8.111,-168.74,0.245,-1.706,9.650,0.001,0.004,-0.019,-9.639,-1.767,0.322,-0.005,0.000,0.001,0.000,0.000,0.000,0.00,15.2,OK
1787114277.473,DONE,5,-132.00,0.00,-0.08,-0.23,1500,1500,0.00,3.840,-8.112,-168.81,0.245,-1.706,9.650,0.001,0.004,-0.019,-9.651,-1.767,0.315,-0.002,-0.000,0.001,0.000,0.000,0.000,0.00,15.2,OK
1787114277.523,DONE,5,-132.00,0.00,-0.08,-0.23,1500,1500,0.00,3.840,-8.112,-168.87,0.245,-1.706,9.650,0.001,0.004,-0.019,-9.654,-1.770,0.319,-0.004,-0.002,0.002,0.000,0.000,0.000,0.00,15.2,OK
1787114277.573,DONE,5,-132.00,0.00,-0.08,-0.23,1500,1500,0.00,3.838,-8.112,-168.84,0.245,-1.706,9.650,0.001,0.004,-0.019,-9.644,-1.779,0.324,-0.004,-0.002,0.001,0.000,0.000,0.000,0.00,15.2,OK
1787114277.623,DONE,5,-132.00,0.00,-0.08,-0.23,1500,1500,0.00,3.838,-8.112,-168.84,0.245,-1.706,9.650,0.001,0.004,-0.019,-9.644,-1.770,0.327,-0.007,-0.003,-0.003,0.000,0.000,0.000,0.00,15.2,OK
1787114277.673,DONE,5,-133.00,0.00,-0.08,-0.23,1500,1500,0.00,3.836,-8.113,-168.83,0.235,-1.706,9.650,-0.001,-0.000,-0.020,-9.649,-1.767,0.341,-0.006,-0.006,0.000,0.000,0.000,0.000,0.00,15.2,OK
1787114277.723,DONE,5,-133.00,0.00,-0.08,-0.23,1500,1500,0.00,3.835,-8.114,-168.73,0.235,-1.706,9.650,-0.001,-0.000,-0.020,-9.646,-1.770,0.327,-0.006,-0.006,0.001,0.000,0.000,0.000,0.00,15.2,OK
1787114277.773,DONE,5,-133.00,0.00,-0.08,-0.23,1500,1500,0.00,3.835,-8.114,-168.61,0.235,-1.706,9.650,-0.001,-0.000,-0.020,-9.639,-1.758,0.341,-0.003,-0.006,0.002,0.000,0.000,0.000,0.00,15.2,OK
1787114277.823,DONE,5,-133.00,0.00,-0.08,-0.23,1500,1500,0.00,3.835,-8.114,-168.61,0.235,-1.706,9.650,-0.001,-0.000,-0.020,-9.637,-1.758,0.336,-0.004,-0.005,0.003,0.000,0.000,0.000,0.00,15.2,OK
1787114277.873,DONE,5,-133.00,0.00,-0.08,-0.23,1500,1500,0.00,3.833,-8.115,-168.67,0.235,-1.706,9.650,-0.001,-0.000,-0.020,-9.623,-1.765,0.319,-0.006,-0.003,0.000,0.000,0.000,0.000,0.00,15.2,OK
1787114277.923,DONE,5,-134.00,0.00,-0.09,-0.23,1500,1500,0.00,3.832,-8.116,-168.51,0.235,-1.706,9.650,0.001,-0.001,-0.017,-9.639,-1.748,0.346,-0.004,-0.005,0.000,0.000,0.000,0.000,0.00,15.2,OK
1787114277.973,DONE,5,-134.00,0.00,-0.09,-0.23,1500,1500,0.00,3.832,-8.117,-168.41,0.235,-1.706,9.650,0.001,-0.001,-0.017,-9.639,-1.755,0.331,-0.004,-0.005,0.005,0.000,0.000,0.000,0.00,15.2,OK
1787114278.023,DONE,5,-134.00,0.00,-0.09,-0.23,1500,1500,0.00,3.832,-8.117,-168.41,0.235,-1.706,9.650,0.001,-0.001,-0.017,-9.630,-1.755,0.346,-0.007,-0.002,0.004,0.000,0.000,0.000,0.00,15.2,OK
