timestamp,state,wp_idx,heading_deg,target_heading_deg,rel_alt,vfr_alt,fwd_pwm,yaw_pwm,duration_left,zed_x,zed_y,zed_yaw_deg,cube_ax,cube_ay,cube_az,cube_gx,cube_gy,cube_gz,zed_ax,zed_ay,zed_az,zed_gx,zed_gy,zed_gz,ekf_x,ekf_y,ekf_z,ekf_yaw_deg,zed_fps,zed_diag
1787113073.378,ARMING,0,341.00,21.61,-0.09,-0.23,1500,1500,0.00,-1.713,-1.677,46.44,0.245,-1.677,9.650,0.000,-0.000,-0.000,-9.654,-1.744,0.320,0.002,0.000,-0.000,0.000,0.000,0.000,0.00,0.0,OK
1787113073.428,DIVING,0,341.00,21.61,-0.09,-0.23,1500,1500,0.00,-1.711,-1.674,46.35,0.245,-1.677,9.650,0.000,-0.000,-0.000,-9.637,-1.732,0.333,-0.002,0.001,-0.000,0.000,0.000,0.000,0.00,0.0,OK
1787113073.479,DIVING,0,341.00,21.61,-0.09,-0.23,1500,1500,0.00,-1.707,-1.673,46.68,0.245,-1.677,9.650,0.000,-0.000,-0.000,-9.635,-1.744,0.342,0.001,-0.000,0.001,0.000,0.000,0.000,0.00,0.0,OK
1787113073.528,DIVING,0,341.00,21.61,-0.09,-0.23,1500,1500,0.00,-1.707,-1.673,46.68,0.245,-1.677,9.650,0.000,-0.000,-0.000,-9.640,-1.725,0.333,0.002,-0.001,0.000,0.000,0.000,0.000,0.00,0.0,OK
1787113073.578,DIVING,0,341.00,21.61,-0.09,-0.23,1500,1500,0.00,-1.705,-1.674,47.01,0.245,-1.677,9.650,0.000,-0.000,-0.000,-9.640,-1.710,0.330,0.001,0.000,-0.001,0.000,0.000,0.000,0.00,0.0,OK
1787113073.628,DIVING,0,341.00,21.61,-0.09,-0.23,1500,1500,0.00,-1.702,-1.674,47.31,0.245,-1.677,9.650,0.000,-0.000,-0.000,-9.635,-1.727,0.330,0.002,-0.000,-0.001,0.000,0.000,0.000,0.00,0.0,OK
1787113073.678,DIVING,0,341.00,21.61,-0.09,-0.23,1500,1500,0.00,-1.704,-1.675,47.31,0.245,-1.677,9.650,0.000,-0.000,-0.000,-9.638,-1.744,0.328,0.001,0.001,0.001,0.000,0.000,0.000,0.00,0.0,OK
1787113073.728,DIVING,0,341.00,21.61,-0.09,-0.23,1500,1500,0.00,-1.704,-1.675,47.31,0.245,-1.677,9.650,0.000,-0.000,-0.000,-9.650,-1.744,0.342,-0.002,0.001,0.001,0.000,0.000,0.000,0.00,0.0,OK
1787113073.778,DIVING,0,341.00,21.61,-0.09,-0.23,1500,1500,0.00,-1.706,-1.674,47.39,0.245,-1.677,9.650,0.000,-0.000,-0.000,-9.640,-1.724,0.330,0.000,-0.002,-0.002,0.000,0.000,0.000,0.00,0.0,OK
1787113073.828,DIVING,0,341.00,21.61,-0.09,-0.23,1500,1500,0.00,-1.708,-1.671,47.45,0.245,-1.677,9.650,0.000,-0.000,-0.000,-9.649,-1.739,0.330,0.002,-0.001,-0.001,0.000,0.000,0.000,0.00,0.0,OK
1787113073.878,DIVING,0,341.00,21.61,-0.10,-0.23,1500,1500,0.00,-1.708,-1.671,47.45,0.245,-1.667,9.650,0.000,-0.000,-0.000,-9.645,-1.729,0.335,0.001,-0.000,-0.000,0.000,0.000,0.000,0.00,0.0,OK
1787113073.928,DIVING,0,341.00,21.61,-0.10,-0.23,1500,1500,0.00,-1.708,-1.671,47.45,0.245,-1.667,9.650,0.000,-0.000,-0.000,-9.635,-1.727,0.337,0.000,-0.002,-0.001,0.000,0.000,0.000,0.00,0.0,OK
1787113073.978,DIVING,0,341.00,21.61,-0.10,-0.23,1500,1500,0.00,-1.715,-1.662,46.97,0.245,-1.667,9.650,0.000,-0.000,-0.000,-9.633,-1.717,0.321,-0.001,0.002,-0.000,0.000,0.000,0.000,0.00,0.0,OK
1787113074.028,DIVING,0,341.00,21.61,-0.10,-0.23,1500,1500,0.00,-1.717,-1.649,47.01,0.245,-1.667,9.650,0.000,-0.000,-0.000,-9.683,-1.737,0.311,-0.000,-0.001,-0.006,0.000,0.000,0.000,0.00,24.9,OK
1787113074.078,DIVING,0,341.00,21.61,-0.10,-0.23,1500,1500,0.00,-1.718,-1.647,47.03,0.245,-1.667,9.650,0.000,-0.000,-0.000,-9.528,-1.580,0.316,-0.005,-0.001,0.016,0.000,0.000,0.000,0.00,24.9,OK
1787113074.128,DIVING,0,341.00,21.61,-0.09,-0.23,1500,1500,0.00,-1.718,-1.647,47.03,0.245,-1.677,9.650,0.013,0.000,0.003,-9.611,-1.650,0.316,-0.005,-0.000,0.034,0.000,0.000,0.000,0.00,24.9,OK
1787113074.178,DIVING,0,341.00,21.61,-0.09,-0.23,1500,1500,0.00,-1.719,-1.633,47.10,0.245,-1.677,9.650,0.013,0.000,0.003,-9.315,-1.381,0.345,-0.023,-0.007,0.228,0.000,0.000,0.000,0.00,24.9,OK
1787113074.228,DIVING,0,341.00,21.61,-0.09,-0.23,1500,1500,0.00,-1.726,-1.624,47.11,0.245,-1.677,9.650,0.013,0.000,0.003,-9.382,-1.881,0.316,-0.054,-0.013,0.461,0.000,0.000,0.000,0.00,24.9,OK
1787113074.279,DIVING,0,341.00,21.61,-0.09,-0.23,1500,1500,0.00,-1.727,-1.624,47.10,0.245,-1.677,9.650,0.013,0.000,0.003,-9.595,-1.353,0.335,-0.054,0.007,0.611,0.000,0.000,0.000,0.00,24.9,OK
1787113074.329,DIVING,0,341.00,21.61,-0.09,-0.23,1500,1500,0.00,-1.727,-1.624,47.10,0.245,-1.677,9.650,0.013,0.000,0.003,-9.676,-1.012,0.354,-0.053,0.021,0.645,0.000,0.000,0.000,0.00,24.9,OK
1787113074.378,DIVING,0,340.00,21.61,-0.10,-0.23,1500,1500,0.00,-1.727,-1.624,47.10,0.235,-1.559,9.522,0.644,0.023,0.061,-9.788,-0.817,0.351,-0.045,0.026,0.641,0.000,0.000,0.000,0.00,24.9,OK
1787113074.428,DIVING,0,340.00,21.61,-0.10,-0.23,1500,1500,0.00,-1.727,-1.624,47.10,0.235,-1.559,9.522,0.644,0.023,0.061,-9.788,-0.375,0.356,-0.042,0.026,0.571,0.000,0.000,0.000,0.00,24.9,OK
1787113074.478,DIVING,0,340.00,21.61,-0.10,-0.23,1500,1500,0.00,-1.727,-1.624,47.10,0.235,-1.559,9.522,0.644,0.023,0.061,-9.649,-0.122,0.304,-0.019,0.014,0.423,0.000,0.000,0.000,0.00,24.9,OK
1787113074.528,DIVING,0,340.00,21.61,-0.10,-0.23,1500,1500,0.00,-1.727,-1.624,47.10,0.235,-1.559,9.522,0.644,0.023,0.061,-9.809,0.278,0.330,-0.009,-0.008,0.313,0.000,0.000,0.000,0.00,24.9,OK
1787113074.578,DIVING,0,340.00,21.61,-0.10,-0.23,1500,1500,0.00,-1.727,-1.624,47.10,0.235,-1.559,9.522,0.644,0.023,0.061,-9.712,0.434,0.335,-0.020,-0.009,0.244,0.000,0.000,0.000,0.00,24.9,OK
1787113074.628,DIVING,0,340.00,21.61,-0.11,-0.23,1500,1500,0.00,-1.727,-1.624,47.10,0.284,-0.922,9.718,0.232,-0.003,0.023,-9.626,0.476,0.306,-0.029,0.016,0.161,0.000,0.000,0.000,0.00,24.9,OK
1787113074.678,DIVING,0,340.00,21.61,-0.11,-0.23,1500,1500,0.00,-1.727,-1.624,47.10,0.284,-0.922,9.718,0.232,-0.003,0.023,-9.766,0.479,0.294,-0.043,0.027,0.116,0.000,0.000,0.000,0.00,24.9,OK
1787113074.729,DIVING,0,340.00,21.61,-0.11,-0.23,1500,1500,0.00,-1.733,-1.630,45.82,0.284,-0.922,9.718,0.232,-0.003,0.023,-9.738,0.508,0.272,-0.067,0.037,0.074,0.000,0.000,0.000,0.00,24.9,OK
1787113074.778,DIVING,0,340.00,21.61,-0.11,-0.23,1500,1500,0.00,-1.736,-1.633,45.80,0.284,-0.922,9.718,0.232,-0.003,0.023,-9.688,0.485,0.261,-0.076,0.051,-0.004,0.000,0.000,0.000,0.00,24.9,OK
1787113074.828,DIVING,0,340.00,21.61,-0.11,-0.23,1500,1500,0.00,-1.735,-1.635,45.81,0.284,-0.922,9.718,0.232,-0.003,0.023,-9.788,0.290,0.219,-0.063,0.063,-0.046,0.000,0.000,0.000,0.00,24.9,OK
1787113074.879,DIVING,0,339.00,21.61,-0.13,-0.23,1500,1500,0.00,-1.735,-1.635,45.81,0.226,0.490,9.787,-0.056,0.064,0.063,-9.836,0.289,0.181,-0.048,0.064,-0.081,0.000,0.000,0.000,0.00,24.9,OK
1787113074.929,DIVING,0,339.00,21.61,-0.13,-0.23,1500,1500,0.00,-1.735,-1.635,45.81,0.226,0.490,9.787,-0.056,0.064,0.063,-9.907,0.308,0.112,0.000,0.059,-0.101,0.000,0.000,0.000,0.00,24.9,OK
1787113074.978,DIVING,0,339.00,21.61,-0.13,-0.23,1500,1500,0.00,-1.642,-1.488,42.49,0.226,0.490,9.787,-0.056,0.064,0.063,-9.991,0.225,0.147,0.012,0.047,-0.086,0.000,0.000,0.000,0.00,24.9,OK
1787113075.028,DIVING,0,339.00,21.61,-0.13,-0.23,1500,1500,0.00,-1.642,-1.488,42.49,0.226,0.490,9.787,-0.056,0.064,0.063,-9.945,0.283,0.080,0.011,0.035,-0.089,0.000,0.000,0.000,0.00,15.0,OK
1787113075.078,DIVING,0,339.00,21.61,-0.13,-0.23,1500,1500,0.00,-1.642,-1.488,42.49,0.226,0.490,9.787,-0.056,0.064,0.063,-9.886,0.119,0.124,0.021,0.021,-0.065,0.000,0.000,0.000,0.00,15.0,OK
1787113075.129,DIVING,0,339.00,21.61,-0.14,-0.23,1500,1500,0.00,-1.643,-1.460,41.26,0.137,0.461,9.816,-0.064,0.018,-0.025,-9.783,0.209,0.148,0.027,0.009,-0.014,0.000,0.000,0.000,0.00,15.0,OK
1787113075.178,DIVING,0,339.00,21.61,-0.14,-0.23,1500,1500,0.00,-1.656,-1.440,41.68,0.137,0.461,9.816,-0.064,0.018,-0.025,-10.086,0.219,0.092,0.020,-0.007,0.004,0.000,0.000,0.000,0.00,15.0,OK
1787113075.228,DIVING,0,339.00,21.61,-0.14,-0.23,1500,1500,0.00,-1.643,-1.430,41.83,0.137,0.461,9.816,-0.064,0.018,-0.025,-9.881,0.231,0.133,0.030,-0.024,0.008,0.000,0.000,0.000,0.00,15.0,OK
1787113075.279,DIVING,0,339.00,21.61,-0.14,-0.23,1500,1500,0.00,-1.643,-1.430,41.83,0.137,0.461,9.816,-0.064,0.018,-0.025,-9.774,0.331,0.138,0.019,-0.024,0.033,0.000,0.000,0.000,0.00,15.0,OK
1787113075.328,DIVING,0,339.00,21.61,-0.14,-0.23,1500,1500,0.00,-1.632,-1.452,42.77,0.137,0.461,9.816,-0.064,0.018,-0.025,-9.962,0.257,0.152,0.017,-0.038,0.043,0.000,0.000,0.000,0.00,15.0,OK
1787113075.379,DIVING,0,339.00,21.61,-0.15,-0.23,1500,1500,0.00,-1.636,-1.469,43.41,-0.010,0.196,9.777,0.047,-0.037,-0.014,-9.628,0.352,0.098,0.018,-0.042,0.034,0.000,0.000,0.000,0.00,15.0,OK
1787113075.429,DIVING,0,339.00,21.61,-0.15,-0.23,1500,1500,0.00,-1.641,-1.469,43.46,-0.010,0.196,9.777,0.047,-0.037,-0.014,-9.786,0.331,0.179,-0.001,-0.033,0.034,0.000,0.000,0.000,0.00,15.0,OK
1787113075.479,DIVING,0,339.00,21.61,-0.15,-0.23,1500,1500,0.00,-1.641,-1.469,43.46,-0.010,0.196,9.777,0.047,-0.037,-0.014,-9.700,0.195,0.210,0.007,-0.039,0.019,0.000,0.000,0.000,0.00,15.0,OK
1787113075.528,DIVING,0,339.00,21.61,-0.15,-0.23,1500,1500,0.00,-1.641,-1.469,43.46,-0.010,0.196,9.777,0.047,-0.037,-0.014,-9.592,0.395,0.182,0.010,-0.029,-0.007,0.000,0.000,0.000,0.00,15.0,OK
1787113075.578,DIVING,0,339.00,21.61,-0.15,-0.23,1500,1500,0.00,-1.622,-1.462,43.10,-0.010,0.196,9.777,0.047,-0.037,-0.014,-9.821,0.194,0.181,0.008,-0.026,0.008,0.000,0.000,0.000,0.00,15.0,OK
1787113075.629,DIVING,0,340.00,21.61,-0.17,-0.23,1500,1500,0.00,-1.612,-1.448,42.00,0.088,0.353,9.807,0.005,-0.028,-0.008,-9.595,0.197,0.263,0.013,-0.031,-0.024,0.000,0.000,0.000,0.00,15.0,OK
1787113075.680,DIVING,0,340.00,21.61,-0.17,-0.23,1500,1500,0.00,-1.611,-1.449,41.97,0.088,0.353,9.807,0.005,-0.028,-0.008,-9.626,0.266,0.218,0.014,-0.009,-0.038,0.000,0.000,0.000,0.00,15.0,OK
1787113075.728,DIVING,0,340.00,21.61,-0.17,-0.23,1500,1500,0.00,-1.611,-1.449,41.97,0.088,0.353,9.807,0.005,-0.028,-0.008,-9.750,0.288,0.227,0.007,0.001,-0.052,0.000,0.000,0.000,0.00,15.0,OK
1787113075.778,DIVING,0,340.00,21.61,-0.17,-0.23,1500,1500,0.00,-1.611,-1.449,41.97,0.088,0.353,9.807,0.005,-0.028,-0.008,-9.764,0.082,0.220,0.013,-0.008,-0.061,0.000,0.000,0.000,0.00,15.0,OK
1787113075.829,DIVING,0,340.00,21.61,-0.17,-0.23,1500,1500,0.00,-1.611,-1.449,41.97,0.088,0.353,9.807,0.005,-0.028,-0.008,-9.595,0.185,0.266,0.011,-0.004,-0.047,0.000,0.000,0.000,0.00,15.0,OK
1787113075.879,DIVING,0,340.00,21.61,-0.20,-0.23,1500,1500,0.00,-1.611,-1.449,41.97,0.137,0.275,9.718,-0.046,-0.004,-0.014,-9.700,0.164,0.253,0.016,-0.009,-0.030,0.000,0.000,0.000,0.00,15.0,OK
1787113075.929,DIVING,0,340.00,21.61,-0.20,-0.23,1500,1500,0.00,-1.610,-1.376,40.11,0.137,0.275,9.718,-0.046,-0.004,-0.014,-9.816,0.072,0.272,0.023,-0.009,-0.028,0.000,0.000,0.000,0.00,15.0,OK
1787113075.979,DIVING,0,340.00,21.61,-0.20,-0.23,1500,1500,0.00,-1.610,-1.369,40.10,0.137,0.275,9.718,-0.046,-0.004,-0.014,-9.869,0.191,0.272,0.026,-0.007,-0.024,0.000,0.000,0.000,0.00,15.0,OK
1787113076.029,DIVING,0,340.00,21.61,-0.20,-0.23,1500,1500,0.00,-1.603,-1.358,40.12,0.137,0.275,9.718,-0.046,-0.004,-0.014,-9.731,0.154,0.270,0.025,-0.025,-0.023,0.000,0.000,0.000,0.00,15.0,OK
1787113076.078,DIVING,0,340.00,21.61,-0.20,-0.23,1500,1500,0.00,-1.603,-1.358,40.12,0.137,0.275,9.718,-0.046,-0.004,-0.014,-9.757,0.080,0.260,0.031,-0.014,-0.032,0.000,0.000,0.000,0.00,15.0,OK
1787113076.129,DIVING,0,340.00,21.61,-0.22,-0.23,1500,1500,0.00,-1.633,-1.373,40.03,0.157,0.137,9.718,-0.030,-0.015,-0.033,-9.490,0.201,0.244,0.103,-0.005,-0.070,0.000,0.000,0.000,0.00,15.0,OK
1787113076.178,DIVING,0,340.00,21.61,-0.22,-0.23,1500,1500,0.00,-1.648,-1.379,40.79,0.157,0.137,9.718,-0.030,-0.015,-0.033,-9.666,0.143,0.253,0.095,0.002,-0.043,0.000,0.000,0.000,0.00,15.0,OK
1787113076.229,DIVING,0,340.00,21.61,-0.22,-0.23,1500,1500,0.00,-1.641,-1.402,41.53,0.157,0.137,9.718,-0.030,-0.015,-0.033,-9.680,0.141,0.244,0.085,0.012,-0.027,0.000,0.000,0.000,0.00,15.0,OK
1787113076.279,DIVING,0,340.00,21.61,-0.22,-0.23,1500,1500,0.00,-1.641,-1.402,41.53,0.157,0.137,9.718,-0.030,-0.015,-0.033,-9.482,3.152,0.003,0.028,0.003,-0.105,0.000,0.000,0.000,0.00,15.0,OK
1787113076.328,DIVING,0,340.00,21.61,-0.22,-0.23,1500,1500,0.00,-1.639,-1.419,42.03,0.157,0.137,9.718,-0.030,-0.015,-0.033,-9.797,1.199,0.251,-0.002,0.011,-0.016,0.000,0.000,0.000,0.00,15.0,OK
1787113076.378,DIVING,0,341.00,21.61,-0.25,-0.23,1500,1500,0.00,-1.636,-1.429,42.78,0.206,0.147,9.669,-0.039,0.006,-0.003,-9.697,-0.228,0.256,-0.002,0.007,-0.045,0.000,0.000,0.000,0.00,15.0,OK
1787113076.429,DIVING,0,341.00,21.61,-0.25,-0.23,1500,1500,0.00,-1.638,-1.454,43.86,0.206,0.147,9.669,-0.039,0.006,-0.003,-9.709,-0.149,0.239,0.024,0.009,-0.041,0.000,0.000,0.000,0.00,15.0,OK
1787113076.478,DIVING,0,341.00,21.61,-0.25,-0.23,1500,1500,0.00,-1.649,-1.464,43.79,0.206,0.147,9.669,-0.039,0.006,-0.003,-9.695,0.176,0.217,0.010,0.007,-0.066,0.000,0.000,0.000,0.00,15.0,OK
1787113076.529,DIVING,0,341.00,21.61,-0.25,-0.23,1500,1500,0.00,-1.649,-1.464,43.79,0.206,0.147,9.669,-0.039,0.006,-0.003,-9.757,0.149,0.275,0.000,0.001,-0.063,0.000,0.000,0.000,0.00,15.0,OK
1787113076.579,DIVING,0,341.00,21.61,-0.25,-0.23,1500,1500,0.00,-1.635,-1.458,44.15,0.206,0.147,9.669,-0.039,0.006,-0.003,-9.750,-0.303,0.296,0.017,0.003,-0.086,0.000,0.000,0.000,0.00,15.0,OK
1787113076.628,DIVING,0,341.00,21.61,-0.29,-0.23,1500,1500,0.00,-1.626,-1.465,44.86,0.177,0.196,9.767,-0.083,0.003,-0.014,-9.573,-0.394,0.371,0.007,0.002,-0.072,0.000,0.000,0.000,0.00,15.0,OK
1787113076.679,DIVING,0,341.00,21.61,-0.29,-0.23,1500,1500,0.00,-1.624,-1.465,44.78,0.177,0.196,9.767,-0.083,0.003,-0.014,-10.027,1.892,0.111,-0.037,0.003,-0.123,0.000,0.000,0.000,0.00,15.0,OK
1787113076.728,DIVING,0,341.00,21.61,-0.29,-0.23,1500,1500,0.00,-1.624,-1.465,44.78,0.177,0.196,9.767,-0.083,0.003,-0.014,-9.750,-0.695,0.203,-0.047,0.001,-0.012,0.000,0.000,0.000,0.00,15.0,OK
1787113076.778,DIVING,0,341.00,21.61,-0.29,-0.23,1500,1500,0.00,-1.618,-1.461,45.22,0.177,0.196,9.767,-0.083,0.003,-0.014,-9.509,-0.881,0.285,0.025,0.005,-0.025,0.000,0.000,0.000,0.00,15.0,OK
1787113076.828,DIVING,0,341.00,21.61,-0.29,-0.23,1500,1500,0.00,-1.616,-1.459,45.14,0.177,0.196,9.767,-0.083,0.003,-0.014,-9.769,-0.446,0.217,0.013,0.009,0.002,0.000,0.000,0.000,0.00,15.0,OK
1787113076.878,DIVING,0,341.00,21.61,-0.34,-0.23,1500,1500,0.00,-1.616,-1.459,45.14,0.118,-0.127,9.738,0.009,0.004,-0.017,-9.785,0.405,0.179,-0.012,0.009,-0.036,0.000,0.000,0.000,0.00,15.0,OK
1787113076.929,DIVING,0,341.00,21.61,-0.34,-0.23,1500,1500,0.00,-1.606,-1.428,43.98,0.118,-0.127,9.738,0.009,0.004,-0.017,-9.638,-0.655,0.325,0.009,0.017,-0.017,0.000,0.000,0.000,0.00,15.0,OK
1787113076.978,DIVING,0,341.00,21.61,-0.34,-0.23,1500,1500,0.00,-1.608,-1.401,44.05,0.118,-0.127,9.738,0.009,0.004,-0.017,-9.735,-0.276,0.258,0.007,0.020,-0.007,0.000,0.000,0.000,0.00,15.0,OK
1787113077.028,DIVING,0,341.00,21.61,-0.34,-0.23,1500,1500,0.00,-1.608,-1.382,43.05,0.118,-0.127,9.738,0.009,0.004,-0.017,-9.714,-0.223,0.203,0.006,0.021,-0.011,0.000,0.000,0.000,0.00,15.0,OK
1787113077.079,DIVING,0,341.00,21.61,-0.34,-0.23,1500,1500,0.00,-1.613,-1.371,43.25,0.118,-0.127,9.738,0.009,0.004,-0.017,-9.628,-0.081,0.153,0.001,0.023,0.006,0.000,0.000,0.000,0.00,15.2,OK
1787113077.128,DIVING,0,341.00,21.61,-0.39,-0.23,1500,1500,0.00,-1.613,-1.371,43.25,0.157,-0.235,9.679,0.012,0.026,0.001,-9.618,-0.244,0.220,0.002,0.022,0.033,0.000,0.000,0.000,0.00,15.2,OK
1787113077.179,DIVING,0,341.00,21.61,-0.39,-0.23,1500,1500,0.00,-1.603,-1.354,43.08,0.157,-0.235,9.679,0.012,0.026,0.001,-9.683,-0.113,0.110,-0.002,0.026,0.034,0.000,0.000,0.000,0.00,15.2,OK
1787113077.228,DIVING,0,341.00,21.61,-0.39,-0.23,1500,1500,0.00,-1.601,-1.355,43.08,0.157,-0.235,9.679,0.012,0.026,0.001,-10.217,0.220,0.161,0.066,0.052,-0.041,0.000,0.000,0.000,0.00,15.2,OK
1787113077.278,DIVING,0,341.00,21.61,-0.39,-0.23,1500,1500,0.00,-1.590,-1.334,41.73,0.157,-0.235,9.679,0.012,0.026,0.001,-9.709,-0.625,0.158,-0.041,0.022,0.012,0.000,0.000,0.000,0.00,15.2,OK
1787113077.328,DIVING,0,341.00,21.61,-0.39,-0.23,1500,1500,0.00,-1.590,-1.334,41.73,0.157,-0.235,9.679,0.012,0.026,0.001,-9.871,-0.419,0.078,-0.031,0.027,0.037,0.000,0.000,0.000,0.00,15.2,OK
1787113077.378,DIVING,0,341.00,21.61,-0.45,-0.23,1500,1500,0.00,-1.598,-1.323,42.21,0.098,-0.118,9.709,0.046,0.026,0.028,-9.650,-0.411,0.107,-0.020,0.030,0.040,0.000,0.000,0.000,0.00,15.2,OK
1787113077.429,DIVING,0,341.00,21.61,-0.45,-0.23,1500,1500,0.00,-1.572,-1.311,42.43,0.098,-0.118,9.709,0.046,0.026,0.028,-9.726,-0.348,0.119,-0.017,0.037,0.059,0.000,0.000,0.000,0.00,15.2,OK
1787113077.479,DIVING,0,341.00,21.61,-0.45,-0.23,1500,1500,0.00,-1.555,-1.294,42.33,0.098,-0.118,9.709,0.046,0.026,0.028,-9.680,-0.343,0.062,-0.010,0.028,0.060,0.000,0.000,0.000,0.00,15.2,OK
1787113077.529,DIVING,0,341.00,21.61,-0.45,-0.23,1500,1500,0.00,-1.555,-1.294,42.33,0.098,-0.118,9.709,0.046,0.026,0.028,-9.790,-0.229,0.050,0.000,0.024,0.058,0.000,0.000,0.000,0.00,15.2,OK
1787113077.579,DIVING,0,341.00,21.61,-0.45,-0.23,1500,1500,0.00,-1.547,-1.243,42.16,0.098,-0.118,9.709,0.046,0.026,0.028,-9.740,-0.123,0.052,0.001,0.021,0.058,0.000,0.000,0.000,0.00,15.2,OK
1787113077.629,DIVING,0,341.00,21.61,-0.49,-0.23,1500,1500,0.00,-1.542,-1.232,41.78,-0.020,-0.294,9.689,0.058,0.022,-0.004,-9.575,1.240,0.031,-0.011,0.016,0.022,0.000,0.000,0.000,0.00,15.2,OK
1787113077.678,DIVING,0,341.00,21.61,-0.49,-0.23,1500,1500,0.00,-1.542,-1.232,41.78,-0.020,-0.294,9.689,0.058,0.022,-0.004,-9.728,-0.066,0.062,-0.002,0.019,0.074,0.000,0.000,0.000,0.00,15.2,OK
1787113077.728,DIVING,0,341.00,21.61,-0.49,-0.23,1500,1500,0.00,-1.542,-1.232,41.78,-0.020,-0.294,9.689,0.058,0.022,-0.004,-9.514,0.829,0.098,0.058,0.031,-0.084,0.000,0.000,0.000,0.00,15.2,OK
1787113077.778,DIVING,0,341.00,21.61,-0.49,-0.23,1500,1500,0.00,-1.542,-1.232,41.78,-0.020,-0.294,9.689,0.058,0.022,-0.004,-9.726,-0.544,0.014,0.013,0.028,0.055,0.000,0.000,0.000,0.00,15.2,OK
1787113077.829,DIVING,0,341.00,21.61,-0.49,-0.23,1500,1500,0.00,-1.542,-1.232,41.78,-0.020,-0.294,9.689,0.058,0.022,-0.004,-9.847,-0.163,-0.027,0.013,0.021,0.003,0.000,0.000,0.000,0.00,15.2,OK
1787113077.879,DIVING,0,341.00,21.61,-0.56,-0.23,1500,1500,0.00,-1.542,-1.232,41.78,-0.020,-0.078,9.738,0.018,0.016,-0.014,-9.836,-0.110,0.023,0.017,0.014,0.030,0.000,0.000,0.000,0.00,15.2,OK
1787113077.928,DIVING,0,341.00,21.61,-0.56,-0.23,1500,1500,0.00,-1.542,-1.232,41.78,-0.020,-0.078,9.738,0.018,0.016,-0.014,-9.759,-0.037,-0.036,0.018,0.004,0.006,0.000,0.000,0.000,0.00,15.2,OK
1787113077.978,DIVING,0,341.00,21.61,-0.56,-0.23,1500,1500,0.00,-1.542,-1.232,41.78,-0.020,-0.078,9.738,0.018,0.016,-0.014,-9.743,0.018,-0.053,0.018,0.010,0.017,0.000,0.000,0.000,0.00,15.2,OK
1787113078.029,DIVING,0,341.00,21.61,-0.56,-0.23,1500,1500,0.00,-1.542,-1.232,41.78,-0.020,-0.078,9.738,0.018,0.016,-0.014,-9.752,0.042,-0.087,0.019,0.005,0.020,0.000,0.000,0.000,0.00,15.2,OK
1787113078.078,DIVING,0,341.00,21.61,-0.56,-0.23,1500,1500,0.00,-1.542,-1.232,41.78,-0.020,-0.078,9.738,0.018,0.016,-0.014,-9.747,-0.061,-0.132,0.036,0.009,0.026,0.000,0.000,0.000,0.00,15.2,OK
1787113078.129,DIVING,0,331.00,21.61,-0.61,-0.23,1500,1500,0.00,-1.542,-1.232,41.78,-0.098,-0.039,9.748,0.012,0.005,-0.042,-9.821,-0.086,0.011,0.058,0.005,0.008,0.000,0.000,0.000,0.00,14.3,OK
1787113078.178,DIVING,0,331.00,21.61,-0.61,-0.23,1500,1500,0.00,-1.542,-1.232,41.78,-0.098,-0.039,9.748,0.012,0.005,-0.042,-9.714,-0.166,-0.015,0.085,-0.005,0.015,0.000,0.000,0.000,0.00,14.3,OK
1787113078.228,DIVING,0,331.00,21.61,-0.61,-0.23,1500,1500,0.00,-1.542,-1.232,41.78,-0.098,-0.039,9.748,0.012,0.005,-0.042,-9.795,-0.291,0.069,0.113,-0.004,0.026,0.000,0.000,0.000,0.00,14.3,OK
1787113078.278,DIVING,0,331.00,21.61,-0.61,-0.23,1500,1500,0.00,-1.542,-1.232,41.78,-0.098,-0.039,9.748,0.012,0.005,-0.042,-9.783,-0.442,0.102,0.080,-0.003,0.033,0.000,0.000,0.000,0.00,14.3,OK
1787113078.328,DIVING,0,331.00,21.61,-0.61,-0.23,1500,1500,0.00,-1.536,-1.235,42.40,-0.098,-0.039,9.748,0.012,0.005,-0.042,-9.931,-0.078,0.054,0.114,-0.010,-0.014,0.000,0.000,0.000,0.00,14.3,OK
1787113078.378,DIVING,0,326.00,21.61,-0.69,-0.23,1500,1500,0.00,-1.536,-1.235,42.40,-0.255,0.206,9.777,0.002,-0.013,-0.109,-9.871,0.033,0.045,0.122,-0.014,0.013,0.000,0.000,0.000,0.00,14.3,OK
1787113078.428,DIVING,0,326.00,21.61,-0.69,-0.23,1500,1500,0.00,-1.512,-1.214,42.29,-0.255,0.206,9.777,0.002,-0.013,-0.109,-9.805,0.008,0.011,0.135,-0.015,-0.016,0.000,0.000,0.000,0.00,14.3,OK
1787113078.479,DIVING,0,326.00,21.61,-0.69,-0.23,1500,1500,0.00,-1.512,-1.214,42.29,-0.255,0.206,9.777,0.002,-0.013,-0.109,-9.872,-0.053,0.047,0.148,-0.018,-0.010,0.000,0.000,0.000,0.00,14.3,OK
1787113078.528,DIVING,0,326.00,21.61,-0.69,-0.23,1500,1500,0.00,-1.511,-1.215,42.39,-0.255,0.206,9.777,0.002,-0.013,-0.109,-9.814,0.134,-0.037,0.163,-0.012,-0.012,0.000,0.000,0.000,0.00,14.3,OK
1787113078.579,DIVING,0,326.00,21.61,-0.69,-0.23,1500,1500,0.00,-1.511,-1.215,42.39,-0.255,0.206,9.777,0.002,-0.013,-0.109,-9.781,0.218,-0.027,0.171,-0.002,-0.037,0.000,0.000,0.000,0.00,14.3,OK
1787113078.629,DIVING,0,322.00,21.61,-0.75,-0.23,1500,1500,0.00,-1.511,-1.215,42.39,-0.098,0.206,9.836,-0.028,-0.004,-0.172,-9.640,1.012,-0.086,0.174,0.002,-0.103,0.000,0.000,0.000,0.00,14.3,OK
1787113078.678,DIVING,0,322.00,21.61,-0.75,-0.23,1500,1500,0.00,-1.511,-1.215,42.39,-0.098,0.206,9.836,-0.028,-0.004,-0.172,-9.764,-0.772,0.131,0.154,-0.008,-0.043,0.000,0.000,0.000,0.00,14.3,OK
1787113078.729,DIVING,0,322.00,21.61,-0.75,-0.23,1500,1500,0.00,-1.511,-1.215,42.39,-0.098,0.206,9.836,-0.028,-0.004,-0.172,-9.773,-0.573,0.072,0.232,0.005,-0.014,0.000,0.000,0.000,0.00,14.3,OK
1787113078.778,DIVING,0,322.00,21.61,-0.75,-0.23,1500,1500,0.00,-1.511,-1.215,42.39,-0.098,0.206,9.836,-0.028,-0.004,-0.172,-10.088,-0.582,0.080,0.193,0.001,0.018,0.000,0.000,0.000,0.00,14.3,OK
1787113078.828,DIVING,0,322.00,21.61,-0.75,-0.23,1500,1500,0.00,-1.511,-1.215,42.39,-0.098,0.206,9.836,-0.028,-0.004,-0.172,-10.258,0.090,0.022,0.213,-0.001,-0.011,0.000,0.000,0.000,0.00,14.3,OK
1787113078.879,DIVING,0,320.00,21.61,-0.83,-0.23,1500,1500,0.00,-1.511,-1.215,42.39,-0.059,0.167,9.846,-0.011,-0.005,-0.219,-9.855,0.129,-0.032,0.213,0.003,-0.015,0.000,0.000,0.000,0.00,14.3,OK
1787113078.928,DIVING,0,320.00,21.61,-0.83,-0.23,1500,1500,0.00,-1.511,-1.215,42.39,-0.059,0.167,9.846,-0.011,-0.005,-0.219,-9.902,-0.039,-0.070,0.211,0.002,-0.023,0.000,0.000,0.000,0.00,14.3,OK
1787113078.978,DIVING,0,320.00,21.61,-0.83,-0.23,1500,1500,0.00,-1.511,-1.215,42.39,-0.059,0.167,9.846,-0.011,-0.005,-0.219,-9.738,-0.080,-0.000,0.208,-0.002,-0.005,0.000,0.000,0.000,0.00,14.3,OK
1787113079.028,DIVING,0,320.00,21.61,-0.83,-0.23,1500,1500,0.00,-1.505,-1.210,42.51,-0.059,0.167,9.846,-0.011,-0.005,-0.219,-9.800,-0.119,-0.013,0.204,0.002,-0.022,0.000,0.000,0.000,0.00,14.3,OK
1787113079.078,DIVING,0,320.00,21.61,-0.83,-0.23,1500,1500,0.00,-1.505,-1.210,42.51,-0.059,0.167,9.846,-0.011,-0.005,-0.219,-9.903,0.365,0.052,0.192,-0.001,-0.011,0.000,0.000,0.000,0.00,14.3,OK
1787113079.128,DIVING,0,319.00,21.61,-0.88,-0.23,1500,1500,0.00,-1.505,-1.210,42.51,-0.049,0.108,9.787,-0.007,-0.001,-0.193,-9.926,0.915,-0.118,0.183,0.003,0.002,0.000,0.000,0.000,0.00,14.3,OK
1787113079.178,DIVING,0,319.00,21.61,-0.88,-0.23,1500,1500,0.00,-1.505,-1.210,42.51,-0.049,0.108,9.787,-0.007,-0.001,-0.193,-9.785,0.670,-0.111,0.200,0.011,-0.017,0.000,0.000,0.000,0.00,15.2,OK
1787113079.228,DIVING,0,319.00,21.61,-0.88,-0.23,1500,1500,0.00,-1.505,-1.210,42.51,-0.049,0.108,9.787,-0.007,-0.001,-0.193,-9.778,-0.076,-0.012,0.201,0.010,-0.009,0.000,0.000,0.000,0.00,15.2,OK
1787113079.278,DIVING,0,319.00,21.61,-0.88,-0.23,1500,1500,0.00,-1.505,-1.210,42.51,-0.049,0.108,9.787,-0.007,-0.001,-0.193,-9.795,-0.172,0.073,0.187,0.003,-0.003,0.000,0.000,0.000,0.00,15.2,OK
1787113079.329,DIVING,0,319.00,21.61,-0.88,-0.23,1500,1500,0.00,-1.505,-1.210,42.51,-0.049,0.108,9.787,-0.007,-0.001,-0.193,-9.872,-0.139,0.011,0.188,0.003,-0.015,0.000,0.000,0.000,0.00,15.2,OK
1787113079.379,DIVING,0,320.00,21.61,-0.95,-0.23,1500,1500,0.00,-1.506,-1.190,41.76,-0.020,-0.069,9.807,-0.001,0.003,-0.194,-9.814,-0.026,-0.046,0.195,0.007,-0.003,0.000,0.000,0.000,0.00,15.2,OK
1787113079.428,DIVING,0,320.00,21.61,-0.95,-0.23,1500,1500,0.00,-1.499,-1.179,41.65,-0.020,-0.069,9.807,-0.001,0.003,-0.194,-9.695,-0.058,-0.055,0.193,0.009,-0.015,0.000,0.000,0.000,0.00,15.2,OK
1787113079.479,DIVING,0,320.00,21.61,-0.95,-0.23,1500,1500,0.00,-1.503,-1.152,40.71,-0.020,-0.069,9.807,-0.001,0.003,-0.194,-9.795,0.077,-0.084,0.179,0.007,-0.035,0.000,0.000,0.000,0.00,15.2,OK
1787113079.529,DIVING,0,320.00,21.61,-0.95,-0.23,1500,1500,0.00,-1.503,-1.152,40.71,-0.020,-0.069,9.807,-0.001,0.003,-0.194,-9.783,0.237,-0.051,0.173,0.005,-0.041,0.000,0.000,0.000,0.00,15.2,OK
1787113079.578,DIVING,0,320.00,21.61,-0.95,-0.23,1500,1500,0.00,-1.502,-1.151,40.57,-0.020,-0.069,9.807,-0.001,0.003,-0.194,-9.862,-0.534,0.066,0.199,0.003,-0.038,0.000,0.000,0.000,0.00,15.2,OK
1787113079.628,DIVING,0,321.00,21.61,-1.01,-0.23,1500,1500,0.00,-1.499,-1.093,37.75,-0.088,0.000,9.807,-0.030,0.005,-0.208,-9.855,-0.029,0.006,0.236,0.014,-0.008,0.000,0.000,0.000,0.00,15.2,OK
1787113079.679,ROTATING,0,321.00,21.61,-1.01,-0.23,1500,1500,0.00,-1.499,-1.093,37.75,-0.088,0.000,9.807,-0.030,0.005,-0.208,-9.833,-0.502,0.016,0.194,0.003,-0.025,0.000,0.000,0.000,0.00,15.2,OK
1787113079.728,ROTATING,0,321.00,21.61,-1.01,-0.23,1500,1100,0.00,-1.490,-1.052,37.10,-0.088,0.000,9.807,-0.030,0.005,-0.208,-9.699,-0.080,-0.055,0.192,0.008,-0.039,0.000,0.000,0.000,0.00,15.2,OK
1787113079.778,ROTATING,0,321.00,21.61,-1.01,-0.23,1500,1100,0.00,-1.484,-1.030,36.86,-0.088,0.000,9.807,-0.030,0.005,-0.208,-9.938,-0.056,-0.006,0.157,0.014,-0.001,0.000,0.000,0.000,0.00,15.2,OK
1787113079.829,ROTATING,0,321.00,21.61,-1.01,-0.23,1500,1100,0.00,-1.485,-1.033,36.85,-0.088,0.000,9.807,-0.030,0.005,-0.208,-9.907,0.018,-0.046,0.124,0.016,-0.007,0.000,0.000,0.000,0.00,15.2,OK
1787113079.878,ROTATING,0,321.00,21.61,-1.09,-0.23,1500,1100,0.00,-1.485,-1.033,36.85,0.000,-0.177,9.767,-0.006,0.012,-0.118,-10.034,0.409,-0.164,0.062,0.012,0.009,0.000,0.000,0.000,0.00,15.2,OK
1787113079.928,ROTATING,0,321.00,21.61,-1.09,-0.23,1500,1100,0.00,-1.485,-1.033,36.85,0.000,-0.177,9.767,-0.006,0.012,-0.118,-10.041,0.784,-0.255,-0.058,0.010,-0.002,0.000,0.000,0.000,0.00,15.2,OK
1787113079.978,ROTATING,0,321.00,21.61,-1.09,-0.23,1500,1100,0.00,-1.470,-1.014,37.08,0.000,-0.177,9.767,-0.006,0.012,-0.118,-10.098,1.558,0.116,-0.300,-0.008,0.046,0.000,0.000,0.000,0.00,15.2,OK
1787113080.028,ROTATING,0,321.00,21.61,-1.09,-0.23,1500,1100,0.00,-1.451,-1.001,36.91,0.000,-0.177,9.767,-0.006,0.012,-0.118,-10.129,1.030,-0.145,-0.501,-0.015,0.045,0.000,0.000,0.000,0.00,15.2,OK
1787113080.079,ROTATING,0,321.00,21.61,-1.09,-0.23,1500,1100,0.00,-1.443,-0.991,35.72,0.000,-0.177,9.767,-0.006,0.012,-0.118,-9.862,0.703,-0.144,-0.638,-0.023,-0.007,0.000,0.000,0.000,0.00,15.2,OK
1787113080.128,ROTATING,0,315.00,21.61,-1.13,-0.23,1500,1100,0.00,-1.443,-0.991,35.72,-0.108,-0.147,9.924,-0.015,-0.011,0.665,-10.034,0.579,-0.154,-0.760,-0.025,-0.010,0.000,0.000,0.000,0.00,15.2,OK
1787113080.179,ROTATING,0,315.00,21.61,-1.13,-0.23,1500,1100,0.00,-1.449,-0.998,36.06,-0.108,-0.147,9.924,-0.015,-0.011,0.665,-9.993,0.345,-0.286,-0.843,-0.024,-0.019,0.000,0.000,0.000,0.00,15.0,OK
1787113080.229,ROTATING,0,315.00,21.61,-1.13,-0.23,1500,1100,0.00,-1.449,-0.998,36.06,-0.108,-0.147,9.924,-0.015,-0.011,0.665,-9.974,0.132,-0.315,-0.902,-0.031,-0.007,0.000,0.000,0.000,0.00,15.0,OK
1787113080.279,ROTATING,0,315.00,21.61,-1.13,-0.23,1500,1100,0.00,-1.449,-0.998,36.06,-0.108,-0.147,9.924,-0.015,-0.011,0.665,-10.148,0.388,-0.334,-0.958,-0.040,-0.015,0.000,0.000,0.000,0.00,15.0,OK
1787113080.328,ROTATING,0,315.00,21.61,-1.13,-0.23,1500,1100,0.00,-1.449,-0.998,36.06,-0.108,-0.147,9.924,-0.015,-0.011,0.665,-9.829,0.122,-0.266,-0.988,-0.041,-0.028,0.000,0.000,0.000,0.00,15.0,OK
1787113080.378,ROTATING,0,302.00,21.61,-1.18,-0.23,1500,1100,0.00,-1.449,-0.998,36.06,-0.177,-0.069,9.944,-0.023,-0.029,1.022,-9.786,0.065,-0.302,-1.029,-0.039,-0.006,0.000,0.000,0.000,0.00,15.0,OK
1787113080.428,ROTATING,0,302.00,21.61,-1.18,-0.23,1500,1100,0.00,-1.449,-0.998,36.06,-0.177,-0.069,9.944,-0.023,-0.029,1.022,-9.878,0.057,-0.417,-1.065,-0.027,-0.009,0.000,0.000,0.000,0.00,15.0,OK
1787113080.478,ROTATING,0,302.00,21.61,-1.18,-0.23,1500,1100,0.00,-1.449,-0.998,36.06,-0.177,-0.069,9.944,-0.023,-0.029,1.022,-9.936,0.161,-0.432,-1.101,-0.023,0.002,0.000,0.000,0.000,0.00,15.0,OK
1787113080.529,ROTATING,0,302.00,21.61,-1.18,-0.23,1500,1100,0.00,-1.449,-0.998,36.06,-0.177,-0.069,9.944,-0.023,-0.029,1.022,-9.891,0.181,-0.448,-1.133,-0.023,-0.001,0.000,0.000,0.000,0.00,15.0,OK
1787113080.579,ROTATING,0,302.00,21.61,-1.18,-0.23,1500,1100,0.00,-1.449,-0.998,36.06,-0.177,-0.069,9.944,-0.023,-0.029,1.022,-9.962,0.084,-0.406,-1.153,-0.019,0.020,0.000,0.000,0.000,0.00,15.0,OK
1787113080.628,ROTATING,0,278.00,21.61,-1.21,-0.23,1500,1100,0.00,-1.449,-0.998,36.06,-0.157,-0.029,9.973,-0.014,-0.007,1.178,-9.998,-0.253,-0.465,-1.158,-0.031,-0.001,0.000,0.000,0.000,0.00,15.0,OK
1787113080.679,ROTATING,0,278.00,21.61,-1.21,-0.23,1500,1100,0.00,-1.449,-0.998,36.06,-0.157,-0.029,9.973,-0.014,-0.007,1.178,-10.022,-0.127,-0.413,-1.155,-0.037,-0.004,0.000,0.000,0.000,0.00,15.0,OK
1787113080.729,ROTATING,0,278.00,21.61,-1.21,-0.23,1500,1100,0.00,-1.449,-0.998,36.06,-0.157,-0.029,9.973,-0.014,-0.007,1.178,-9.910,-0.144,-0.336,-1.140,-0.043,0.004,0.000,0.000,0.000,0.00,15.0,OK
1787113080.778,ROTATING,0,278.00,21.61,-1.21,-0.23,1500,1100,0.00,-1.449,-0.998,36.06,-0.157,-0.029,9.973,-0.014,-0.007,1.178,-10.010,-0.153,0.758,-0.766,0.018,-0.164,0.000,0.000,0.000,0.00,15.0,OK
1787113080.828,ROTATING,0,278.00,21.61,-1.21,-0.23,1500,1100,0.00,-1.449,-0.998,36.06,-0.157,-0.029,9.973,-0.014,-0.007,1.178,-10.139,-0.300,-0.368,-0.931,-0.035,-0.027,0.000,0.000,0.000,0.00,15.0,OK
1787113080.879,ROTATING,0,246.00,21.61,-1.25,-0.23,1500,1100,0.00,-1.449,-0.998,36.06,-0.098,-0.039,9.915,-0.056,-0.024,0.952,-10.079,-0.022,-0.399,-0.944,-0.038,0.048,0.000,0.000,0.000,0.00,15.0,OK
1787113080.929,ROTATING,0,246.00,21.61,-1.25,-0.23,1500,1100,0.00,-1.449,-0.998,36.06,-0.098,-0.039,9.915,-0.056,-0.024,0.952,-10.048,-0.182,-0.396,-0.940,-0.037,0.080,0.000,0.000,0.000,0.00,15.0,OK
1787113080.978,ROTATING,0,246.00,21.61,-1.25,-0.23,1500,1100,0.00,-1.449,-0.998,36.06,-0.098,-0.039,9.915,-0.056,-0.024,0.952,-9.972,-0.167,-0.312,-0.940,-0.024,0.078,0.000,0.000,0.000,0.00,15.0,OK
1787113081.029,ROTATING,0,246.00,21.61,-1.25,-0.23,1500,1100,0.00,-1.449,-0.998,36.06,-0.098,-0.039,9.915,-0.056,-0.024,0.952,-9.957,-0.104,-0.353,-0.931,-0.022,0.058,0.000,0.000,0.000,0.00,15.0,OK
1787113081.079,ROTATING,0,246.00,21.61,-1.25,-0.23,1500,1100,0.00,-1.449,-0.998,36.06,-0.098,-0.039,9.915,-0.056,-0.024,0.952,-9.974,-0.167,-0.267,-0.923,-0.016,0.050,0.000,0.000,0.000,0.00,15.0,OK
1787113081.128,ROTATING,0,219.00,21.61,-1.26,-0.23,1500,1100,0.00,-1.449,-0.998,36.06,-0.206,-0.147,9.915,0.035,-0.004,0.942,-10.075,-0.252,-0.336,-0.906,-0.019,0.053,0.000,0.000,0.000,0.00,15.0,OK
1787113081.179,ROTATING,0,219.00,21.61,-1.26,-0.23,1500,1100,0.00,-1.449,-0.998,36.06,-0.206,-0.147,9.915,0.035,-0.004,0.942,-9.817,0.050,-0.364,-0.919,-0.019,0.030,0.000,0.000,0.000,0.00,15.0,OK
1787113081.228,ROTATING,0,219.00,21.61,-1.26,-0.23,1500,1100,0.00,-1.449,-0.998,36.06,-0.206,-0.147,9.915,0.035,-0.004,0.942,-9.989,-0.062,-0.329,-0.925,-0.026,0.031,0.000,0.000,0.000,0.00,15.0,OK
1787113081.278,ROTATING,0,219.00,21.61,-1.26,-0.23,1500,1100,0.00,-1.449,-0.998,36.06,-0.206,-0.147,9.915,0.035,-0.004,0.942,-9.962,-0.336,-0.161,-0.918,-0.026,0.002,0.000,0.000,0.000,0.00,15.0,OK
1787113081.329,ROTATING,0,219.00,21.61,-1.26,-0.23,1500,1100,0.00,-1.449,-0.998,36.06,-0.206,-0.147,9.915,0.035,-0.004,0.942,-9.752,-0.279,-0.276,-0.914,-0.022,-0.006,0.000,0.000,0.000,0.00,15.0,OK
1787113081.378,ROTATING,0,199.00,21.61,-1.27,-0.23,1500,1100,0.00,-1.449,-0.998,36.06,0.020,0.000,9.905,-0.020,-0.012,0.936,-9.805,-0.102,-0.252,-0.913,-0.016,-0.008,0.000,0.000,0.000,0.00,15.0,OK
1787113081.428,ROTATING,0,199.00,21.61,-1.27,-0.23,1500,1900,0.00,-1.449,-0.998,36.06,0.020,0.000,9.905,-0.020,-0.012,0.936,-9.819,-0.167,-0.166,-0.922,-0.000,0.005,0.000,0.000,0.000,0.00,15.0,OK
1787113081.479,ROTATING,0,199.00,21.61,-1.27,-0.23,1500,1900,0.00,-1.449,-0.998,36.06,0.020,0.000,9.905,-0.020,-0.012,0.936,-9.871,-0.826,-0.034,-0.859,0.006,-0.029,0.000,0.000,0.000,0.00,15.0,OK
1787113081.528,ROTATING,0,199.00,21.61,-1.27,-0.23,1500,1900,0.00,-1.449,-0.998,36.06,0.020,0.000,9.905,-0.020,-0.012,0.936,-9.738,-1.271,-0.041,-0.709,0.019,-0.036,0.000,0.000,0.000,0.00,15.0,OK
1787113081.578,ROTATING,0,199.00,21.61,-1.27,-0.23,1500,1900,0.00,-1.449,-0.998,36.06,0.020,0.000,9.905,-0.020,-0.012,0.936,-9.864,-1.505,-0.049,-0.543,0.030,-0.061,0.000,0.000,0.000,0.00,15.0,OK
1787113081.628,ROTATING,0,183.00,21.61,-1.28,-0.23,1500,1900,0.00,-1.449,-0.998,36.06,0.078,0.000,9.826,-0.069,0.037,0.542,-9.869,-1.608,0.009,-0.356,0.037,-0.067,0.000,0.000,0.000,0.00,15.0,OK
1787113081.679,ROTATING,0,183.00,21.61,-1.28,-0.23,1500,1900,0.00,-1.449,-0.998,36.06,0.078,0.000,9.826,-0.069,0.037,0.542,-9.819,-1.157,-0.096,-0.216,0.044,-0.072,0.000,0.000,0.000,0.00,15.0,OK
1787113081.729,ROTATING,0,183.00,21.61,-1.28,-0.23,1500,1900,0.00,-1.449,-0.998,36.06,0.078,0.000,9.826,-0.069,0.037,0.542,-9.810,-1.540,-0.118,-0.063,0.058,-0.050,0.000,0.000,0.000,0.00,15.0,OK
1787113081.779,ROTATING,0,183.00,21.61,-1.28,-0.23,1500,1900,0.00,-1.440,-1.013,36.59,0.078,0.000,9.826,-0.069,0.037,0.542,-9.748,-1.601,-0.123,0.088,0.071,-0.060,0.000,0.000,0.000,0.00,15.0,OK
1787113081.828,ROTATING,0,183.00,21.61,-1.28,-0.23,1500,1900,0.00,-1.435,-1.015,36.74,0.078,0.000,9.826,-0.069,0.037,0.542,-9.819,-1.334,-0.152,0.221,0.073,-0.065,0.000,0.000,0.000,0.00,15.0,OK
1787113081.878,ROTATING,0,180.00,21.61,-1.27,-0.23,1500,1900,0.00,-1.426,-1.023,37.06,-0.196,-0.245,9.807,-0.062,0.072,-0.242,-9.805,-1.621,-0.185,0.363,0.084,-0.051,0.000,0.000,0.000,0.00,15.0,OK
1787113081.929,ROTATING,0,180.00,21.61,-1.27,-0.23,1500,1900,0.00,-1.426,-1.023,37.06,-0.196,-0.245,9.807,-0.062,0.072,-0.242,-9.783,-1.750,-0.125,0.524,0.084,-0.050,0.000,0.000,0.000,0.00,15.0,OK
1787113081.978,ROTATING,0,180.00,21.61,-1.27,-0.23,1500,1900,0.00,-1.410,-1.032,37.75,-0.196,-0.245,9.807,-0.062,0.072,-0.242,-9.678,-1.672,-0.295,0.670,0.093,-0.043,0.000,0.000,0.000,0.00,15.0,OK
1787113082.028,ROTATING,0,180.00,21.61,-1.27,-0.23,1500,1900,0.00,-1.414,-1.028,38.09,-0.196,-0.245,9.807,-0.062,0.072,-0.242,-9.740,-1.479,-0.520,0.813,0.096,-0.017,0.000,0.000,0.000,0.00,15.0,OK
1787113082.078,ROTATING,0,180.00,21.61,-1.27,-0.23,1500,1900,0.00,-1.414,-1.028,38.09,-0.196,-0.245,9.807,-0.062,0.072,-0.242,-9.788,-1.423,-0.551,0.926,0.105,0.005,0.000,0.000,0.000,0.00,15.0,OK
1787113082.128,ROTATING,0,188.00,21.61,-1.28,-0.23,1500,1900,0.00,-1.414,-1.028,38.09,-0.304,-0.481,9.787,0.020,0.094,-0.966,-9.857,-1.373,-0.724,1.023,0.107,0.026,0.000,0.000,0.000,0.00,15.0,OK
1787113082.178,ROTATING,0,188.00,21.61,-1.28,-0.23,1500,1900,0.00,-1.414,-1.028,38.09,-0.304,-0.481,9.787,0.020,0.094,-0.966,-9.719,-1.084,-0.652,1.093,0.109,0.049,0.000,0.000,0.000,0.00,15.0,OK
1787113082.228,ROTATING,0,188.00,21.61,-1.28,-0.23,1500,1900,0.00,-1.414,-1.028,38.09,-0.304,-0.481,9.787,0.020,0.094,-0.966,-9.707,-1.180,-0.831,1.158,0.107,0.087,0.000,0.000,0.000,0.00,15.2,OK
1787113082.279,ROTATING,0,188.00,21.61,-1.28,-0.23,1500,1900,0.00,-1.414,-1.028,38.09,-0.304,-0.481,9.787,0.020,0.094,-0.966,-9.673,-0.995,-0.663,1.211,0.102,0.070,0.000,0.000,0.000,0.00,15.2,OK
1787113082.328,ROTATING,0,188.00,21.61,-1.28,-0.23,1500,1900,0.00,-1.414,-1.028,38.09,-0.304,-0.481,9.787,0.020,0.094,-0.966,-9.912,-1.032,-0.973,1.251,0.092,0.085,0.000,0.000,0.000,0.00,15.2,OK
1787113082.378,ROTATING,0,203.00,21.61,-1.25,-0.23,1500,1900,0.00,-1.414,-1.028,38.09,-0.324,-0.637,9.738,0.092,0.082,-1.282,-9.650,-0.744,-0.826,1.276,0.104,0.067,0.000,0.000,0.000,0.00,15.2,OK
1787113082.429,ROTATING,0,203.00,21.61,-1.25,-0.23,1500,1100,0.00,-1.414,-1.028,38.09,-0.324,-0.637,9.738,0.092,0.082,-1.282,-9.834,-0.512,-0.898,1.295,0.112,0.064,0.000,0.000,0.000,0.00,15.2,OK
1787113082.479,ROTATING,0,203.00,21.61,-1.25,-0.23,1500,1100,0.00,-1.414,-1.028,38.09,-0.324,-0.637,9.738,0.092,0.082,-1.282,-9.743,0.032,-1.113,1.246,0.113,0.085,0.000,0.000,0.000,0.00,15.2,OK
1787113082.528,ROTATING,0,203.00,21.61,-1.25,-0.23,1500,1100,0.00,-1.414,-1.028,38.09,-0.324,-0.637,9.738,0.092,0.082,-1.282,-9.879,0.475,-1.250,1.130,0.116,0.087,0.000,0.000,0.000,0.00,15.2,OK
1787113082.578,ROTATING,0,203.00,21.61,-1.25,-0.23,1500,1100,0.00,-1.414,-1.028,38.09,-0.324,-0.637,9.738,0.092,0.082,-1.282,-9.879,0.722,-1.188,0.965,0.099,0.097,0.000,0.000,0.000,0.00,15.2,OK
1787113082.629,ROTATING,0,221.00,21.61,-1.25,-0.23,1500,1100,0.00,-1.414,-1.028,38.09,-0.441,-0.530,9.816,0.118,0.083,-0.959,-9.785,0.438,-1.051,0.787,0.075,0.111,0.000,0.000,0.000,0.00,15.2,OK
1787113082.679,ROTATING,0,221.00,21.61,-1.25,-0.23,1500,1100,0.00,-1.414,-1.028,38.09,-0.441,-0.530,9.816,0.118,0.083,-0.959,-9.855,0.681,-1.030,0.659,0.061,0.091,0.000,0.000,0.000,0.00,15.2,OK
1787113082.728,ROTATING,0,221.00,21.61,-1.25,-0.23,1500,1100,0.00,-1.414,-1.028,38.09,-0.441,-0.530,9.816,0.118,0.083,-0.959,-9.891,0.602,-0.882,0.498,0.037,0.094,0.000,0.000,0.000,0.00,15.2,OK
1787113082.779,ROTATING,0,221.00,21.61,-1.25,-0.23,1500,1100,0.00,-1.414,-1.028,38.09,-0.441,-0.530,9.816,0.118,0.083,-0.959,-10.103,1.403,-0.808,0.241,0.014,0.073,0.000,0.000,0.000,0.00,15.2,OK
1787113082.828,ROTATING,0,221.00,21.61,-1.25,-0.23,1500,1100,0.00,-1.380,-1.059,41.95,-0.441,-0.530,9.816,0.118,0.083,-0.959,-9.986,1.074,-0.683,0.067,-0.005,0.077,0.000,0.000,0.000,0.00,15.2,OK
1787113082.879,ROTATING,0,228.00,21.61,-1.26,-0.23,1500,1100,0.00,-1.380,-1.059,41.95,-0.804,-0.481,9.699,0.069,-0.005,-0.049,-9.728,1.259,-0.797,-0.141,-0.016,0.021,0.000,0.000,0.000,0.00,15.2,OK
1787113082.928,ROTATING,0,228.00,21.61,-1.26,-0.23,1500,1100,0.00,-1.380,-1.059,41.95,-0.804,-0.481,9.699,0.069,-0.005,-0.049,-9.774,1.414,-0.867,-0.355,-0.041,-0.028,0.000,0.000,0.000,0.00,15.2,OK
1787113082.978,ROTATING,0,228.00,21.61,-1.26,-0.23,1500,1100,0.00,-1.380,-1.059,41.95,-0.804,-0.481,9.699,0.069,-0.005,-0.049,-9.769,0.749,-0.943,-0.536,-0.060,-0.027,0.000,0.000,0.000,0.00,15.2,OK
1787113083.028,ROTATING,0,228.00,21.61,-1.26,-0.23,1500,1100,0.00,-1.380,-1.059,41.95,-0.804,-0.481,9.699,0.069,-0.005,-0.049,-9.845,0.670,-0.927,-0.664,-0.087,-0.022,0.000,0.000,0.000,0.00,15.2,OK
1787113083.078,ROTATING,0,228.00,21.61,-1.26,-0.23,1500,1100,0.00,-1.380,-1.059,41.95,-0.804,-0.481,9.699,0.069,-0.005,-0.049,-9.965,0.477,-0.858,-0.770,-0.104,-0.034,0.000,0.000,0.000,0.00,15.2,OK
1787113083.128,ROTATING,0,221.00,21.61,-1.26,-0.23,1500,1100,0.00,-1.380,-1.059,41.95,-0.755,-0.196,9.787,-0.054,-0.095,0.794,-9.938,0.276,-0.798,-0.848,-0.121,-0.032,0.000,0.000,0.000,0.00,15.2,OK
1787113083.178,ROTATING,0,221.00,21.61,-1.26,-0.23,1500,1100,0.00,-1.380,-1.059,41.95,-0.755,-0.196,9.787,-0.054,-0.095,0.794,-9.688,0.315,-0.807,-0.906,-0.113,-0.047,0.000,0.000,0.000,0.00,15.2,OK
1787113083.229,ROTATING,0,221.00,21.61,-1.26,-0.23,1500,1100,0.00,-1.380,-1.059,41.95,-0.755,-0.196,9.787,-0.054,-0.095,0.794,-9.669,0.488,-0.764,-0.966,-0.114,-0.064,0.000,0.000,0.000,0.00,15.0,OK
1787113083.278,ROTATING,0,221.00,21.61,-1.26,-0.23,1500,1100,0.00,-1.380,-1.059,41.95,-0.755,-0.196,9.787,-0.054,-0.095,0.794,-9.692,0.200,-0.756,-1.028,-0.116,-0.087,0.000,0.000,0.000,0.00,15.0,OK
1787113083.330,ROTATING,0,221.00,21.61,-1.26,-0.23,1500,1100,0.00,-1.380,-1.059,41.95,-0.755,-0.196,9.787,-0.054,-0.095,0.794,-9.719,0.018,-0.711,-1.054,-0.110,-0.042,0.000,0.000,0.000,0.00,15.0,OK
1787113083.379,ROTATING,0,207.00,21.61,-1.26,-0.23,1500,1100,0.00,-1.380,-1.059,41.95,-0.706,-0.010,9.758,-0.061,-0.094,1.086,-9.668,-0.051,-0.708,-1.079,-0.107,-0.030,0.000,0.000,0.000,0.00,15.0,OK
1787113083.429,ROTATING,0,207.00,21.61,-1.26,-0.23,1500,1100,0.00,-1.380,-1.059,41.95,-0.706,-0.010,9.758,-0.061,-0.094,1.086,-9.821,0.026,-0.585,-1.103,-0.105,-0.026,0.000,0.000,0.000,0.00,15.0,OK
1787113083.478,ROTATING,0,207.00,21.61,-1.26,-0.23,1500,1100,0.00,-1.380,-1.059,41.95,-0.706,-0.010,9.758,-0.061,-0.094,1.086,-9.867,-0.232,-0.609,-1.127,-0.113,0.013,0.000,0.000,0.000,0.00,15.0,OK
1787113083.528,ROTATING,0,207.00,21.61,-1.26,-0.23,1500,1100,0.00,-1.380,-1.059,41.95,-0.706,-0.010,9.758,-0.061,-0.094,1.086,-9.869,-0.075,-0.563,-1.146,-0.122,0.033,0.000,0.000,0.000,0.00,15.0,OK
1787113083.578,ROTATING,0,207.00,21.61,-1.26,-0.23,1500,1100,0.00,-1.380,-1.059,41.95,-0.706,-0.010,9.758,-0.061,-0.094,1.086,-9.905,-0.187,-0.640,-1.173,-0.116,0.048,0.000,0.000,0.000,0.00,15.0,OK
1787113083.628,ROTATING,0,190.00,21.61,-1.26,-0.23,1500,1100,0.00,-1.380,-1.059,41.95,-0.539,-0.157,9.738,0.022,-0.104,1.205,-9.781,0.056,-0.573,-1.190,-0.115,0.001,0.000,0.000,0.000,0.00,15.0,OK
1787113083.678,ROTATING,0,190.00,21.61,-1.26,-0.23,1500,1900,0.00,-1.380,-1.059,41.95,-0.539,-0.157,9.738,0.022,-0.104,1.205,-9.621,-0.210,-0.658,-1.186,-0.095,-0.013,0.000,0.000,0.000,0.00,15.0,OK
1787113083.728,ROTATING,0,190.00,21.61,-1.26,-0.23,1500,1900,0.00,-1.380,-1.059,41.95,-0.539,-0.157,9.738,0.022,-0.104,1.205,-9.635,-0.930,-0.407,-1.125,-0.079,-0.017,0.000,0.000,0.000,0.00,15.0,OK
1787113083.778,ROTATING,0,190.00,21.61,-1.26,-0.23,1500,1900,0.00,-1.380,-1.059,41.95,-0.539,-0.157,9.738,0.022,-0.104,1.205,-9.616,-1.152,-0.386,-1.010,-0.066,-0.026,0.000,0.000,0.000,0.00,15.0,OK
1787113083.829,ROTATING,0,190.00,21.61,-1.26,-0.23,1500,1900,0.00,-1.380,-1.059,41.95,-0.539,-0.157,9.738,0.022,-0.104,1.205,-9.779,-1.489,-0.140,-0.827,-0.058,-0.022,0.000,0.000,0.000,0.00,15.0,OK
1787113083.878,ROTATING,0,174.00,21.61,-1.28,-0.23,1500,1900,0.00,-1.380,-1.059,41.95,-0.235,-0.108,9.767,-0.038,-0.045,0.837,-9.776,-1.468,0.009,-0.671,-0.045,-0.024,0.000,0.000,0.000,0.00,15.0,OK
1787113083.928,ROTATING,0,174.00,21.61,-1.28,-0.23,1500,1900,0.00,-1.380,-1.059,41.95,-0.235,-0.108,9.767,-0.038,-0.045,0.837,-9.764,-1.138,-0.024,-0.549,-0.044,-0.003,0.000,0.000,0.000,0.00,15.0,OK
1787113083.978,ROTATING,0,174.00,21.61,-1.28,-0.23,1500,1900,0.00,-1.380,-1.059,41.95,-0.235,-0.108,9.767,-0.038,-0.045,0.837,-9.738,-1.599,0.327,-0.397,-0.037,-0.009,0.000,0.000,0.000,0.00,15.0,OK
1787113084.028,ROTATING,0,174.00,21.61,-1.28,-0.23,1500,1900,0.00,-1.380,-1.059,41.95,-0.235,-0.108,9.767,-0.038,-0.045,0.837,-9.767,-1.712,0.232,-0.233,-0.032,-0.029,0.000,0.000,0.000,0.00,15.0,OK
1787113084.078,ROTATING,0,174.00,21.61,-1.28,-0.23,1500,1900,0.00,-1.380,-1.059,41.95,-0.235,-0.108,9.767,-0.038,-0.045,0.837,-9.738,-1.537,0.311,-0.063,-0.023,-0.022,0.000,0.000,0.000,0.00,15.0,OK
1787113084.128,ROTATING,0,167.00,21.61,-1.28,-0.23,1500,1900,0.00,-1.380,-1.059,41.95,-0.020,-0.226,9.797,-0.025,-0.015,0.041,-9.740,-1.898,0.387,0.130,-0.007,-0.032,0.000,0.000,0.000,0.00,15.0,OK
1787113084.178,ROTATING,0,167.00,21.61,-1.28,-0.23,1500,1900,0.00,-1.380,-1.059,41.95,-0.020,-0.226,9.797,-0.025,-0.015,0.041,-9.745,-1.884,0.347,0.333,0.001,-0.031,0.000,0.000,0.000,0.00,15.0,OK
1787113084.228,ROTATING,0,167.00,21.61,-1.28,-0.23,1500,1900,0.00,-1.380,-1.059,41.95,-0.020,-0.226,9.797,-0.025,-0.015,0.041,-9.769,-1.671,0.382,0.498,0.005,-0.011,0.000,0.000,0.000,0.00,15.0,OK
1787113084.278,ROTATING,0,167.00,21.61,-1.28,-0.23,1500,1900,0.00,-1.380,-1.059,41.95,-0.020,-0.226,9.797,-0.025,-0.015,0.041,-9.707,-1.371,0.122,0.665,0.017,-0.013,0.000,0.000,0.000,0.00,14.3,OK
1787113084.328,ROTATING,0,167.00,21.61,-1.28,-0.23,1500,1900,0.00,-1.475,-0.948,32.72,-0.020,-0.226,9.797,-0.025,-0.015,0.041,-9.669,-1.163,0.029,0.787,0.033,0.007,0.000,0.000,0.000,0.00,14.3,OK
1787113084.378,ROTATING,0,173.00,21.61,-1.29,-0.23,1500,1900,0.00,-1.475,-0.948,32.72,0.167,-0.373,9.777,0.018,0.022,-0.812,-9.705,-1.166,0.071,0.879,0.035,0.005,0.000,0.000,0.000,0.00,14.3,OK
1787113084.428,ROTATING,0,173.00,21.61,-1.29,-0.23,1500,1900,0.00,-1.475,-0.948,32.72,0.167,-0.373,9.777,0.018,0.022,-0.812,-9.838,-1.141,-0.128,0.946,0.042,-0.012,0.000,0.000,0.000,0.00,14.3,OK
1787113084.479,ROTATING,0,173.00,21.61,-1.29,-0.23,1500,1900,0.00,-1.475,-0.948,32.72,0.167,-0.373,9.777,0.018,0.022,-0.812,-9.759,-0.932,-0.213,1.016,0.053,-0.022,0.000,0.000,0.000,0.00,14.3,OK
1787113084.528,ROTATING,0,173.00,21.61,-1.29,-0.23,1500,1900,0.00,-1.475,-0.948,32.72,0.167,-0.373,9.777,0.018,0.022,-0.812,-9.686,-0.888,-0.039,1.064,0.066,-0.026,0.000,0.000,0.000,0.00,14.3,OK
1787113084.579,ROTATING,0,173.00,21.61,-1.29,-0.23,1500,1900,0.00,-1.475,-0.948,32.72,0.167,-0.373,9.777,0.018,0.022,-0.812,-9.731,-0.707,-0.079,1.107,0.076,-0.026,0.000,0.000,0.000,0.00,14.3,OK
1787113084.629,ROTATING,0,187.00,21.61,-1.27,-0.23,1500,1900,0.00,-1.475,-0.948,32.72,-0.088,-0.481,9.846,-0.010,0.065,-1.135,-9.711,-0.886,-0.388,1.144,0.094,-0.016,0.000,0.000,0.000,0.00,14.3,OK
1787113084.679,ROTATING,0,187.00,21.61,-1.27,-0.23,1500,1900,0.00,-1.475,-0.948,32.72,-0.088,-0.481,9.846,-0.010,0.065,-1.135,-9.762,-0.640,-0.395,1.177,0.110,-0.018,0.000,0.000,0.000,0.00,14.3,OK
1787113084.729,ROTATING,0,187.00,21.61,-1.27,-0.23,1500,1900,0.00,-1.475,-0.948,32.72,-0.088,-0.481,9.846,-0.010,0.065,-1.135,-9.874,-0.752,-0.288,1.192,0.111,-0.004,0.000,0.000,0.000,0.00,14.3,OK
1787113084.779,ROTATING,0,187.00,21.61,-1.27,-0.23,1500,1900,0.00,-1.475,-0.948,32.72,-0.088,-0.481,9.846,-0.010,0.065,-1.135,-9.905,-0.632,-0.566,1.196,0.119,0.000,0.000,0.000,0.000,0.00,14.3,OK
1787113084.828,ROTATING,0,187.00,21.61,-1.27,-0.23,1500,1900,0.00,-1.475,-0.948,32.72,-0.088,-0.481,9.846,-0.010,0.065,-1.135,-9.864,-0.467,-0.518,1.201,0.129,-0.006,0.000,0.000,0.000,0.00,14.3,OK
1787113084.879,ROTATING,0,205.00,21.61,-1.27,-0.23,1500,1900,0.00,-1.475,-0.948,32.72,0.196,-0.451,9.915,0.011,0.106,-1.228,-9.979,-0.569,-0.599,1.198,0.121,0.016,0.000,0.000,0.000,0.00,14.3,OK
1787113084.928,ROTATING,0,205.00,21.61,-1.27,-0.23,1500,1100,0.00,-1.475,-0.948,32.72,0.196,-0.451,9.915,0.011,0.106,-1.228,-9.719,-0.472,-0.513,1.206,0.117,-0.035,0.000,0.000,0.000,0.00,14.3,OK
1787113084.978,ROTATING,0,205.00,21.61,-1.27,-0.23,1500,1100,0.00,-1.475,-0.948,32.72,0.196,-0.451,9.915,0.011,0.106,-1.228,-9.771,0.015,-1.042,1.142,0.116,-0.016,0.000,0.000,0.000,0.00,14.3,OK
1787113085.029,ROTATING,0,205.00,21.61,-1.27,-0.23,1500,1100,0.00,-1.475,-0.948,32.72,0.196,-0.451,9.915,0.011,0.106,-1.228,-9.831,0.481,-0.960,1.016,0.111,0.031,0.000,0.000,0.000,0.00,14.3,OK
1787113085.078,ROTATING,0,205.00,21.61,-1.27,-0.23,1500,1100,0.00,-1.475,-0.948,32.72,0.196,-0.451,9.915,0.011,0.106,-1.228,-9.888,0.655,-0.834,0.860,0.093,0.039,0.000,0.000,0.000,0.00,14.3,OK
1787113085.128,ROTATING,0,221.00,21.61,-1.25,-0.23,1500,1100,0.00,-1.475,-0.948,32.72,-0.167,-0.510,9.846,0.059,0.083,-0.859,-9.850,0.648,-0.716,0.702,0.079,0.067,0.000,0.000,0.000,0.00,14.3,OK
1787113085.178,ROTATING,0,221.00,21.61,-1.25,-0.23,1500,1100,0.00,-1.475,-0.948,32.72,-0.167,-0.510,9.846,0.059,0.083,-0.859,-9.950,0.654,-0.640,0.569,0.068,0.076,0.000,0.000,0.000,0.00,14.3,OK
1787113085.228,ROTATING,0,221.00,21.61,-1.25,-0.23,1500,1100,0.00,-1.475,-0.948,32.72,-0.167,-0.510,9.846,0.059,0.083,-0.859,-9.855,0.741,-0.661,0.403,0.049,0.108,0.000,0.000,0.000,0.00,14.3,OK
1787113085.279,ROTATING,0,221.00,21.61,-1.25,-0.23,1500,1100,0.00,-1.475,-0.948,32.72,-0.167,-0.510,9.846,0.059,0.083,-0.859,-9.967,1.309,-0.504,0.171,0.033,0.102,0.000,0.000,0.000,0.00,15.0,OK
1787113085.328,ROTATING,0,221.00,21.61,-1.25,-0.23,1500,1100,0.00,-1.475,-0.948,32.72,-0.167,-0.510,9.846,0.059,0.083,-0.859,-9.953,0.943,-0.408,0.012,0.017,0.109,0.000,0.000,0.000,0.00,15.0,OK
1787113085.379,ROTATING,0,226.00,21.61,-1.28,-0.23,1500,1100,0.00,-1.475,-0.948,32.72,-0.530,-0.363,9.767,0.105,0.013,0.010,-9.934,1.319,-0.453,-0.200,-0.004,0.096,0.000,0.000,0.000,0.00,15.0,OK
1787113085.428,ROTATING,0,226.00,21.61,-1.28,-0.23,1500,1100,0.00,-1.475,-0.948,32.72,-0.530,-0.363,9.767,0.105,0.013,0.010,-9.965,1.484,-0.437,-0.403,-0.025,0.090,0.000,0.000,0.000,0.00,15.0,OK
1787113085.479,ROTATING,0,226.00,21.61,-1.28,-0.23,1500,1100,0.00,-1.475,-0.948,32.72,-0.530,-0.363,9.767,0.105,0.013,0.010,-9.779,0.946,-0.711,-0.580,-0.047,0.072,0.000,0.000,0.000,0.00,15.0,OK
1787113085.528,ROTATING,0,226.00,21.61,-1.28,-0.23,1500,1100,0.00,-1.475,-0.948,32.72,-0.530,-0.363,9.767,0.105,0.013,0.010,-10.163,0.907,-0.602,-0.717,-0.070,0.075,0.000,0.000,0.000,0.00,15.0,OK
1787113085.578,ROTATING,0,226.00,21.61,-1.28,-0.23,1500,1100,0.00,-1.475,-0.948,32.72,-0.530,-0.363,9.767,0.105,0.013,0.010,-9.917,0.786,-0.618,-0.830,-0.091,0.040,0.000,0.000,0.000,0.00,15.0,OK
1787113085.628,ROTATING,0,219.00,21.61,-1.27,-0.23,1500,1100,0.00,-1.475,-0.948,32.72,-0.333,-0.098,9.738,0.020,-0.079,0.861,-9.809,0.711,-0.809,-0.915,-0.100,0.007,0.000,0.000,0.000,0.00,15.0,OK
1787113085.678,ROTATING,0,219.00,21.61,-1.27,-0.23,1500,1100,0.00,-1.475,-0.948,32.72,-0.333,-0.098,9.738,0.020,-0.079,0.861,-9.747,0.599,-0.656,-0.986,-0.099,-0.044,0.000,0.000,0.000,0.00,15.0,OK
1787113085.729,ROTATING,0,219.00,21.61,-1.27,-0.23,1500,1100,0.00,-1.475,-0.948,32.72,-0.333,-0.098,9.738,0.020,-0.079,0.861,-9.671,0.452,-0.625,-1.048,-0.097,-0.052,0.000,0.000,0.000,0.00,15.0,OK
1787113085.778,ROTATING,0,219.00,21.61,-1.27,-0.23,1500,1100,0.00,-1.475,-0.948,32.72,-0.333,-0.098,9.738,0.020,-0.079,0.861,-9.800,0.314,-0.419,-1.083,-0.089,-0.037,0.000,0.000,0.000,0.00,15.0,OK
1787113085.829,ROTATING,0,219.00,21.61,-1.27,-0.23,1500,1100,0.00,-1.475,-0.948,32.72,-0.333,-0.098,9.738,0.020,-0.079,0.861,-9.845,0.160,-0.350,-1.106,-0.089,-0.053,0.000,0.000,0.000,0.00,15.0,OK
1787113085.878,ROTATING,0,204.00,21.61,-1.27,-0.23,1500,1100,0.00,-1.475,-0.948,32.72,-0.275,0.235,9.718,-0.060,-0.074,1.131,-9.731,0.207,-0.527,-1.132,-0.082,-0.037,0.000,0.000,0.000,0.00,15.0,OK
1787113085.929,ROTATING,0,204.00,21.61,-1.27,-0.23,1500,1100,0.00,-1.475,-0.948,32.72,-0.275,0.235,9.718,-0.060,-0.074,1.131,-9.695,0.172,-0.525,-1.158,-0.087,-0.024,0.000,0.000,0.000,0.00,15.0,OK
1787113085.978,ROTATING,0,204.00,21.61,-1.27,-0.23,1500,1100,0.00,-1.475,-0.948,32.72,-0.275,0.235,9.718,-0.060,-0.074,1.131,-9.638,0.136,-0.385,-1.173,-0.082,0.006,0.000,0.000,0.000,0.00,15.0,OK
1787113086.028,ROTATING,0,204.00,21.61,-1.27,-0.23,1500,1100,0.00,-1.475,-0.948,32.72,-0.275,0.235,9.718,-0.060,-0.074,1.131,-9.750,-0.305,-0.321,-1.170,-0.080,0.020,0.000,0.000,0.000,0.00,15.0,OK
1787113086.078,ROTATING,0,204.00,21.61,-1.27,-0.23,1500,1100,0.00,-1.475,-0.948,32.72,-0.275,0.235,9.718,-0.060,-0.074,1.131,-9.943,-0.214,-0.406,-1.180,-0.078,0.018,0.000,0.000,0.000,0.00,15.0,OK
1787113086.128,ROTATING,0,187.00,21.61,-1.27,-0.23,1500,1100,0.00,-1.475,-0.948,32.72,0.039,0.098,9.728,-0.018,-0.060,1.209,-9.848,-0.101,-0.422,-1.191,-0.074,-0.002,0.000,0.000,0.000,0.00,15.0,OK
1787113086.178,ROTATING,0,187.00,21.61,-1.27,-0.23,1500,1900,0.00,-1.475,-0.948,32.72,0.039,0.098,9.728,-0.018,-0.060,1.209,-9.793,-0.153,-0.352,-1.193,-0.072,-0.005,0.000,0.000,0.000,0.00,15.0,OK
1787113086.229,ROTATING,0,187.00,21.61,-1.27,-0.23,1500,1900,0.00,-1.475,-0.948,32.72,0.039,0.098,9.728,-0.018,-0.060,1.209,-9.740,-0.666,-0.276,-1.129,-0.059,-0.020,0.000,0.000,0.000,0.00,15.0,OK
1787113086.279,ROTATING,0,187.00,21.61,-1.27,-0.23,1500,1900,0.00,-1.475,-0.948,32.72,0.039,0.098,9.728,-0.018,-0.060,1.209,-9.774,-1.143,-0.149,-1.007,-0.049,0.003,0.000,0.000,0.000,0.00,15.0,OK
1787113086.328,ROTATING,0,187.00,21.61,-1.27,-0.23,1500,1900,0.00,-1.475,-0.948,32.72,0.039,0.098,9.728,-0.018,-0.060,1.209,-9.657,-1.488,0.110,-0.859,-0.035,-0.020,0.000,0.000,0.000,0.00,15.3,OK
1787113086.378,ROTATING,0,171.00,21.61,-1.27,-0.23,1500,1900,0.00,-1.475,-0.948,32.72,0.029,0.000,9.787,-0.039,-0.022,0.850,-9.698,-1.474,0.169,-0.672,-0.021,-0.046,0.000,0.000,0.000,0.00,15.3,OK
1787113086.429,ROTATING,0,171.00,21.61,-1.27,-0.23,1500,1900,0.00,-1.475,-0.948,32.72,0.029,0.000,9.787,-0.039,-0.022,0.850,-9.752,-0.946,0.215,-0.542,-0.012,-0.053,0.000,0.000,0.000,0.00,15.3,OK
1787113086.478,ROTATING,0,171.00,21.61,-1.27,-0.23,1500,1900,0.00,-1.475,-0.948,32.72,0.029,0.000,9.787,-0.039,-0.022,0.850,-9.750,-1.439,0.397,-0.411,-0.003,-0.052,0.000,0.000,0.000,0.00,15.3,OK
1787113086.528,ROTATING,0,171.00,21.61,-1.27,-0.23,1500,1900,0.00,-1.475,-0.948,32.72,0.029,0.000,9.787,-0.039,-0.022,0.850,-9.738,-1.874,0.447,-0.227,-0.000,-0.067,0.000,0.000,0.000,0.00,15.3,OK
1787113086.578,ROTATING,0,171.00,21.61,-1.27,-0.23,1500,1900,0.00,-1.475,-0.948,32.72,0.029,0.000,9.787,-0.039,-0.022,0.850,-9.686,-1.680,0.438,-0.042,0.003,-0.072,0.000,0.000,0.000,0.00,15.3,OK
1787113086.628,ROTATING,0,164.00,21.61,-1.28,-0.23,1500,1900,0.00,-1.475,-0.948,32.72,0.137,-0.078,9.807,-0.066,0.003,0.031,-9.666,-1.930,0.521,0.120,0.009,-0.052,0.000,0.000,0.000,0.00,15.3,OK
1787113086.678,ROTATING,0,164.00,21.61,-1.28,-0.23,1500,1900,0.00,-1.475,-0.948,32.72,0.137,-0.078,9.807,-0.066,0.003,0.031,-9.786,-1.920,0.523,0.338,0.018,-0.052,0.000,0.000,0.000,0.00,15.3,OK
1787113086.728,ROTATING,0,164.00,21.61,-1.28,-0.23,1500,1900,0.00,-1.475,-0.948,32.72,0.137,-0.078,9.807,-0.066,0.003,0.031,-9.759,-1.858,0.366,0.545,0.021,-0.041,0.000,0.000,0.000,0.00,15.3,OK
1787113086.778,ROTATING,0,164.00,21.61,-1.28,-0.23,1500,1900,0.00,-1.475,-0.948,32.72,0.137,-0.078,9.807,-0.066,0.003,0.031,-9.659,-1.399,0.363,0.696,0.035,-0.023,0.000,0.000,0.000,0.00,15.3,OK
1787113086.828,ROTATING,0,164.00,21.61,-1.28,-0.23,1500,1900,0.00,-1.475,-0.948,32.72,0.137,-0.078,9.807,-0.066,0.003,0.031,-9.957,-1.456,0.052,0.816,0.048,0.010,0.000,0.000,0.000,0.00,15.3,OK
1787113086.878,ROTATING,0,171.00,21.61,-1.28,-0.23,1500,1900,0.00,-1.475,-0.948,32.72,0.255,-0.451,9.689,0.011,0.035,-0.845,-9.704,-1.151,0.304,0.899,0.057,-0.007,0.000,0.000,0.000,0.00,15.3,OK
1787113086.929,ROTATING,0,171.00,21.61,-1.28,-0.23,1500,1900,0.00,-1.475,-0.948,32.72,0.255,-0.451,9.689,0.011,0.035,-0.845,-9.826,-0.976,-0.178,0.973,0.074,0.038,0.000,0.000,0.000,0.00,15.3,OK
1787113086.979,ROTATING,0,171.00,21.61,-1.28,-0.23,1500,1900,0.00,-1.475,-0.948,32.72,0.255,-0.451,9.689,0.011,0.035,-0.845,-9.533,-0.675,0.108,1.019,0.092,-0.006,0.000,0.000,0.000,0.00,15.3,OK
1787113087.028,ROTATING,0,171.00,21.61,-1.28,-0.23,1500,1900,0.00,-1.475,-0.948,32.72,0.255,-0.451,9.689,0.011,0.035,-0.845,-9.864,-1.263,-0.233,1.065,0.104,-0.019,0.000,0.000,0.000,0.00,15.3,OK
1787113087.078,ROTATING,0,171.00,21.61,-1.28,-0.23,1500,1900,0.00,-1.475,-0.948,32.72,0.255,-0.451,9.689,0.011,0.035,-0.845,-9.530,-0.675,0.038,1.092,0.109,-0.054,0.000,0.000,0.000,0.00,15.3,OK
1787113087.128,ROTATING,0,186.00,21.61,-1.27,-0.23,1500,1900,0.00,-1.475,-0.948,32.72,0.373,-0.412,9.816,-0.035,0.107,-1.131,-9.977,-0.939,-0.542,1.137,0.122,-0.048,0.000,0.000,0.000,0.00,15.3,OK
1787113087.179,ROTATING,0,186.00,21.61,-1.27,-0.23,1500,1900,0.00,-1.475,-0.948,32.72,0.373,-0.412,9.816,-0.035,0.107,-1.131,-9.657,-0.667,-0.096,1.163,0.130,-0.051,0.000,0.000,0.000,0.00,15.3,OK
1787113087.229,ROTATING,0,186.00,21.61,-1.27,-0.23,1500,1900,0.00,-1.475,-0.948,32.72,0.373,-0.412,9.816,-0.035,0.107,-1.131,-9.998,-0.791,-0.492,1.173,0.131,-0.052,0.000,0.000,0.000,0.00,15.3,OK
1787113087.278,ROTATING,0,186.00,21.61,-1.27,-0.23,1500,1900,0.00,-1.475,-0.948,32.72,0.373,-0.412,9.816,-0.035,0.107,-1.131,-9.650,-0.478,-0.285,1.191,0.135,-0.048,0.000,0.000,0.000,0.00,15.3,OK
1787113087.328,ROTATING,0,186.00,21.61,-1.27,-0.23,1500,1900,0.00,-1.475,-0.948,32.72,0.373,-0.412,9.816,-0.035,0.107,-1.131,-9.838,-0.907,-0.764,1.205,0.140,-0.030,0.000,0.000,0.000,0.00,15.3,OK
1787113087.378,ROTATING,0,203.00,21.61,-1.26,-0.23,1500,1900,0.00,-1.475,-0.948,32.72,-0.069,-0.461,9.816,-0.018,0.123,-1.230,-9.435,-0.576,-0.363,1.203,0.145,-0.061,0.000,0.000,0.000,0.00,15.2,OK
1787113087.428,ROTATING,0,203.00,21.61,-1.26,-0.23,1500,1100,0.00,-1.475,-0.948,32.72,-0.069,-0.461,9.816,-0.018,0.123,-1.230,-9.917,-0.826,-0.903,1.211,0.141,0.005,0.000,0.000,0.000,0.00,15.2,OK
1787113087.478,ROTATING,0,203.00,21.61,-1.26,-0.23,1500,1100,0.00,-1.475,-0.948,32.72,-0.069,-0.461,9.816,-0.018,0.123,-1.230,-9.989,0.032,-0.796,1.146,0.138,-0.007,0.000,0.000,0.000,0.00,15.2,OK
1787113087.529,ROTATING,0,203.00,21.61,-1.26,-0.23,1500,1100,0.00,-1.475,-0.948,32.72,-0.069,-0.461,9.816,-0.018,0.123,-1.230,-9.905,0.461,-0.827,1.014,0.130,0.067,0.000,0.000,0.000,0.00,15.2,OK
1787113087.578,ROTATING,0,203.00,21.61,-1.26,-0.23,1500,1100,0.00,-1.475,-0.948,32.72,-0.069,-0.461,9.816,-0.018,0.123,-1.230,-9.938,0.743,-0.894,0.861,0.121,0.086,0.000,0.000,0.000,0.00,15.2,OK
1787113087.628,ROTATING,0,219.00,21.61,-1.25,-0.23,1500,1100,0.00,-1.475,-0.948,32.72,-0.098,-0.471,9.777,0.108,0.108,-0.857,-9.857,0.533,-0.690,0.701,0.108,0.086,0.000,0.000,0.000,0.00,15.2,OK
1787113087.679,ROTATING,0,219.00,21.61,-1.25,-0.23,1500,1100,0.00,-1.475,-0.948,32.72,-0.098,-0.471,9.777,0.108,0.108,-0.857,-9.860,0.634,-0.697,0.558,0.092,0.074,0.000,0.000,0.000,0.00,15.2,OK
1787113087.729,ROTATING,0,219.00,21.61,-1.25,-0.23,1500,1100,0.00,-1.475,-0.948,32.72,-0.098,-0.471,9.777,0.108,0.108,-0.857,-9.874,0.746,-0.704,0.410,0.082,0.092,0.000,0.000,0.000,0.00,15.2,OK
1787113087.778,ROTATING,0,219.00,21.61,-1.25,-0.23,1500,1100,0.00,-1.475,-0.948,32.72,-0.098,-0.471,9.777,0.108,0.108,-0.857,-9.857,1.397,-0.613,0.198,0.061,0.073,0.000,0.000,0.000,0.00,15.2,OK
1787113087.829,ROTATING,0,219.00,21.61,-1.25,-0.23,1500,1100,0.00,-1.475,-0.948,32.72,-0.098,-0.471,9.777,0.108,0.108,-0.857,-9.967,0.977,-0.487,0.016,0.041,0.107,0.000,0.000,0.000,0.00,15.2,OK
1787113087.878,ROTATING,0,225.00,21.61,-1.26,-0.23,1500,1100,0.00,-1.475,-0.948,32.72,-0.569,-0.382,9.826,0.105,0.044,0.008,-9.912,1.415,-0.661,-0.175,0.021,0.105,0.000,0.000,0.000,0.00,15.2,OK
1787113087.928,ROTATING,0,225.00,21.61,-1.26,-0.23,1500,1100,0.00,-1.475,-0.948,32.72,-0.569,-0.382,9.826,0.105,0.044,0.008,-9.848,1.189,-0.659,-0.391,-0.000,0.082,0.000,0.000,0.000,0.00,15.2,OK
1787113087.978,ROTATING,0,225.00,21.61,-1.26,-0.23,1500,1100,0.00,-1.475,-0.948,32.72,-0.569,-0.382,9.826,0.105,0.044,0.008,-10.261,1.298,-0.593,-0.580,-0.026,0.075,0.000,0.000,0.000,0.00,15.2,OK
1787113088.028,ROTATING,0,225.00,21.61,-1.26,-0.23,1500,1100,0.00,-1.475,-0.948,32.72,-0.569,-0.382,9.826,0.105,0.044,0.008,-9.655,0.787,-0.809,-0.709,-0.044,0.018,0.000,0.000,0.000,0.00,15.2,OK
1787113088.078,ROTATING,0,225.00,21.61,-1.26,-0.23,1500,1100,0.00,-1.475,-0.948,32.72,-0.569,-0.382,9.826,0.105,0.044,0.008,-9.946,0.802,-0.846,-0.827,-0.067,0.014,0.000,0.000,0.000,0.00,15.2,OK
1787113088.128,ROTATING,0,217.00,21.61,-1.26,-0.23,1500,1100,0.00,-1.475,-0.948,32.72,-0.569,-0.118,9.787,-0.016,-0.067,0.855,-9.819,0.632,-0.633,-0.896,-0.083,-0.039,0.000,0.000,0.000,0.00,15.2,OK
1787113088.178,ROTATING,0,217.00,21.61,-1.26,-0.23,1500,1100,0.00,-1.475,-0.948,32.72,-0.569,-0.118,9.787,-0.016,-0.067,0.855,-9.678,0.523,-0.702,-0.968,-0.090,-0.043,0.000,0.000,0.000,0.00,15.2,OK
1787113088.228,ROTATING,0,217.00,21.61,-1.26,-0.23,1500,1100,0.00,-1.475,-0.948,32.72,-0.569,-0.118,9.787,-0.016,-0.067,0.855,-9.574,0.487,-0.709,-1.013,-0.091,-0.048,0.000,0.000,0.000,0.00,15.2,OK
1787113088.278,ROTATING,0,217.00,21.61,-1.26,-0.23,1500,1100,0.00,-1.475,-0.948,32.72,-0.569,-0.118,9.787,-0.016,-0.067,0.855,-9.616,0.254,-0.692,-1.067,-0.090,-0.038,0.000,0.000,0.000,0.00,15.2,OK
1787113088.328,ROTATING,0,217.00,21.61,-1.26,-0.23,1500,1100,0.00,-1.475,-0.948,32.72,-0.569,-0.118,9.787,-0.016,-0.067,0.855,-9.638,0.110,-0.654,-1.106,-0.088,-0.024,0.000,0.000,0.000,0.00,15.2,OK
1787113088.378,ROTATING,0,202.00,21.61,-1.26,-0.23,1500,1100,0.00,-1.475,-0.948,32.72,-0.451,0.206,9.758,-0.067,-0.079,1.136,-9.712,-0.051,-0.694,-1.130,-0.088,-0.035,0.000,0.000,0.000,0.00,15.0,OK
1787113088.429,ROTATING,0,202.00,21.61,-1.26,-0.23,1500,1100,0.00,-1.475,-0.948,32.72,-0.451,0.206,9.758,-0.067,-0.079,1.136,-9.831,-0.198,-0.613,-1.140,-0.093,-0.019,0.000,0.000,0.000,0.00,15.0,OK
1787113088.479,ROTATING,0,202.00,21.61,-1.26,-0.23,1500,1100,0.00,-1.475,-0.948,32.72,-0.451,0.206,9.758,-0.067,-0.079,1.136,-9.919,0.154,-0.513,-1.158,-0.100,-0.022,0.000,0.000,0.000,0.00,15.0,OK
1787113088.529,ROTATING,0,202.00,21.61,-1.26,-0.23,1500,1100,0.00,-1.475,-0.948,32.72,-0.451,0.206,9.758,-0.067,-0.079,1.136,-9.872,-0.029,-0.508,-1.175,-0.097,-0.007,0.000,0.000,0.000,0.00,15.0,OK
1787113088.578,ROTATING,0,202.00,21.61,-1.26,-0.23,1500,1100,0.00,-1.475,-0.948,32.72,-0.451,0.206,9.758,-0.067,-0.079,1.136,-9.724,-0.089,-0.422,-1.187,-0.098,-0.020,0.000,0.000,0.000,0.00,15.0,OK
1787113088.628,ROTATING,0,185.00,21.61,-1.26,-0.23,1500,1100,0.00,-1.475,-0.948,32.72,-0.127,0.000,9.767,-0.044,-0.083,1.211,-9.693,-0.113,-0.553,-1.185,-0.088,-0.017,0.000,0.000,0.000,0.00,15.0,OK
1787113088.679,ROTATING,0,185.00,21.61,-1.26,-0.23,1500,1900,0.00,-1.475,-0.948,32.72,-0.127,0.000,9.767,-0.044,-0.083,1.211,-9.752,-0.374,-0.460,-1.192,-0.081,-0.011,0.000,0.000,0.000,0.00,15.0,OK
1787113088.728,ROTATING,0,185.00,21.61,-1.26,-0.23,1500,1900,0.00,-1.475,-0.948,32.72,-0.127,0.000,9.767,-0.044,-0.083,1.211,-9.666,-0.653,-0.242,-1.151,-0.072,-0.021,0.000,0.000,0.000,0.00,15.0,OK
1787113088.778,ROTATING,0,185.00,21.61,-1.26,-0.23,1500,1900,0.00,-1.475,-0.948,32.72,-0.127,0.000,9.767,-0.044,-0.083,1.211,-9.581,-1.315,-0.182,-1.010,-0.054,-0.032,0.000,0.000,0.000,0.00,15.0,OK
1787113088.828,ROTATING,0,185.00,21.61,-1.26,-0.23,1500,1900,0.00,-1.475,-0.948,32.72,-0.127,0.000,9.767,-0.044,-0.083,1.211,-9.733,-1.525,-0.058,-0.839,-0.039,-0.024,0.000,0.000,0.000,0.00,15.0,OK
1787113088.879,ROTATING,0,169.00,21.61,-1.27,-0.23,1500,1900,0.00,-1.475,-0.948,32.72,-0.049,0.010,9.738,-0.046,-0.029,0.842,-9.659,-1.490,0.057,-0.679,-0.032,-0.059,0.000,0.000,0.000,0.00,15.0,OK
1787113088.928,ROTATING,0,169.00,21.61,-1.27,-0.23,1500,1900,0.00,-1.475,-0.948,32.72,-0.049,0.010,9.738,-0.046,-0.029,0.842,-9.791,-1.078,0.011,-0.546,-0.025,-0.042,0.000,0.000,0.000,0.00,15.0,OK
1787113088.978,ROTATING,0,169.00,21.61,-1.27,-0.23,1500,1900,0.00,-1.475,-0.948,32.72,-0.049,0.010,9.738,-0.046,-0.029,0.842,-9.779,-1.532,0.351,-0.416,-0.021,-0.030,0.000,0.000,0.000,0.00,15.0,OK
1787113089.029,ROTATING,0,169.00,21.61,-1.27,-0.23,1500,1900,0.00,-1.475,-0.948,32.72,-0.049,0.010,9.738,-0.046,-0.029,0.842,-9.697,-1.517,0.402,-0.237,-0.010,-0.050,0.000,0.000,0.000,0.00,15.0,OK
1787113089.079,ROTATING,0,169.00,21.61,-1.27,-0.23,1500,1900,0.00,-1.475,-0.948,32.72,-0.049,0.010,9.738,-0.046,-0.029,0.842,-9.702,-1.445,0.349,-0.094,-0.007,-0.043,0.000,0.000,0.000,0.00,15.0,OK
1787113089.128,ROTATING,0,163.00,21.61,-1.29,-0.23,1500,1900,0.00,-1.475,-0.948,32.72,-0.010,-0.216,9.777,-0.046,-0.005,0.087,-9.822,-1.643,0.528,0.053,-0.005,-0.024,0.000,0.000,0.000,0.00,15.0,OK
1787113089.178,ROTATING,0,163.00,21.61,-1.29,-0.23,1500,1900,0.00,-1.475,-0.948,32.72,-0.010,-0.216,9.777,-0.046,-0.005,0.087,-9.714,-1.823,0.440,0.225,0.004,-0.016,0.000,0.000,0.000,0.00,15.0,OK
1787113089.228,ROTATING,0,163.00,21.61,-1.29,-0.23,1500,1900,0.00,-1.475,-0.948,32.72,-0.010,-0.216,9.777,-0.046,-0.005,0.087,-9.724,-1.666,0.593,0.416,0.009,-0.044,0.000,0.000,0.000,0.00,15.0,OK
1787113089.278,ROTATING,0,163.00,21.61,-1.29,-0.23,1500,1900,0.00,-1.475,-0.948,32.72,-0.010,-0.216,9.777,-0.046,-0.005,0.087,-9.860,-1.639,0.018,0.566,0.017,0.003,0.000,0.000,0.000,0.00,15.0,OK
1787113089.329,ROTATING,0,163.00,21.61,-1.29,-0.23,1500,1900,0.00,-1.475,-0.948,32.72,-0.010,-0.216,9.777,-0.046,-0.005,0.087,-9.760,-1.834,-0.006,0.734,0.031,0.010,0.000,0.000,0.000,0.00,15.0,OK
1787113089.378,ROTATING,0,168.00,21.61,-1.29,-0.23,1500,1900,0.00,-1.475,-0.948,32.72,0.216,-0.451,9.777,0.026,0.024,-0.766,-9.805,-1.363,-0.046,0.844,0.039,0.021,0.000,0.000,0.000,0.00,15.0,OK
1787113089.428,ROTATING,0,168.00,21.61,-1.29,-0.23,1500,1900,0.00,-1.475,-0.948,32.72,0.216,-0.451,9.777,0.026,0.024,-0.766,-9.554,-1.183,0.089,0.939,0.057,0.013,0.000,0.000,0.000,0.00,15.2,OK
1787113089.478,ROTATING,0,168.00,21.61,-1.29,-0.23,1500,1900,0.00,-1.475,-0.948,32.72,0.216,-0.451,9.777,0.026,0.024,-0.766,-9.986,-0.861,-0.166,0.987,0.069,0.055,0.000,0.000,0.000,0.00,15.2,OK
1787113089.528,ROTATING,0,168.00,21.61,-1.29,-0.23,1500,1900,0.00,-1.475,-0.948,32.72,0.216,-0.451,9.777,0.026,0.024,-0.766,-9.745,-0.987,-0.082,1.043,0.091,0.021,0.000,0.000,0.000,0.00,15.2,OK
1787113089.578,ROTATING,0,168.00,21.61,-1.29,-0.23,1500,1900,0.00,-1.475,-0.948,32.72,0.216,-0.451,9.777,0.026,0.024,-0.766,-9.862,-0.907,-0.195,1.093,0.098,0.025,0.000,0.000,0.000,0.00,15.2,OK
1787113089.628,ROTATING,0,182.00,21.61,-1.27,-0.23,1500,1900,0.00,-1.475,-0.948,32.72,-0.186,-0.598,9.856,0.043,0.091,-1.119,-9.809,-0.787,-0.175,1.118,0.118,0.001,0.000,0.000,0.000,0.00,15.2,OK
1787113089.678,ROTATING,0,182.00,21.61,-1.27,-0.23,1500,1900,0.00,-1.475,-0.948,32.72,-0.186,-0.598,9.856,0.043,0.091,-1.119,-10.001,-0.545,-0.552,1.149,0.128,0.042,0.000,0.000,0.000,0.00,15.2,OK
1787113089.728,ROTATING,0,182.00,21.61,-1.27,-0.23,1500,1900,0.00,-1.475,-0.948,32.72,-0.186,-0.598,9.856,0.043,0.091,-1.119,-9.569,-0.535,-0.330,1.167,0.135,-0.022,0.000,0.000,0.000,0.00,15.2,OK
1787113089.778,ROTATING,0,182.00,21.61,-1.27,-0.23,1500,1900,0.00,-1.475,-0.948,32.72,-0.186,-0.598,9.856,0.043,0.091,-1.119,-9.652,-0.753,-0.742,1.191,0.138,-0.010,0.000,0.000,0.000,0.00,15.2,OK
1787113089.829,ROTATING,0,182.00,21.61,-1.27,-0.23,1500,1900,0.00,-1.475,-0.948,32.72,-0.186,-0.598,9.856,0.043,0.091,-1.119,-9.900,-0.508,-0.518,1.198,0.134,-0.016,0.000,0.000,0.000,0.00,15.2,OK
1787113089.878,ROTATING,0,199.00,21.61,-1.27,-0.23,1500,1900,0.00,-1.475,-0.948,32.72,0.177,-0.284,9.856,-0.001,0.124,-1.224,-9.695,-0.697,-0.891,1.200,0.142,-0.026,0.000,0.000,0.000,0.00,15.2,OK
1787113089.928,ROTATING,0,199.00,21.61,-1.27,-0.23,1500,1900,0.00,-1.475,-0.948,32.72,0.177,-0.284,9.856,-0.001,0.124,-1.224,-9.826,-0.600,-0.628,1.206,0.129,0.005,0.000,0.000,0.000,0.00,15.2,OK
1787113089.978,ROTATING,0,199.00,21.61,-1.27,-0.23,1500,1900,0.00,-1.475,-0.948,32.72,0.177,-0.284,9.856,-0.001,0.124,-1.224,-9.852,-0.646,-0.877,1.205,0.147,-0.039,0.000,0.000,0.000,0.00,15.2,OK
1787113090.028,ROTATING,0,199.00,21.61,-1.27,-0.23,1500,1900,0.00,-1.475,-0.948,32.72,0.177,-0.284,9.856,-0.001,0.124,-1.224,-9.853,-0.517,-0.865,1.212,0.145,0.004,0.000,0.000,0.000,0.00,15.2,OK
1787113090.079,ROTATING,0,199.00,21.61,-1.27,-0.23,1500,1900,0.00,-1.475,-0.948,32.72,0.177,-0.284,9.856,-0.001,0.124,-1.224,-9.867,-0.632,-1.092,1.218,0.158,0.012,0.000,0.000,0.000,0.00,15.2,OK
1787113090.128,ROTATING,0,217.00,21.61,-1.24,-0.23,1500,1900,0.00,-1.475,-0.948,32.72,-0.226,-0.431,9.915,0.063,0.136,-1.252,-9.750,-0.437,-0.759,1.217,0.150,0.039,0.000,0.000,0.000,0.00,15.2,OK
1787113090.179,ROTATING,0,217.00,21.61,-1.24,-0.23,1500,1100,0.00,-1.475,-0.948,32.72,-0.226,-0.431,9.915,0.063,0.136,-1.252,-9.755,-0.695,-1.049,1.228,0.146,0.046,0.000,0.000,0.000,0.00,15.2,OK
1787113090.228,ROTATING,0,217.00,21.61,-1.24,-0.23,1500,1100,0.00,-1.475,-0.948,32.72,-0.226,-0.431,9.915,0.063,0.136,-1.252,-9.736,0.260,-1.073,1.160,0.135,0.062,0.000,0.000,0.000,0.00,15.2,OK
1787113090.279,ROTATING,0,217.00,21.61,-1.24,-0.23,1500,1100,0.00,-1.475,-0.948,32.72,-0.226,-0.431,9.915,0.063,0.136,-1.252,-9.934,0.535,-1.121,1.040,0.127,0.048,0.000,0.000,0.000,0.00,15.2,OK
1787113090.329,ROTATING,0,217.00,21.61,-1.24,-0.23,1500,1100,0.00,-1.475,-0.948,32.72,-0.226,-0.431,9.915,0.063,0.136,-1.252,-9.893,0.765,-1.174,0.855,0.100,0.075,0.000,0.000,0.000,0.00,15.2,OK
1787113090.378,ROTATING,0,233.00,21.61,-1.26,-0.23,1500,1100,0.00,-1.475,-0.948,32.72,-0.353,-0.510,9.767,0.093,0.088,-0.862,-9.896,0.789,-1.076,0.701,0.085,0.070,0.000,0.000,0.000,0.00,15.2,OK
1787113090.429,ROTATING,0,233.00,21.61,-1.26,-0.23,1500,1100,0.00,-1.475,-0.948,32.72,-0.353,-0.510,9.767,0.093,0.088,-0.862,-9.831,0.605,-0.927,0.557,0.056,0.056,0.000,0.000,0.000,0.00,15.0,OK
1787113090.479,ROTATING,0,233.00,21.61,-1.26,-0.23,1500,1100,0.00,-1.475,-0.948,32.72,-0.353,-0.510,9.767,0.093,0.088,-0.862,-9.853,0.964,-0.805,0.387,0.031,0.076,0.000,0.000,0.000,0.00,15.0,OK
1787113090.529,ROTATING,0,233.00,21.61,-1.26,-0.23,1500,1100,0.00,-1.475,-0.948,32.72,-0.353,-0.510,9.767,0.093,0.088,-0.862,-9.886,1.186,-0.817,0.174,0.010,0.080,0.000,0.000,0.000,0.00,15.0,OK
1787113090.579,ROTATING,0,233.00,21.61,-1.26,-0.23,1500,1100,0.00,-1.475,-0.948,32.72,-0.353,-0.510,9.767,0.093,0.088,-0.862,-9.919,0.855,-0.743,0.013,-0.014,0.078,0.000,0.000,0.000,0.00,15.0,OK
1787113090.628,ROTATING,0,239.00,21.61,-1.27,-0.23,1500,1100,0.00,-1.475,-0.948,32.72,-0.785,-0.353,9.709,0.088,-0.018,0.013,-9.948,1.264,-0.784,-0.185,-0.044,0.089,0.000,0.000,0.000,0.00,15.0,OK
1787113090.678,ROTATING,0,239.00,21.61,-1.27,-0.23,1500,1100,0.00,-1.475,-0.948,32.72,-0.785,-0.353,9.709,0.088,-0.018,0.013,-9.976,1.608,-0.781,-0.381,-0.066,0.072,0.000,0.000,0.000,0.00,15.0,OK
1787113090.729,ROTATING,0,239.00,21.61,-1.27,-0.23,1500,1100,0.00,-1.470,-0.954,32.84,-0.785,-0.353,9.709,0.088,-0.018,0.013,-9.738,0.838,-0.872,-0.570,-0.090,0.042,0.000,0.000,0.000,0.00,15.0,OK
1787113090.778,ROTATING,0,239.00,21.61,-1.27,-0.23,1500,1100,0.00,-1.470,-0.954,32.84,-0.785,-0.353,9.709,0.088,-0.018,0.013,-9.881,1.140,-0.662,-0.713,-0.110,0.024,0.000,0.000,0.000,0.00,15.0,OK
1787113090.828,ROTATING,0,239.00,21.61,-1.27,-0.23,1500,1100,0.00,-1.470,-0.954,32.84,-0.785,-0.353,9.709,0.088,-0.018,0.013,-9.669,0.724,-1.091,-0.815,-0.134,-0.001,0.000,0.000,0.000,0.00,15.0,OK
1787113090.879,ROTATING,0,231.00,21.61,-1.27,-0.23,1500,1100,0.00,-1.470,-0.954,32.84,-0.637,-0.157,9.709,-0.032,-0.125,0.852,-9.776,0.766,-0.778,-0.913,-0.155,-0.022,0.000,0.000,0.000,0.00,15.0,OK
1787113090.928,ROTATING,0,231.00,21.61,-1.27,-0.23,1500,1100,0.00,-1.470,-0.954,32.84,-0.637,-0.157,9.709,-0.032,-0.125,0.852,-9.729,0.516,-0.587,-0.965,-0.163,-0.036,0.000,0.000,0.000,0.00,15.0,OK
1787113090.978,ROTATING,0,231.00,21.61,-1.27,-0.23,1500,1100,0.00,-1.470,-0.954,32.84,-0.637,-0.157,9.709,-0.032,-0.125,0.852,-9.693,0.451,-0.666,-1.022,-0.163,-0.048,0.000,0.000,0.000,0.00,15.0,OK
1787113091.028,ROTATING,0,231.00,21.61,-1.27,-0.23,1500,1100,0.00,-1.470,-0.954,32.84,-0.637,-0.157,9.709,-0.032,-0.125,0.852,-9.762,0.283,-0.623,-1.062,-0.156,-0.023,0.000,0.000,0.000,0.00,15.0,OK
1787113091.079,ROTATING,0,231.00,21.61,-1.27,-0.23,1500,1100,0.00,-1.470,-0.954,32.84,-0.637,-0.157,9.709,-0.032,-0.125,0.852,-9.721,0.336,-0.577,-1.100,-0.136,-0.011,0.000,0.000,0.000,0.00,15.0,OK
1787113091.128,ROTATING,0,217.00,21.61,-1.28,-0.23,1500,1100,0.00,-1.470,-0.954,32.84,-0.500,0.157,9.767,-0.051,-0.126,1.132,-9.752,0.178,-0.558,-1.137,-0.128,-0.043,0.000,0.000,0.000,0.00,15.0,OK
1787113091.178,ROTATING,0,217.00,21.61,-1.28,-0.23,1500,1100,0.00,-1.470,-0.954,32.84,-0.500,0.157,9.767,-0.051,-0.126,1.132,-9.759,0.362,-0.417,-1.163,-0.125,-0.065,0.000,0.000,0.000,0.00,15.0,OK
1787113091.228,ROTATING,0,217.00,21.61,-1.28,-0.23,1500,1100,0.00,-1.470,-0.954,32.84,-0.500,0.157,9.767,-0.051,-0.126,1.132,-9.669,0.119,-0.429,-1.171,-0.116,-0.068,0.000,0.000,0.000,0.00,15.0,OK
1787113091.278,ROTATING,0,217.00,21.61,-1.28,-0.23,1500,1100,0.00,-1.470,-0.954,32.84,-0.500,0.157,9.767,-0.051,-0.126,1.132,-9.705,-0.049,-0.371,-1.174,-0.106,-0.067,0.000,0.000,0.000,0.00,15.0,OK
1787113091.330,ROTATING,0,217.00,21.61,-1.28,-0.23,1500,1100,0.00,-1.470,-0.954,32.84,-0.500,0.157,9.767,-0.051,-0.126,1.132,-9.757,-0.475,-0.419,-1.178,-0.094,-0.055,0.000,0.000,0.000,0.00,15.0,OK
1787113091.378,ROTATING,0,200.00,21.61,-1.30,-0.23,1500,1100,0.00,-1.470,-0.954,32.84,0.020,0.167,9.748,-0.077,-0.079,1.214,-10.036,-0.299,-0.346,-1.190,-0.091,-0.030,0.000,0.000,0.000,0.00,15.0,OK
1787113091.428,ROTATING,0,200.00,21.61,-1.30,-0.23,1500,1900,0.00,-1.470,-0.954,32.84,0.020,0.167,9.748,-0.077,-0.079,1.214,-9.838,-0.261,-0.451,-1.189,-0.088,-0.026,0.000,0.000,0.000,0.00,15.0,OK
1787113091.478,ROTATING,0,200.00,21.61,-1.30,-0.23,1500,1900,0.00,-1.470,-0.954,32.84,0.020,0.167,9.748,-0.077,-0.079,1.214,-9.743,-0.898,-0.314,-1.144,-0.074,-0.015,0.000,0.000,0.000,0.00,14.3,OK
1787113091.528,ROTATING,0,200.00,21.61,-1.30,-0.23,1500,1900,0.00,-1.470,-0.954,32.84,0.020,0.167,9.748,-0.077,-0.079,1.214,-9.760,-1.389,-0.060,-1.021,-0.060,-0.004,0.000,0.000,0.000,0.00,14.3,OK
1787113091.578,ROTATING,0,200.00,21.61,-1.30,-0.23,1500,1900,0.00,-1.470,-0.954,32.84,0.020,0.167,9.748,-0.077,-0.079,1.214,-9.716,-1.580,0.021,-0.864,-0.043,-0.034,0.000,0.000,0.000,0.00,14.3,OK
1787113091.628,ROTATING,0,184.00,21.61,-1.30,-0.23,1500,1900,0.00,-1.470,-0.954,32.84,0.029,-0.147,9.816,-0.053,-0.033,0.854,-9.685,-1.644,0.141,-0.685,-0.027,-0.038,0.000,0.000,0.000,0.00,14.3,OK
1787113091.678,ROTATING,0,184.00,21.61,-1.30,-0.23,1500,1900,0.00,-1.470,-0.954,32.84,0.029,-0.147,9.816,-0.053,-0.033,0.854,-9.733,-1.393,0.095,-0.562,-0.018,-0.036,0.000,0.000,0.000,0.00,14.3,OK
1787113091.728,ROTATING,0,184.00,21.61,-1.30,-0.23,1500,1900,0.00,-1.470,-0.954,32.84,0.029,-0.147,9.816,-0.053,-0.033,0.854,-9.793,-1.530,0.296,-0.422,-0.007,-0.034,0.000,0.000,0.000,0.00,14.3,OK
1787113091.778,ROTATING,0,184.00,21.61,-1.30,-0.23,1500,1900,0.00,-1.470,-0.954,32.84,0.029,-0.147,9.816,-0.053,-0.033,0.854,-9.736,-2.025,0.495,-0.243,0.005,-0.009,0.000,0.000,0.000,0.00,14.3,OK
1787113091.828,ROTATING,0,184.00,21.61,-1.30,-0.23,1500,1900,0.00,-1.470,-0.954,32.84,0.029,-0.147,9.816,-0.053,-0.033,0.854,-9.886,-1.668,0.456,-0.067,0.018,-0.024,0.000,0.000,0.000,0.00,14.3,OK
1787113091.879,ROTATING,0,177.00,21.61,-1.31,-0.23,1500,1900,0.00,-1.470,-0.954,32.84,0.147,-0.304,9.846,-0.026,0.018,0.041,-9.807,-2.064,0.483,0.134,0.023,-0.013,0.000,0.000,0.000,0.00,14.3,OK
1787113091.928,ROTATING,0,177.00,21.61,-1.31,-0.23,1500,1900,0.00,-1.470,-0.954,32.84,0.147,-0.304,9.846,-0.026,0.018,0.041,-9.719,-2.075,0.495,0.347,0.032,-0.003,0.000,0.000,0.000,0.00,14.3,OK
1787113091.979,ROTATING,0,177.00,21.61,-1.31,-0.23,1500,1900,0.00,-1.470,-0.954,32.84,0.147,-0.304,9.846,-0.026,0.018,0.041,-9.728,-2.053,0.380,0.544,0.042,-0.024,0.000,0.000,0.000,0.00,14.3,OK
1787113092.028,ROTATING,0,177.00,21.61,-1.31,-0.23,1500,1900,0.00,-1.470,-0.954,32.84,0.147,-0.304,9.846,-0.026,0.018,0.041,-9.841,-1.572,0.282,0.698,0.042,-0.021,0.000,0.000,0.000,0.00,14.3,OK
1787113092.079,ROTATING,0,177.00,21.61,-1.31,-0.23,1500,1900,0.00,-1.470,-0.954,32.84,0.147,-0.304,9.846,-0.026,0.018,0.041,-9.867,-1.627,-0.147,0.827,0.056,-0.019,0.000,0.000,0.000,0.00,14.3,OK
1787113092.128,ROTATING,0,184.00,21.61,-1.32,-0.23,1500,1900,0.00,-1.470,-0.954,32.84,0.304,-0.569,9.767,0.000,0.043,-0.854,-9.721,-1.101,0.292,0.908,0.061,-0.019,0.000,0.000,0.000,0.00,14.3,OK
1787113092.179,ROTATING,0,184.00,21.61,-1.32,-0.23,1500,1900,0.00,-1.470,-0.954,32.84,0.304,-0.569,9.767,0.000,0.043,-0.854,-9.781,-1.329,-0.216,0.990,0.076,-0.037,0.000,0.000,0.000,0.00,14.3,OK
1787113092.229,ROTATING,0,184.00,21.61,-1.32,-0.23,1500,1900,0.00,-1.470,-0.954,32.84,0.304,-0.569,9.767,0.000,0.043,-0.854,-9.776,-0.844,0.169,1.040,0.077,0.016,0.000,0.000,0.000,0.00,14.3,OK
1787113092.278,ROTATING,0,184.00,21.61,-1.32,-0.23,1500,1900,0.00,-1.470,-0.954,32.84,0.304,-0.569,9.767,0.000,0.043,-0.854,-9.821,-1.270,-0.195,1.095,0.090,-0.020,0.000,0.000,0.000,0.00,14.3,OK
1787113092.328,ROTATING,0,184.00,21.61,-1.32,-0.23,1500,1900,0.00,-1.458,-0.948,33.79,0.304,-0.569,9.767,0.000,0.043,-0.854,-9.929,-0.991,-0.030,1.137,0.093,0.016,0.000,0.000,0.000,0.00,14.3,OK
1787113092.378,ROTATING,0,199.00,21.61,-1.30,-0.23,1500,1900,0.00,-1.479,-0.936,33.13,0.098,-0.667,9.738,0.023,0.086,-1.163,-10.058,-1.146,-0.475,1.171,0.111,-0.004,0.000,0.000,0.000,0.00,14.3,OK
1787113092.428,ROTATING,0,199.00,21.61,-1.30,-0.23,1500,1900,0.00,-1.483,-0.928,33.03,0.098,-0.667,9.738,0.023,0.086,-1.163,-9.757,-0.628,-0.290,1.190,0.109,0.009,0.000,0.000,0.000,0.00,14.3,OK
1787113092.478,ROTATING,0,199.00,21.61,-1.30,-0.23,1500,1900,0.00,-1.483,-0.928,33.03,0.098,-0.667,9.738,0.023,0.086,-1.163,-9.631,-0.880,-0.534,1.214,0.127,0.017,0.000,0.000,0.000,0.00,15.0,OK
1787113092.528,ROTATING,0,199.00,21.61,-1.30,-0.23,1500,1900,0.00,-1.483,-0.928,33.03,0.098,-0.667,9.738,0.023,0.086,-1.163,-9.817,-0.540,-0.257,1.226,0.111,0.033,0.000,0.000,0.000,0.00,15.0,OK
1787113092.578,ROTATING,0,199.00,21.61,-1.30,-0.23,1500,1900,0.00,-1.483,-0.928,33.03,0.098,-0.667,9.738,0.023,0.086,-1.163,-9.829,-0.715,-0.561,1.233,0.124,0.015,0.000,0.000,0.000,0.00,15.0,OK
1787113092.628,ROTATING,0,217.00,21.61,-1.29,-0.23,1500,1900,0.00,-1.483,-0.928,33.03,0.451,-0.579,9.924,0.020,0.107,-1.264,-9.750,-0.480,-0.458,1.237,0.121,-0.035,0.000,0.000,0.000,0.00,15.0,OK
1787113092.679,ROTATING,0,217.00,21.61,-1.29,-0.23,1500,1100,0.00,-1.483,-0.928,33.03,0.451,-0.579,9.924,0.020,0.107,-1.264,-9.843,-0.691,-0.731,1.244,0.120,-0.016,0.000,0.000,0.000,0.00,15.0,OK
1787113092.729,ROTATING,0,217.00,21.61,-1.29,-0.23,1500,1100,0.00,-1.483,-0.928,33.03,0.451,-0.579,9.924,0.020,0.107,-1.264,-10.063,0.062,-0.748,1.180,0.120,0.002,0.000,0.000,0.000,0.00,15.0,OK
1787113092.778,ROTATING,0,217.00,21.61,-1.29,-0.23,1500,1100,0.00,-1.483,-0.928,33.03,0.451,-0.579,9.924,0.020,0.107,-1.264,-9.950,0.455,-0.781,1.055,0.115,0.020,0.000,0.000,0.000,0.00,15.0,OK
1787113092.829,ROTATING,0,217.00,21.61,-1.29,-0.23,1500,1100,0.00,-1.483,-0.928,33.03,0.451,-0.579,9.924,0.020,0.107,-1.264,-9.991,0.742,-0.729,0.894,0.100,0.058,0.000,0.000,0.000,0.00,15.0,OK
1787113092.879,ROTATING,0,234.00,21.61,-1.28,-0.23,1500,1100,0.00,-1.483,-0.928,33.03,0.010,-0.510,9.669,0.073,0.088,-0.896,-9.874,0.648,-0.661,0.732,0.081,0.059,0.000,0.000,0.000,0.00,15.0,OK
1787113092.928,ROTATING,0,234.00,21.61,-1.28,-0.23,1500,1100,0.00,-1.483,-0.928,33.03,0.010,-0.510,9.669,0.073,0.088,-0.896,-9.953,0.592,-0.587,0.612,0.062,0.078,0.000,0.000,0.000,0.00,15.0,OK
1787113092.978,ROTATING,0,234.00,21.61,-1.28,-0.23,1500,1100,0.00,-1.483,-0.928,33.03,0.010,-0.510,9.669,0.073,0.088,-0.896,-9.915,0.903,-0.563,0.435,0.045,0.099,0.000,0.000,0.000,0.00,15.0,OK
1787113093.028,ROTATING,0,234.00,21.61,-1.28,-0.23,1500,1100,0.00,-1.483,-0.928,33.03,0.010,-0.510,9.669,0.073,0.088,-0.896,-9.895,1.425,-0.401,0.219,0.030,0.101,0.000,0.000,0.000,0.00,15.0,OK
1787113093.079,ROTATING,0,234.00,21.61,-1.28,-0.23,1500,1100,0.00,-1.483,-0.928,33.03,0.010,-0.510,9.669,0.073,0.088,-0.896,-9.877,1.035,-0.326,0.046,0.011,0.118,0.000,0.000,0.000,0.00,15.0,OK
1787113093.128,ROTATING,0,240.00,21.61,-1.28,-0.23,1500,1100,0.00,-1.483,-0.928,33.03,-0.441,-0.422,9.758,0.120,0.008,-0.018,-9.874,1.451,-0.372,-0.161,-0.010,0.106,0.000,0.000,0.000,0.00,15.0,OK
1787113093.178,ROTATING,0,240.00,21.61,-1.28,-0.23,1500,1100,0.00,-1.483,-0.928,33.03,-0.441,-0.422,9.758,0.120,0.008,-0.018,-9.908,1.633,-0.599,-0.380,-0.021,0.087,0.000,0.000,0.000,0.00,15.0,OK
1787113093.228,ROTATING,0,240.00,21.61,-1.28,-0.23,1500,1100,0.00,-1.482,-0.929,32.51,-0.441,-0.422,9.758,0.120,0.008,-0.018,-9.657,0.885,-0.637,-0.546,-0.030,0.062,0.000,0.000,0.000,0.00,15.0,OK
1787113093.278,ROTATING,0,240.00,21.61,-1.28,-0.23,1500,1100,0.00,-1.482,-0.929,32.52,-0.441,-0.422,9.758,0.120,0.008,-0.018,-10.039,1.000,-0.595,-0.725,-0.051,0.072,0.000,0.000,0.000,0.00,15.0,OK
1787113093.328,ROTATING,0,240.00,21.61,-1.28,-0.23,1500,1100,0.00,-1.482,-0.929,32.52,-0.441,-0.422,9.758,0.120,0.008,-0.018,-9.571,0.841,-0.613,-0.824,-0.058,-0.020,0.000,0.000,0.000,0.00,15.0,OK
1787113093.378,ROTATING,0,232.00,21.61,-1.28,-0.23,1500,1100,0.00,-1.482,-0.929,32.52,-0.294,-0.098,9.728,-0.022,-0.054,0.854,-9.776,0.565,-0.738,-0.899,-0.078,-0.023,0.000,0.000,0.000,0.00,15.0,OK
1787113093.428,ROTATING,0,232.00,21.61,-1.28,-0.23,1500,1100,0.00,-1.482,-0.929,32.52,-0.294,-0.098,9.728,-0.022,-0.054,0.854,-9.750,0.334,-0.551,-0.947,-0.076,-0.038,0.000,0.000,0.000,0.00,15.0,OK
1787113093.478,ROTATING,0,232.00,21.61,-1.28,-0.23,1500,1100,0.00,-1.482,-0.929,32.52,-0.294,-0.098,9.728,-0.022,-0.054,0.854,-9.905,0.499,-0.374,-1.001,-0.075,-0.029,0.000,0.000,0.000,0.00,15.0,OK
1787113093.528,ROTATING,0,232.00,21.61,-1.28,-0.23,1500,1100,0.00,-1.482,-0.929,32.52,-0.294,-0.098,9.728,-0.022,-0.054,0.854,-9.798,0.398,-0.491,-1.040,-0.071,-0.037,0.000,0.000,0.000,0.00,15.0,OK
1787113093.578,ROTATING,0,232.00,21.61,-1.28,-0.23,1500,1100,0.00,-1.482,-0.929,32.52,-0.294,-0.098,9.728,-0.022,-0.054,0.854,-9.626,0.137,-0.622,-1.081,-0.076,-0.022,0.000,0.000,0.000,0.00,15.0,OK
1787113093.628,ROTATING,0,218.00,21.61,-1.28,-0.23,1500,1100,0.00,-1.482,-0.929,32.52,-0.265,0.137,9.758,-0.047,-0.061,1.110,-9.798,-0.009,-0.599,-1.107,-0.070,-0.002,0.000,0.000,0.000,0.00,15.0,OK
1787113093.678,ROTATING,0,218.00,21.61,-1.28,-0.23,1500,1100,0.00,-1.482,-0.929,32.52,-0.265,0.137,9.758,-0.047,-0.061,1.110,-9.826,0.318,-0.422,-1.132,-0.069,0.003,0.000,0.000,0.000,0.00,15.0,OK
1787113093.728,ROTATING,0,218.00,21.61,-1.28,-0.23,1500,1100,0.00,-1.482,-0.929,32.52,-0.265,0.137,9.758,-0.047,-0.061,1.110,-9.846,0.148,-0.398,-1.152,-0.069,-0.014,0.000,0.000,0.000,0.00,15.0,OK
1787113093.778,ROTATING,0,218.00,21.61,-1.28,-0.23,1500,1100,0.00,-1.482,-0.929,32.52,-0.265,0.137,9.758,-0.047,-0.061,1.110,-9.819,-0.038,-0.451,-1.155,-0.058,-0.012,0.000,0.000,0.000,0.00,15.0,OK
1787113093.828,ROTATING,0,218.00,21.61,-1.28,-0.23,1500,1100,0.00,-1.482,-0.929,32.52,-0.265,0.137,9.758,-0.047,-0.061,1.110,-9.831,-0.165,-0.412,-1.167,-0.060,-0.028,0.000,0.000,0.000,0.00,15.0,OK
1787113093.879,ROTATING,0,201.00,21.61,-1.28,-0.23,1500,1100,0.00,-1.482,-0.929,32.52,-0.020,0.078,9.758,-0.056,-0.040,1.197,-9.898,-0.218,-0.475,-1.170,-0.050,-0.013,0.000,0.000,0.000,0.00,15.0,OK
1787113093.928,ROTATING,0,201.00,21.61,-1.28,-0.23,1500,1900,0.00,-1.482,-0.929,32.52,-0.020,0.078,9.758,-0.056,-0.040,1.197,-9.829,-0.084,-0.432,-1.181,-0.054,-0.026,0.000,0.000,0.000,0.00,15.0,OK
1787113093.978,ROTATING,0,201.00,21.61,-1.28,-0.23,1500,1900,0.00,-1.482,-0.929,32.52,-0.020,0.078,9.758,-0.056,-0.040,1.197,-9.607,-0.803,-0.328,-1.122,-0.044,-0.030,0.000,0.000,0.000,0.00,15.0,OK
1787113094.028,ROTATING,0,201.00,21.61,-1.28,-0.23,1500,1900,0.00,-1.482,-0.929,32.52,-0.020,0.078,9.758,-0.056,-0.040,1.197,-9.678,-1.208,-0.180,-1.003,-0.026,-0.029,0.000,0.000,0.000,0.00,15.0,OK
1787113094.078,ROTATING,0,201.00,21.61,-1.28,-0.23,1500,1900,0.00,-1.482,-0.929,32.52,-0.020,0.078,9.758,-0.056,-0.040,1.197,-9.733,-1.532,-0.113,-0.855,-0.016,-0.060,0.000,0.000,0.000,0.00,15.0,OK
1787113094.128,ROTATING,0,185.00,21.61,-1.28,-0.23,1500,1900,0.00,-1.482,-0.929,32.52,0.000,0.000,9.728,-0.071,-0.006,0.845,-9.793,-1.592,-0.030,-0.686,-0.015,-0.040,0.000,0.000,0.000,0.00,15.0,OK
1787113094.178,ROTATING,0,185.00,21.61,-1.28,-0.23,1500,1900,0.00,-1.482,-0.929,32.52,0.000,0.000,9.728,-0.071,-0.006,0.845,-9.657,-1.170,0.091,-0.555,-0.008,-0.013,0.000,0.000,0.000,0.00,15.0,OK
1787113094.228,ROTATING,0,185.00,21.61,-1.28,-0.23,1500,1900,0.00,-1.473,-0.902,30.24,0.000,0.000,9.728,-0.071,-0.006,0.845,-9.714,-1.740,0.296,-0.400,-0.001,-0.005,0.000,0.000,0.000,0.00,15.0,OK
1787113094.278,ROTATING,0,185.00,21.61,-1.28,-0.23,1500,1900,0.00,-1.450,-0.872,27.98,0.000,0.000,9.728,-0.071,-0.006,0.845,-9.690,-1.849,0.263,-0.219,0.003,-0.013,0.000,0.000,0.000,0.00,15.0,OK
1787113094.328,ROTATING,0,185.00,21.61,-1.28,-0.23,1500,1900,0.00,-1.450,-0.872,27.98,0.000,0.000,9.728,-0.071,-0.006,0.845,-9.836,-1.567,0.265,-0.049,0.010,-0.026,0.000,0.000,0.000,0.00,15.0,OK
1787113094.378,ROTATING,0,179.00,21.61,-1.29,-0.23,1500,1900,0.00,-1.445,-0.860,27.52,-0.010,-0.333,9.767,-0.025,0.007,0.021,-9.907,-1.807,0.408,0.138,-0.000,-0.013,0.000,0.000,0.000,0.00,15.0,OK
1787113094.428,ROTATING,0,179.00,21.61,-1.29,-0.23,1500,1900,0.00,-1.418,-0.928,31.58,-0.010,-0.333,9.767,-0.025,0.007,0.021,-9.678,-1.919,0.416,0.347,0.014,-0.008,0.000,0.000,0.000,0.00,15.0,OK
1787113094.478,ROTATING,0,179.00,21.61,-1.29,-0.23,1500,1900,0.00,-1.418,-0.928,31.58,-0.010,-0.333,9.767,-0.025,0.007,0.021,-9.865,-1.859,0.162,0.553,0.018,-0.011,0.000,0.000,0.000,0.00,15.0,OK
1787113094.528,ROTATING,0,179.00,21.61,-1.29,-0.23,1500,1900,0.00,-1.423,-0.914,33.70,-0.010,-0.333,9.767,-0.025,0.007,0.021,-9.655,-1.447,0.160,0.708,0.033,-0.014,0.000,0.000,0.000,0.00,15.0,OK
1787113094.578,ROTATING,0,179.00,21.61,-1.29,-0.23,1500,1900,0.00,-1.418,-0.935,32.05,-0.010,-0.333,9.767,-0.025,0.007,0.021,-9.700,-1.484,-0.123,0.828,0.046,-0.012,0.000,0.000,0.000,0.00,15.0,OK
1787113094.628,ROTATING,0,186.00,21.61,-1.30,-0.23,1500,1900,0.00,-1.418,-0.935,32.05,0.118,-0.431,9.758,0.006,0.043,-0.865,-9.604,-0.863,0.139,0.910,0.065,-0.020,0.000,0.000,0.000,0.00,15.0,OK
1787113094.679,ROTATING,0,186.00,21.61,-1.30,-0.23,1500,1900,0.00,-1.418,-0.935,32.05,0.118,-0.431,9.758,0.006,0.043,-0.865,-9.893,-1.101,-0.365,0.979,0.071,0.027,0.000,0.000,0.000,0.00,15.0,OK
1787113094.728,ROTATING,0,186.00,21.61,-1.30,-0.23,1500,1900,0.00,-1.418,-0.935,32.05,0.118,-0.431,9.758,0.006,0.043,-0.865,-9.437,-0.944,0.122,1.045,0.092,0.004,0.000,0.000,0.000,0.00,15.0,OK
1787113094.778,ROTATING,0,186.00,21.61,-1.30,-0.23,1500,1900,0.00,-1.418,-0.937,30.75,0.118,-0.431,9.758,0.006,0.043,-0.865,-9.996,-1.045,-0.379,1.095,0.096,0.025,0.000,0.000,0.000,0.00,15.0,OK
1787113094.828,ROTATING,0,186.00,21.61,-1.30,-0.23,1500,1900,0.00,-1.428,-0.913,32.94,0.118,-0.431,9.758,0.006,0.043,-0.865,-9.810,-0.657,-0.082,1.125,0.108,0.012,0.000,0.000,0.000,0.00,15.0,OK
1787113094.878,ROTATING,0,201.00,21.61,-1.27,-0.23,1500,1900,0.00,-1.428,-0.913,32.94,0.216,-0.402,9.807,0.024,0.090,-1.160,-9.919,-0.843,-0.506,1.158,0.120,0.047,0.000,0.000,0.000,0.00,15.0,OK
1787113094.928,ROTATING,0,201.00,21.61,-1.27,-0.23,1500,1900,0.00,-1.445,-0.858,32.03,0.216,-0.402,9.807,0.024,0.090,-1.160,-9.857,-0.627,-0.444,1.171,0.131,-0.019,0.000,0.000,0.000,0.00,15.0,OK
1787113094.978,ROTATING,0,201.00,21.61,-1.27,-0.23,1500,1900,0.00,-1.443,-0.852,30.88,0.216,-0.402,9.807,0.024,0.090,-1.160,-9.764,-0.556,-0.530,1.189,0.134,-0.000,0.000,0.000,0.000,0.00,15.0,OK
1787113095.029,ROTATING,0,201.00,21.61,-1.27,-0.23,1500,1900,0.00,-1.452,-0.841,31.67,0.216,-0.402,9.807,0.024,0.090,-1.160,-9.900,-0.489,-0.578,1.208,0.134,-0.011,0.000,0.000,0.000,0.00,15.0,OK
1787113095.079,ROTATING,0,201.00,21.61,-1.27,-0.23,1500,1900,0.00,-1.452,-0.841,31.67,0.216,-0.402,9.807,0.024,0.090,-1.160,-9.769,-0.487,-0.685,1.219,0.134,0.030,0.000,0.000,0.000,0.00,15.0,OK
1787113095.128,ROTATING,0,219.00,21.61,-1.27,-0.23,1500,1900,0.00,-1.454,-0.842,31.63,0.147,-0.441,9.846,0.034,0.119,-1.245,-9.955,-0.590,-0.597,1.214,0.129,0.015,0.000,0.000,0.000,0.00,15.0,OK
1787113095.178,ROTATING,0,219.00,21.61,-1.27,-0.23,1500,1100,0.00,-1.454,-0.842,31.63,0.147,-0.441,9.846,0.034,0.119,-1.245,-9.948,-0.544,-0.966,1.217,0.119,0.060,0.000,0.000,0.000,0.00,15.0,OK
1787113095.228,ROTATING,0,219.00,21.61,-1.27,-0.23,1500,1100,0.00,-1.454,-0.842,31.63,0.147,-0.441,9.846,0.034,0.119,-1.245,-9.714,0.207,-1.020,1.164,0.115,0.032,0.000,0.000,0.000,0.00,15.0,OK
1787113095.279,ROTATING,0,219.00,21.61,-1.27,-0.23,1500,1100,0.00,-1.454,-0.842,31.63,0.147,-0.441,9.846,0.034,0.119,-1.245,-9.774,0.572,-0.977,1.038,0.114,0.037,0.000,0.000,0.000,0.00,15.0,OK
1787113095.328,ROTATING,0,219.00,21.61,-1.27,-0.23,1500,1100,0.00,-1.454,-0.842,31.63,0.147,-0.441,9.846,0.034,0.119,-1.245,-9.829,0.799,-0.896,0.880,0.099,0.078,0.000,0.000,0.000,0.00,15.0,OK
1787113095.379,ROTATING,0,235.00,21.61,-1.26,-0.23,1500,1100,0.00,-1.454,-0.842,31.63,-0.255,-0.314,9.895,0.086,0.086,-0.874,-9.841,0.720,-0.834,0.705,0.081,0.069,0.000,0.000,0.000,0.00,15.0,OK
1787113095.428,ROTATING,0,235.00,21.61,-1.26,-0.23,1500,1100,0.00,-1.454,-0.842,31.63,-0.255,-0.314,9.895,0.086,0.086,-0.874,-9.910,0.614,-0.803,0.594,0.057,0.067,0.000,0.000,0.000,0.00,15.0,OK
1787113095.478,ROTATING,0,235.00,21.61,-1.26,-0.23,1500,1100,0.00,-1.454,-0.842,31.63,-0.255,-0.314,9.895,0.086,0.086,-0.874,-9.829,0.897,-0.855,0.433,0.041,0.082,0.000,0.000,0.000,0.00,15.0,OK
1787113095.528,ROTATING,0,235.00,21.61,-1.26,-0.23,1500,1100,0.00,-1.454,-0.842,31.63,-0.255,-0.314,9.895,0.086,0.086,-0.874,-9.898,1.487,-0.683,0.249,0.024,0.085,0.000,0.000,0.000,0.00,15.2,OK
1787113095.579,ROTATING,0,235.00,21.61,-1.26,-0.23,1500,1100,0.00,-1.454,-0.842,31.63,-0.255,-0.314,9.895,0.086,0.086,-0.874,-9.953,1.104,-0.549,0.028,-0.000,0.101,0.000,0.000,0.000,0.00,15.2,OK
1787113095.629,ROTATING,0,241.00,21.61,-1.28,-0.23,1500,1100,0.00,-1.454,-0.842,31.63,-0.628,-0.324,9.758,0.104,-0.000,-0.018,-9.819,1.376,-0.499,-0.175,-0.016,0.075,0.000,0.000,0.000,0.00,15.2,OK
1787113095.678,ROTATING,0,241.00,21.61,-1.28,-0.23,1500,1100,0.00,-1.454,-0.842,31.63,-0.628,-0.324,9.758,0.104,-0.000,-0.018,-9.750,1.364,-0.587,-0.385,-0.036,0.062,0.000,0.000,0.000,0.00,15.2,OK
1787113095.728,ROTATING,0,241.00,21.61,-1.28,-0.23,1500,1100,0.00,-1.454,-0.842,31.63,-0.628,-0.324,9.758,0.104,-0.000,-0.018,-10.120,1.434,-0.727,-0.575,-0.056,0.068,0.000,0.000,0.000,0.00,15.2,OK
1787113095.778,ROTATING,0,241.00,21.61,-1.28,-0.23,1500,1100,0.00,-1.454,-0.842,31.63,-0.628,-0.324,9.758,0.104,-0.000,-0.018,-9.600,0.883,-0.910,-0.707,-0.074,0.035,0.000,0.000,0.000,0.00,15.2,OK
1787113095.828,ROTATING,0,241.00,21.61,-1.28,-0.23,1500,1100,0.00,-1.454,-0.842,31.63,-0.628,-0.324,9.758,0.104,-0.000,-0.018,-9.986,0.744,-0.647,-0.814,-0.095,0.001,0.000,0.000,0.000,0.00,15.2,OK
1787113095.878,ROTATING,0,234.00,21.61,-1.28,-0.23,1500,1100,0.00,-1.454,-0.842,31.63,-0.520,-0.010,9.777,-0.026,-0.088,0.845,-9.650,0.631,-0.788,-0.887,-0.104,-0.054,0.000,0.000,0.000,0.00,15.2,OK
1787113095.928,ROTATING,0,234.00,21.61,-1.28,-0.23,1500,1100,0.00,-1.454,-0.842,31.63,-0.520,-0.010,9.777,-0.026,-0.088,0.845,-9.662,0.605,-0.764,-0.962,-0.109,-0.063,0.000,0.000,0.000,0.00,15.2,OK
1787113095.978,ROTATING,0,234.00,21.61,-1.28,-0.23,1500,1100,0.00,-1.454,-0.842,31.63,-0.520,-0.010,9.777,-0.026,-0.088,0.845,-9.748,0.441,-0.580,-1.022,-0.111,-0.043,0.000,0.000,0.000,0.00,15.2,OK
1787113096.028,ROTATING,0,234.00,21.61,-1.28,-0.23,1500,1100,0.00,-1.454,-0.842,31.63,-0.520,-0.010,9.777,-0.026,-0.088,0.845,-9.915,0.279,-0.456,-1.067,-0.109,-0.028,0.000,0.000,0.000,0.00,15.2,OK
1787113096.079,ROTATING,0,234.00,21.61,-1.28,-0.23,1500,1100,0.00,-1.454,-0.842,31.63,-0.520,-0.010,9.777,-0.026,-0.088,0.845,-9.898,0.253,-0.523,-1.108,-0.115,-0.052,0.000,0.000,0.000,0.00,15.2,OK
1787113096.128,ROTATING,0,219.00,21.61,-1.28,-0.23,1500,1100,0.00,-1.454,-0.842,31.63,-0.716,0.333,9.807,-0.075,-0.099,1.131,-9.669,0.263,-0.465,-1.125,-0.109,-0.051,0.000,0.000,0.000,0.00,15.2,OK
1787113096.179,ROTATING,0,219.00,21.61,-1.28,-0.23,1500,1100,0.00,-1.454,-0.842,31.63,-0.716,0.333,9.807,-0.075,-0.099,1.131,-9.612,0.060,-0.407,-1.140,-0.104,-0.041,0.000,0.000,0.000,0.00,15.2,OK
1787113096.228,ROTATING,0,219.00,21.61,-1.28,-0.23,1500,1100,0.00,-1.439,-0.867,31.98,-0.716,0.333,9.807,-0.075,-0.099,1.131,-9.679,-0.266,-0.403,-1.150,-0.099,-0.051,0.000,0.000,0.000,0.00,15.2,OK
1787113096.278,ROTATING,0,219.00,21.61,-1.28,-0.23,1500,1100,0.00,-1.439,-0.867,31.98,-0.716,0.333,9.807,-0.075,-0.099,1.131,-9.817,-0.165,-0.326,-1.160,-0.092,-0.024,0.000,0.000,0.000,0.00,15.2,OK
1787113096.328,ROTATING,0,219.00,21.61,-1.28,-0.23,1500,1100,0.00,-1.423,-0.892,30.96,-0.716,0.333,9.807,-0.075,-0.099,1.131,-9.836,-0.141,-0.293,-1.169,-0.084,-0.027,0.000,0.000,0.000,0.00,15.2,OK
1787113096.378,ROTATING,0,202.00,21.61,-1.29,-0.23,1500,1100,0.00,-1.415,-0.892,30.31,-0.039,0.088,9.738,-0.049,-0.069,1.201,-9.848,-0.084,-0.310,-1.182,-0.082,-0.023,0.000,0.000,0.000,0.00,15.2,OK
1787113096.429,ROTATING,0,202.00,21.61,-1.29,-0.23,1500,1100,0.00,-1.405,-0.893,29.16,-0.039,0.088,9.738,-0.049,-0.069,1.201,-9.652,-0.148,-0.457,-1.196,-0.078,-0.017,0.000,0.000,0.000,0.00,15.2,OK
1787113096.478,ROTATING,0,202.00,21.61,-1.29,-0.23,1500,1100,0.00,-1.405,-0.893,29.16,-0.039,0.088,9.738,-0.049,-0.069,1.201,-9.695,-0.151,-0.319,-1.209,-0.075,-0.017,0.000,0.000,0.000,0.00,15.2,OK
1787113096.528,ROTATING,0,202.00,21.61,-1.29,-0.23,1500,1100,0.00,-1.394,-0.903,29.08,-0.039,0.088,9.738,-0.049,-0.069,1.201,-9.662,-0.132,-0.441,-1.222,-0.071,0.002,0.000,0.000,0.000,0.00,15.2,OK
1787113096.578,ROTATING,0,202.00,21.61,-1.29,-0.23,1500,1100,0.00,-1.387,-0.909,28.10,-0.039,0.088,9.738,-0.049,-0.069,1.201,-9.609,-0.198,-0.402,-1.220,-0.068,0.041,0.000,0.000,0.000,0.00,15.2,OK
1787113096.628,ROTATING,0,185.00,21.61,-1.30,-0.23,1500,1100,0.00,-1.377,-0.912,27.31,0.049,-0.118,9.807,0.043,-0.051,1.246,-9.836,-0.304,-0.207,-1.212,-0.063,0.077,0.000,0.000,0.000,0.00,15.2,OK
1787113096.679,ROTATING,0,185.00,21.61,-1.30,-0.23,1500,1900,0.00,-1.377,-0.912,27.31,0.049,-0.118,9.807,0.043,-0.051,1.246,-9.850,-0.388,-0.267,-1.210,-0.068,0.086,0.000,0.000,0.000,0.00,15.2,OK
1787113096.728,ROTATING,0,185.00,21.61,-1.30,-0.23,1500,1900,0.00,-1.366,-0.910,26.41,0.049,-0.118,9.807,0.043,-0.051,1.246,-9.829,-0.906,-0.142,-1.147,-0.074,0.054,0.000,0.000,0.000,0.00,15.2,OK
1787113096.779,ROTATING,0,185.00,21.61,-1.30,-0.23,1500,1900,0.00,-1.356,-0.910,25.32,0.049,-0.118,9.807,0.043,-0.051,1.246,-9.724,-1.333,-0.075,-1.019,-0.061,0.014,0.000,0.000,0.000,0.00,15.2,OK
1787113096.829,ROTATING,0,185.00,21.61,-1.30,-0.23,1500,1900,0.00,-1.338,-0.933,23.88,0.049,-0.118,9.807,0.043,-0.051,1.246,-9.686,-1.503,0.107,-0.862,-0.044,-0.006,0.000,0.000,0.000,0.00,15.2,OK
1787113096.878,ROTATING,0,168.00,21.61,-1.31,-0.23,1500,1900,0.00,-1.338,-0.933,23.88,0.000,-0.304,9.856,-0.025,-0.034,0.867,-9.712,-1.591,0.200,-0.697,-0.030,-0.037,0.000,0.000,0.000,0.00,15.2,OK
1787113096.928,ROTATING,0,168.00,21.61,-1.31,-0.23,1500,1900,0.00,-1.331,-0.927,23.26,0.000,-0.304,9.856,-0.025,-0.034,0.867,-9.664,-1.151,0.308,-0.556,-0.020,-0.050,0.000,0.000,0.000,0.00,15.2,OK
1787113096.979,ROTATING,0,168.00,21.61,-1.31,-0.23,1500,1900,0.00,-1.340,-0.905,23.53,0.000,-0.304,9.856,-0.025,-0.034,0.867,-9.686,-1.742,0.437,-0.401,-0.006,-0.045,0.000,0.000,0.000,0.00,15.2,OK
1787113097.029,ROTATING,0,168.00,21.61,-1.31,-0.23,1500,1900,0.00,-1.340,-0.905,23.53,0.000,-0.304,9.856,-0.025,-0.034,0.867,-9.781,-1.894,0.356,-0.233,0.004,-0.042,0.000,0.000,0.000,0.00,15.2,OK
1787113097.079,ROTATING,0,168.00,21.61,-1.31,-0.23,1500,1900,0.00,-1.340,-0.905,23.53,0.000,-0.304,9.856,-0.025,-0.034,0.867,-9.731,-1.549,0.495,-0.051,0.019,-0.047,0.000,0.000,0.000,0.00,15.2,OK
1787113097.128,ROTATING,0,162.00,21.61,-1.32,-0.23,1500,1900,0.00,-1.340,-0.905,23.53,0.206,-0.235,9.836,-0.050,0.022,0.042,-9.741,-1.905,0.488,0.105,0.030,-0.041,0.000,0.000,0.000,0.00,15.2,OK
1787113097.178,ROTATING,0,162.00,21.61,-1.32,-0.23,1500,1900,0.00,-1.340,-0.905,23.53,0.206,-0.235,9.836,-0.050,0.022,0.042,-9.834,-2.012,0.483,0.327,0.035,-0.048,0.000,0.000,0.000,0.00,15.2,OK
1787113097.228,ROTATING,0,162.00,21.61,-1.32,-0.23,1500,1900,0.00,-1.340,-0.905,23.53,0.206,-0.235,9.836,-0.050,0.022,0.042,-9.604,-1.853,0.541,0.524,0.041,-0.043,0.000,0.000,0.000,0.00,15.2,OK
1787113097.278,ROTATING,0,162.00,21.61,-1.32,-0.23,1500,1900,0.00,-1.340,-0.905,23.53,0.206,-0.235,9.836,-0.050,0.022,0.042,-9.767,-1.664,0.143,0.679,0.054,-0.028,0.000,0.000,0.000,0.00,15.2,OK
1787113097.328,ROTATING,0,162.00,21.61,-1.32,-0.23,1500,1900,0.00,-1.340,-0.905,23.53,0.206,-0.235,9.836,-0.050,0.022,0.042,-9.776,-1.363,0.176,0.803,0.059,-0.017,0.000,0.000,0.000,0.00,15.2,OK
1787113097.378,ROTATING,0,169.00,21.61,-1.32,-0.23,1500,1900,0.00,-1.341,-0.892,22.72,0.333,-0.412,9.748,0.004,0.048,-0.836,-9.984,-1.140,-0.061,0.892,0.061,0.028,0.000,0.000,0.000,0.00,15.2,OK
1787113097.428,ROTATING,0,169.00,21.61,-1.32,-0.23,1500,1900,0.00,-1.365,-0.827,21.98,0.333,-0.412,9.748,0.004,0.048,-0.836,-9.717,-1.159,0.129,0.963,0.068,-0.005,0.000,0.000,0.000,0.00,15.2,OK
1787113097.478,ROTATING,0,169.00,21.61,-1.32,-0.23,1500,1900,0.00,-1.365,-0.827,21.98,0.333,-0.412,9.748,0.004,0.048,-0.836,-9.872,-1.127,-0.113,1.023,0.072,0.057,0.000,0.000,0.000,0.00,15.2,OK
1787113097.528,ROTATING,0,169.00,21.61,-1.32,-0.23,1500,1900,0.00,-1.361,-0.827,21.69,0.333,-0.412,9.748,0.004,0.048,-0.836,-9.526,-0.637,0.045,1.056,0.089,0.031,0.000,0.000,0.000,0.00,15.2,OK
1787113097.578,ROTATING,0,169.00,21.61,-1.32,-0.23,1500,1900,0.00,-1.346,-0.867,21.53,0.333,-0.412,9.748,0.004,0.048,-0.836,-9.912,-0.929,-0.367,1.098,0.082,0.109,0.000,0.000,0.000,0.00,15.2,OK
1787113097.628,ROTATING,0,183.00,21.61,-1.31,-0.23,1500,1900,0.00,-1.346,-0.867,21.53,0.137,-0.608,9.777,0.061,0.074,-1.129,-9.757,-0.817,0.016,1.130,0.097,0.030,0.000,0.000,0.000,0.00,15.2,OK
1787113097.678,ROTATING,0,183.00,21.61,-1.31,-0.23,1500,1900,0.00,-1.346,-0.867,21.53,0.137,-0.608,9.777,0.061,0.074,-1.129,-9.955,-0.707,-0.494,1.155,0.109,0.046,0.000,0.000,0.000,0.00,15.2,OK
1787113097.728,ROTATING,0,183.00,21.61,-1.31,-0.23,1500,1900,0.00,-1.346,-0.867,21.53,0.137,-0.608,9.777,0.061,0.074,-1.129,-9.807,-0.624,-0.381,1.174,0.128,0.015,0.000,0.000,0.000,0.00,15.2,OK
1787113097.779,ROTATING,0,183.00,21.61,-1.31,-0.23,1500,1900,0.00,-1.346,-0.872,23.32,0.137,-0.608,9.777,0.061,0.074,-1.129,-9.616,-0.327,-0.213,1.193,0.129,0.022,0.000,0.000,0.000,0.00,15.2,OK
1787113097.828,ROTATING,0,183.00,21.61,-1.31,-0.23,1500,1900,0.00,-1.342,-0.869,21.87,0.137,-0.608,9.777,0.061,0.074,-1.129,-9.600,-0.593,-0.436,1.208,0.142,0.014,0.000,0.000,0.000,0.00,15.2,OK
1787113097.879,ROTATING,0,200.00,21.61,-1.29,-0.23,1500,1900,0.00,-1.342,-0.869,21.87,0.265,-0.481,9.915,0.046,0.128,-1.238,-9.824,-0.533,-0.432,1.219,0.134,0.045,0.000,0.000,0.000,0.00,15.2,OK
1787113097.928,ROTATING,0,200.00,21.61,-1.29,-0.23,1500,1900,0.00,-1.349,-0.835,22.01,0.265,-0.481,9.915,0.046,0.128,-1.238,-9.865,-0.450,-0.516,1.215,0.141,-0.005,0.000,0.000,0.000,0.00,15.2,OK
1787113097.978,ROTATING,0,200.00,21.61,-1.29,-0.23,1500,1900,0.00,-1.353,-0.811,22.18,0.265,-0.481,9.915,0.046,0.128,-1.238,-9.791,-0.585,-0.745,1.218,0.141,-0.005,0.000,0.000,0.000,0.00,15.2,OK
1787113098.028,ROTATING,0,200.00,21.61,-1.29,-0.23,1500,1900,0.00,-1.348,-0.809,20.87,0.265,-0.481,9.915,0.046,0.128,-1.238,-9.695,-0.402,-0.709,1.229,0.148,-0.009,0.000,0.000,0.000,0.00,15.2,OK
1787113098.078,ROTATING,0,200.00,21.61,-1.29,-0.23,1500,1900,0.00,-1.348,-0.809,20.87,0.265,-0.481,9.915,0.046,0.128,-1.238,-9.920,-0.391,-0.839,1.224,0.154,0.039,0.000,0.000,0.000,0.00,15.2,OK
1787113098.128,ROTATING,0,218.00,21.61,-1.28,-0.23,1500,1900,0.00,-1.361,-0.790,22.36,-0.196,-0.451,9.777,0.047,0.143,-1.260,-9.815,-0.614,-0.972,1.241,0.157,0.006,0.000,0.000,0.000,0.00,15.2,OK
1787113098.178,ROTATING,0,218.00,21.61,-1.28,-0.23,1500,1100,0.00,-1.371,-0.766,22.60,-0.196,-0.451,9.777,0.047,0.143,-1.260,-9.738,-0.436,-0.941,1.232,0.147,0.005,0.000,0.000,0.000,0.00,15.2,OK
1787113098.229,ROTATING,0,218.00,21.61,-1.28,-0.23,1500,1100,0.00,-1.379,-0.782,23.48,-0.196,-0.451,9.777,0.047,0.143,-1.260,-9.902,0.088,-1.238,1.177,0.144,-0.002,0.000,0.000,0.000,0.00,15.2,OK
1787113098.278,ROTATING,0,218.00,21.61,-1.28,-0.23,1500,1100,0.00,-1.379,-0.782,23.48,-0.196,-0.451,9.777,0.047,0.143,-1.260,-9.827,0.560,-1.226,1.055,0.122,-0.002,0.000,0.000,0.000,0.00,15.2,OK
1787113098.329,ROTATING,0,218.00,21.61,-1.28,-0.23,1500,1100,0.00,-1.378,-0.792,30.97,-0.196,-0.451,9.777,0.047,0.143,-1.260,-9.895,0.887,-1.051,0.884,0.099,0.026,0.000,0.000,0.000,0.00,15.2,OK
1787113098.378,ROTATING,0,235.00,21.61,-1.27,-0.23,1500,1100,0.00,-1.428,-0.794,31.42,-0.147,-0.294,9.836,0.040,0.086,-0.883,-9.898,0.738,-1.023,0.723,0.080,0.033,0.000,0.000,0.000,0.00,15.2,OK
1787113098.428,ROTATING,0,235.00,21.61,-1.27,-0.23,1500,1100,0.00,-1.435,-0.796,29.95,-0.147,-0.294,9.836,0.040,0.086,-0.883,-9.927,0.841,-1.011,0.586,0.058,0.020,0.000,0.000,0.000,0.00,15.2,OK
1787113098.478,ROTATING,0,235.00,21.61,-1.27,-0.23,1500,1100,0.00,-1.435,-0.796,29.95,-0.147,-0.294,9.836,0.040,0.086,-0.883,-9.872,0.956,-0.932,0.408,0.031,0.027,0.000,0.000,0.000,0.00,15.2,OK
1787113098.528,ROTATING,0,235.00,21.61,-1.27,-0.23,1500,1100,0.00,-1.447,-0.772,28.89,-0.147,-0.294,9.836,0.040,0.086,-0.883,-9.879,1.313,-0.755,0.174,0.001,0.043,0.000,0.000,0.000,0.00,15.2,OK
1787113098.578,ROTATING,0,235.00,21.61,-1.27,-0.23,1500,1100,0.00,-1.456,-0.755,28.42,-0.147,-0.294,9.836,0.040,0.086,-0.883,-9.910,0.872,-0.645,0.007,-0.020,0.056,0.000,0.000,0.000,0.00,15.2,OK
1787113098.628,ROTATING,0,241.00,21.61,-1.28,-0.23,1500,1100,0.00,-1.462,-0.743,27.94,-0.824,-0.294,9.728,0.061,-0.022,0.015,-9.967,1.261,-0.686,-0.195,-0.043,0.065,0.000,0.000,0.000,0.00,15.0,OK
1787113098.678,ROTATING,0,241.00,21.61,-1.28,-0.23,1500,1100,0.00,-1.462,-0.743,27.94,-0.824,-0.294,9.728,0.061,-0.022,0.015,-9.960,1.460,-0.746,-0.388,-0.070,0.054,0.000,0.000,0.000,0.00,15.0,OK
1787113098.729,ROTATING,0,241.00,21.61,-1.28,-0.23,1500,1100,0.00,-1.464,-0.750,27.83,-0.824,-0.294,9.728,0.061,-0.022,0.015,-9.483,0.992,-0.900,-0.590,-0.095,0.021,0.000,0.000,0.000,0.00,15.0,OK
1787113098.778,ROTATING,0,241.00,21.61,-1.28,-0.23,1500,1100,0.00,-1.463,-0.757,28.04,-0.824,-0.294,9.728,0.061,-0.022,0.015,-9.905,0.927,-0.678,-0.727,-0.114,0.015,0.000,0.000,0.000,0.00,15.0,OK
1787113098.828,ROTATING,0,241.00,21.61,-1.28,-0.23,1500,1100,0.00,-1.462,-0.759,27.93,-0.824,-0.294,9.728,0.061,-0.022,0.015,-9.881,0.875,-0.977,-0.830,-0.133,0.010,0.000,0.000,0.000,0.00,15.0,OK
1787113098.879,ROTATING,0,233.00,21.61,-1.28,-0.23,1500,1100,0.00,-1.462,-0.759,27.93,-0.716,-0.275,9.748,-0.021,-0.122,0.861,-9.850,0.713,-0.772,-0.920,-0.145,-0.016,0.000,0.000,0.000,0.00,15.0,OK
1787113098.928,ROTATING,0,233.00,21.61,-1.28,-0.23,1500,1100,0.00,-1.462,-0.759,27.93,-0.716,-0.275,9.748,-0.021,-0.122,0.861,-9.865,0.208,-0.657,-0.979,-0.147,0.019,0.000,0.000,0.000,0.00,15.0,OK
1787113098.978,ROTATING,0,233.00,21.61,-1.28,-0.23,1500,1100,0.00,-1.462,-0.759,27.93,-0.716,-0.275,9.748,-0.021,-0.122,0.861,-9.881,0.456,-0.726,-1.034,-0.142,0.008,0.000,0.000,0.000,0.00,15.0,OK
1787113099.028,ROTATING,0,233.00,21.61,-1.28,-0.23,1500,1100,0.00,-1.462,-0.759,27.93,-0.716,-0.275,9.748,-0.021,-0.122,0.861,-9.834,0.407,-0.714,-1.092,-0.144,0.020,0.000,0.000,0.000,0.00,15.0,OK
1787113099.078,ROTATING,0,233.00,21.61,-1.28,-0.23,1500,1100,0.00,-1.462,-0.759,27.93,-0.716,-0.275,9.748,-0.021,-0.122,0.861,-9.695,0.313,-0.541,-1.113,-0.139,0.009,0.000,0.000,0.000,0.00,15.0,OK
1787113099.129,ROTATING,0,218.00,21.61,-1.28,-0.23,1500,1100,0.00,-1.462,-0.759,27.93,-0.490,0.049,9.787,-0.031,-0.129,1.145,-9.789,0.199,-0.441,-1.137,-0.140,-0.017,0.000,0.000,0.000,0.00,15.0,OK
1787113099.179,ROTATING,0,218.00,21.61,-1.28,-0.23,1500,1100,0.00,-1.462,-0.759,27.93,-0.490,0.049,9.787,-0.031,-0.129,1.145,-9.896,0.248,-0.219,-1.164,-0.141,-0.015,0.000,0.000,0.000,0.00,15.0,OK
1787113099.229,ROTATING,0,218.00,21.61,-1.28,-0.23,1500,1100,0.00,-1.462,-0.759,27.93,-0.490,0.049,9.787,-0.031,-0.129,1.145,-9.781,0.216,-0.319,-1.175,-0.137,-0.014,0.000,0.000,0.000,0.00,15.0,OK
1787113099.278,ROTATING,0,218.00,21.61,-1.28,-0.23,1500,1100,0.00,-1.462,-0.759,27.93,-0.490,0.049,9.787,-0.031,-0.129,1.145,-9.688,-0.168,-0.257,-1.181,-0.130,0.013,0.000,0.000,0.000,0.00,15.0,OK
1787113099.329,ROTATING,0,218.00,21.61,-1.28,-0.23,1500,1100,0.00,-1.462,-0.759,27.93,-0.490,0.049,9.787,-0.031,-0.129,1.145,-9.913,-0.178,-0.327,-1.211,-0.116,0.039,0.000,0.000,0.000,0.00,15.0,OK
1787113099.378,ROTATING,0,201.00,21.61,-1.29,-0.23,1500,1100,0.00,-1.451,-0.782,27.65,-0.069,0.167,9.679,-0.009,-0.099,1.240,-9.803,0.039,-0.355,-1.224,-0.109,0.039,0.000,0.000,0.000,0.00,15.0,OK
1787113099.428,ROTATING,0,201.00,21.61,-1.29,-0.23,1500,1900,0.00,-1.437,-0.809,26.54,-0.069,0.167,9.679,-0.009,-0.099,1.240,-9.700,-0.039,-0.391,-1.231,-0.099,0.023,0.000,0.000,0.000,0.00,15.0,OK
1787113099.479,ROTATING,0,201.00,21.61,-1.29,-0.23,1500,1900,0.00,-1.437,-0.809,26.54,-0.069,0.167,9.679,-0.009,-0.099,1.240,-9.552,-0.810,-0.218,-1.171,-0.085,-0.009,0.000,0.000,0.000,0.00,15.0,OK
1787113099.529,ROTATING,0,201.00,21.61,-1.29,-0.23,1500,1900,0.00,-1.424,-0.822,26.82,-0.069,0.167,9.679,-0.009,-0.099,1.240,-9.669,-1.206,-0.017,-1.051,-0.065,-0.033,0.000,0.000,0.000,0.00,15.0,OK
1787113099.579,ROTATING,0,201.00,21.61,-1.29,-0.23,1500,1900,0.00,-1.406,-0.848,26.40,-0.069,0.167,9.679,-0.009,-0.099,1.240,-9.767,-1.472,0.109,-0.892,-0.055,-0.045,0.000,0.000,0.000,0.00,15.0,OK
1787113099.628,ROTATING,0,184.00,21.61,-1.29,-0.23,1500,1900,0.00,-1.386,-0.875,26.39,0.059,0.039,9.797,-0.058,-0.041,0.894,-9.695,-1.505,0.244,-0.731,-0.044,-0.058,0.000,0.000,0.000,0.00,15.0,OK
1787113099.679,ROTATING,0,184.00,21.61,-1.29,-0.23,1500,1900,0.00,-1.386,-0.875,26.39,0.059,0.039,9.797,-0.058,-0.041,0.894,-9.710,-1.182,0.287,-0.599,-0.036,-0.066,0.000,0.000,0.000,0.00,14.3,OK
1787113099.728,ROTATING,0,184.00,21.61,-1.29,-0.23,1500,1900,0.00,-1.368,-0.893,26.02,0.059,0.039,9.797,-0.058,-0.041,0.894,-9.738,-1.601,0.526,-0.469,-0.025,-0.065,0.000,0.000,0.000,0.00,14.3,OK
1787113099.778,ROTATING,0,184.00,21.61,-1.29,-0.23,1500,1900,0.00,-1.351,-0.917,27.40,0.059,0.039,9.797,-0.058,-0.041,0.894,-9.686,-1.680,0.528,-0.292,-0.012,-0.060,0.000,0.000,0.000,0.00,14.3,OK
1787113099.828,ROTATING,0,184.00,21.61,-1.29,-0.23,1500,1900,0.00,-1.340,-0.931,28.29,0.059,0.039,9.797,-0.058,-0.041,0.894,-9.733,-1.606,0.614,-0.138,0.002,-0.061,0.000,0.000,0.000,0.00,14.3,OK
1787113099.878,ROTATING,0,178.00,21.61,-1.31,-0.23,1500,1900,0.00,-1.340,-0.931,28.29,0.177,-0.216,9.797,-0.069,0.003,0.124,-9.771,-1.963,0.746,0.029,0.012,-0.050,0.000,0.000,0.000,0.00,14.3,OK
1787113099.928,ROTATING,0,178.00,21.61,-1.31,-0.23,1500,1900,0.00,-1.335,-0.936,28.79,0.177,-0.216,9.797,-0.069,0.003,0.124,-9.743,-2.140,0.794,0.225,0.022,-0.057,0.000,0.000,0.000,0.00,14.3,OK
1787113099.978,ROTATING,0,178.00,21.61,-1.31,-0.23,1500,1900,0.00,-1.330,-0.936,28.71,0.177,-0.216,9.797,-0.069,0.003,0.124,-9.841,-2.009,0.509,0.410,0.024,-0.047,0.000,0.000,0.000,0.00,14.3,OK
1787113100.029,ROTATING,0,178.00,21.61,-1.31,-0.23,1500,1900,0.00,-1.317,-0.956,29.72,0.177,-0.216,9.797,-0.069,0.003,0.124,-9.750,-1.659,0.540,0.570,0.039,-0.041,0.000,0.000,0.000,0.00,14.3,OK
1787113100.079,ROTATING,0,178.00,21.61,-1.31,-0.23,1500,1900,0.00,-1.317,-0.956,29.72,0.177,-0.216,9.797,-0.069,0.003,0.124,-9.810,-1.719,0.260,0.733,0.050,0.020,0.000,0.000,0.000,0.00,14.3,OK
1787113100.129,ROTATING,0,183.00,21.61,-1.31,-0.23,1500,1900,0.00,-1.310,-0.966,31.38,0.500,-0.471,9.767,0.014,0.041,-0.759,-9.691,-1.479,0.035,0.839,0.068,0.007,0.000,0.000,0.000,0.00,14.3,OK
1787113100.179,ROTATING,0,183.00,21.61,-1.31,-0.23,1500,1900,0.00,-1.314,-0.962,31.64,0.500,-0.471,9.767,0.014,0.041,-0.759,-9.462,-1.050,0.383,0.924,0.079,0.028,0.000,0.000,0.000,0.00,14.3,OK
1787113100.228,ROTATING,0,183.00,21.61,-1.31,-0.23,1500,1900,0.00,-1.322,-0.954,31.52,0.500,-0.471,9.767,0.014,0.041,-0.759,-9.736,-1.271,-0.116,0.989,0.108,0.031,0.000,0.000,0.000,0.00,14.3,OK
1787113100.279,ROTATING,0,183.00,21.61,-1.31,-0.23,1500,1900,0.00,-1.322,-0.954,31.52,0.500,-0.471,9.767,0.014,0.041,-0.759,-9.509,-0.811,0.244,1.031,0.118,0.025,0.000,0.000,0.000,0.00,14.3,OK
1787113100.328,ROTATING,0,183.00,21.61,-1.31,-0.23,1500,1900,0.00,-1.328,-0.948,31.89,0.500,-0.471,9.767,0.014,0.041,-0.759,-9.819,-1.145,-0.317,1.092,0.134,0.008,0.000,0.000,0.000,0.00,14.3,OK
1787113100.378,ROTATING,0,197.00,21.61,-1.30,-0.23,1500,1900,0.00,-1.332,-0.941,32.56,0.412,-0.716,9.865,0.025,0.111,-1.120,-9.922,-0.860,0.035,1.125,0.123,-0.032,0.000,0.000,0.000,0.00,14.3,OK
1787113100.428,ROTATING,0,197.00,21.61,-1.30,-0.23,1500,1900,0.00,-1.340,-0.918,31.96,0.412,-0.716,9.865,0.025,0.111,-1.120,-10.072,-1.180,-0.396,1.169,0.130,-0.047,0.000,0.000,0.000,0.00,14.3,OK
1787113100.479,ROTATING,0,197.00,21.61,-1.30,-0.23,1500,1900,0.00,-1.340,-0.918,31.96,0.412,-0.716,9.865,0.025,0.111,-1.120,-9.829,-0.658,-0.178,1.191,0.138,-0.026,0.000,0.000,0.000,0.00,14.3,OK
1787113100.528,ROTATING,0,197.00,21.61,-1.30,-0.23,1500,1900,0.00,-1.350,-0.893,31.65,0.412,-0.716,9.865,0.025,0.111,-1.120,-9.807,-0.765,-0.633,1.214,0.155,0.006,0.000,0.000,0.000,0.00,14.3,OK
1787113100.578,ROTATING,0,197.00,21.61,-1.30,-0.23,1500,1900,0.00,-1.365,-0.861,31.46,0.412,-0.716,9.865,0.025,0.111,-1.120,-9.602,-0.502,-0.309,1.219,0.140,0.018,0.000,0.000,0.000,0.00,14.3,OK
1787113100.629,ROTATING,0,214.00,21.61,-1.28,-0.23,1500,1900,0.00,-1.376,-0.843,31.56,0.049,-0.481,9.689,0.038,0.135,-1.250,-9.874,-0.665,-0.748,1.233,0.156,-0.013,0.000,0.000,0.000,0.00,14.3,OK
1787113100.678,ROTATING,0,214.00,21.61,-1.28,-0.23,1500,1100,0.00,-1.376,-0.843,31.56,0.049,-0.481,9.689,0.038,0.135,-1.250,-9.881,-0.400,-0.523,1.235,0.145,-0.008,0.000,0.000,0.000,0.00,14.3,OK
1787113100.728,ROTATING,0,214.00,21.61,-1.28,-0.23,1500,1100,0.00,-1.387,-0.827,32.23,0.049,-0.481,9.689,0.038,0.135,-1.250,-9.826,-0.024,-0.881,1.183,0.151,-0.005,0.000,0.000,0.000,0.00,15.2,OK
1787113100.778,ROTATING,0,214.00,21.61,-1.28,-0.23,1500,1100,0.00,-1.397,-0.816,33.31,0.049,-0.481,9.689,0.038,0.135,-1.250,-9.924,0.487,-0.899,1.050,0.135,0.028,0.000,0.000,0.000,0.00,15.2,OK
1787113100.828,ROTATING,0,214.00,21.61,-1.28,-0.23,1500,1100,0.00,-1.409,-0.809,34.55,0.049,-0.481,9.689,0.038,0.135,-1.250,-9.898,0.872,-0.934,0.880,0.129,0.072,0.000,0.000,0.000,0.00,15.2,OK
1787113100.879,ROTATING,0,231.00,21.61,-1.27,-0.23,1500,1100,0.00,-1.409,-0.809,34.55,-0.059,-0.510,9.905,0.091,0.113,-0.886,-9.860,0.583,-0.702,0.721,0.107,0.100,0.000,0.000,0.000,0.00,15.2,OK
1787113100.928,ROTATING,0,231.00,21.61,-1.27,-0.23,1500,1100,0.00,-1.402,-0.824,39.78,-0.059,-0.510,9.905,0.091,0.113,-0.886,-9.853,0.775,-0.748,0.601,0.098,0.098,0.000,0.000,0.000,0.00,15.2,OK
1787113100.979,ROTATING,0,231.00,21.61,-1.27,-0.23,1500,1100,0.00,-1.430,-0.837,39.45,-0.059,-0.510,9.905,0.091,0.113,-0.886,-9.963,0.955,-0.650,0.432,0.085,0.073,0.000,0.000,0.000,0.00,15.2,OK
1787113101.028,ROTATING,0,231.00,21.61,-1.27,-0.23,1500,1100,0.00,-1.436,-0.825,38.26,-0.059,-0.510,9.905,0.091,0.113,-0.886,-9.867,1.363,-0.381,0.219,0.060,0.069,0.000,0.000,0.000,0.00,15.2,OK
1787113101.079,ROTATING,0,231.00,21.61,-1.27,-0.23,1500,1100,0.00,-1.436,-0.825,38.26,-0.059,-0.510,9.905,0.091,0.113,-0.886,-9.970,1.089,-0.461,0.048,0.042,0.087,0.000,0.000,0.000,0.00,15.2,OK
1787113101.128,ROTATING,0,237.00,21.61,-1.28,-0.23,1500,1100,0.00,-1.445,-0.810,38.12,-0.520,-0.353,9.807,0.084,0.043,-0.017,-9.755,1.369,-0.647,-0.174,0.021,0.048,0.000,0.000,0.000,0.00,15.2,OK
1787113101.178,ROTATING,0,237.00,21.61,-1.28,-0.23,1500,1100,0.00,-1.451,-0.799,37.66,-0.520,-0.353,9.807,0.084,0.043,-0.017,-9.827,1.385,-0.678,-0.397,-0.001,0.028,0.000,0.000,0.000,0.00,15.2,OK
1787113101.228,ROTATING,0,237.00,21.61,-1.28,-0.23,1500,1100,0.00,-1.446,-0.804,37.13,-0.520,-0.353,9.807,0.084,0.043,-0.017,-10.165,1.139,-0.578,-0.566,-0.021,0.043,0.000,0.000,0.000,0.00,15.2,OK
1787113101.279,ROTATING,0,237.00,21.61,-1.28,-0.23,1500,1100,0.00,-1.446,-0.804,37.13,-0.520,-0.353,9.807,0.084,0.043,-0.017,-9.707,0.758,-0.829,-0.707,-0.039,0.000,0.000,0.000,0.000,0.00,15.2,OK
1787113101.328,ROTATING,0,237.00,21.61,-1.28,-0.23,1500,1100,0.00,-1.454,-0.803,36.47,-0.520,-0.353,9.807,0.084,0.043,-0.017,-9.757,0.963,-0.635,-0.814,-0.049,-0.016,0.000,0.000,0.000,0.00,15.2,OK
1787113101.378,ROTATING,0,230.00,21.61,-1.28,-0.23,1500,1100,0.00,-1.454,-0.815,36.16,-0.402,-0.029,9.777,-0.027,-0.041,0.838,-9.722,0.260,-0.766,-0.878,-0.062,-0.047,0.000,0.000,0.000,0.00,15.2,OK
1787113101.428,ROTATING,0,230.00,21.61,-1.28,-0.23,1500,1100,0.00,-1.447,-0.829,36.51,-0.402,-0.029,9.777,-0.027,-0.041,0.838,-9.695,0.655,-0.864,-0.948,-0.068,-0.059,0.000,0.000,0.000,0.00,15.2,OK
1787113101.478,ROTATING,0,230.00,21.61,-1.28,-0.23,1500,1100,0.00,-1.447,-0.829,36.51,-0.402,-0.029,9.777,-0.027,-0.041,0.838,-9.659,0.658,-0.659,-1.018,-0.079,-0.081,0.000,0.000,0.000,0.00,15.2,OK
1787113101.528,ROTATING,0,230.00,21.61,-1.28,-0.23,1500,1100,0.00,-1.446,-0.834,35.88,-0.402,-0.029,9.777,-0.027,-0.041,0.838,-9.762,0.302,-0.585,-1.047,-0.077,-0.078,0.000,0.000,0.000,0.00,15.2,OK
1787113101.578,ROTATING,0,230.00,21.61,-1.28,-0.23,1500,1100,0.00,-1.439,-0.838,34.35,-0.402,-0.029,9.777,-0.027,-0.041,0.838,-9.700,-0.034,-0.654,-1.081,-0.079,-0.061,0.000,0.000,0.000,0.00,15.2,OK
1787113101.628,ROTATING,0,215.00,21.61,-1.27,-0.23,1500,1100,0.00,-1.417,-0.884,35.84,-0.647,0.127,9.767,-0.079,-0.066,1.117,-9.659,0.064,-0.623,-1.113,-0.079,-0.056,0.000,0.000,0.000,0.00,15.2,OK
1787113101.678,ROTATING,0,215.00,21.61,-1.27,-0.23,1500,1100,0.00,-1.417,-0.884,35.84,-0.647,0.127,9.767,-0.079,-0.066,1.117,-9.612,0.020,-0.819,-1.140,-0.084,-0.045,0.000,0.000,0.000,0.00,15.2,OK
1787113101.728,ROTATING,0,215.00,21.61,-1.27,-0.23,1500,1100,0.00,-1.400,-0.907,35.52,-0.647,0.127,9.767,-0.079,-0.066,1.117,-9.605,0.046,-0.651,-1.154,-0.093,-0.047,0.000,0.000,0.000,0.00,15.2,OK
1787113101.778,ROTATING,0,215.00,21.61,-1.27,-0.23,1500,1100,0.00,-1.387,-0.928,36.02,-0.647,0.127,9.767,-0.079,-0.066,1.117,-9.693,-0.316,-0.652,-1.152,-0.086,-0.052,0.000,0.000,0.000,0.00,15.2,OK
1787113101.829,ROTATING,0,215.00,21.61,-1.27,-0.23,1500,1100,0.00,-1.369,-0.954,36.73,-0.647,0.127,9.767,-0.079,-0.066,1.117,-9.872,-0.266,-0.556,-1.172,-0.082,-0.027,0.000,0.000,0.000,0.00,15.2,OK
1787113101.879,ROTATING,0,198.00,21.61,-1.28,-0.23,1500,1100,0.00,-1.369,-0.954,36.73,-0.392,0.029,9.709,-0.061,-0.063,1.196,-9.819,-0.143,-0.482,-1.171,-0.074,-0.047,0.000,0.000,0.000,0.00,15.2,OK
1787113101.928,ROTATING,0,198.00,21.61,-1.28,-0.23,1500,1900,0.00,-1.359,-0.962,35.83,-0.392,0.029,9.709,-0.061,-0.063,1.196,-9.645,-0.143,-0.541,-1.176,-0.064,-0.083,0.000,0.000,0.000,0.00,15.2,OK
1787113101.978,ROTATING,0,198.00,21.61,-1.28,-0.23,1500,1900,0.00,-1.342,-0.987,36.22,-0.392,0.029,9.709,-0.061,-0.063,1.196,-9.755,-1.030,-0.518,-1.130,-0.052,-0.082,0.000,0.000,0.000,0.00,15.2,OK
1787113102.028,ROTATING,0,198.00,21.61,-1.28,-0.23,1500,1900,0.00,-1.324,-1.013,36.82,-0.392,0.029,9.709,-0.061,-0.063,1.196,-9.774,-1.377,-0.355,-1.007,-0.041,-0.063,0.000,0.000,0.000,0.00,15.2,OK
1787113102.078,ROTATING,0,198.00,21.61,-1.28,-0.23,1500,1900,0.00,-1.324,-1.013,36.82,-0.392,0.029,9.709,-0.061,-0.063,1.196,-9.726,-1.649,-0.149,-0.843,-0.030,-0.040,0.000,0.000,0.000,0.00,15.2,OK
1787113102.128,ROTATING,0,183.00,21.61,-1.28,-0.23,1500,1900,0.00,-1.322,-1.011,35.47,-0.078,-0.098,9.777,-0.056,-0.019,0.829,-9.770,-1.649,-0.202,-0.667,-0.027,-0.027,0.000,0.000,0.000,0.00,15.2,OK
1787113102.178,ROTATING,0,183.00,21.61,-1.28,-0.23,1500,1900,0.00,-1.320,-1.005,33.86,-0.078,-0.098,9.777,-0.056,-0.019,0.829,-9.798,-1.260,-0.135,-0.532,-0.018,0.002,0.000,0.000,0.000,0.00,15.2,OK
1787113102.228,ROTATING,0,183.00,21.61,-1.28,-0.23,1500,1900,0.00,-1.317,-1.002,33.29,-0.078,-0.098,9.777,-0.056,-0.019,0.829,-9.827,-1.363,-0.013,-0.399,-0.023,0.024,0.000,0.000,0.000,0.00,15.2,OK
1787113102.279,ROTATING,0,183.00,21.61,-1.28,-0.23,1500,1900,0.00,-1.317,-1.002,33.29,-0.078,-0.098,9.777,-0.056,-0.019,0.829,-9.903,-1.438,-0.078,-0.267,-0.025,0.041,0.000,0.000,0.000,0.00,15.2,OK
1787113102.328,ROTATING,0,183.00,21.61,-1.28,-0.23,1500,1900,0.00,-1.314,-1.003,32.54,-0.078,-0.098,9.777,-0.056,-0.019,0.829,-9.800,-1.277,-0.032,-0.117,-0.025,0.046,0.000,0.000,0.000,0.00,15.2,OK
1787113102.378,ROTATING,0,177.00,21.61,-1.28,-0.23,1500,1900,0.00,-1.311,-1.005,31.98,-0.196,-0.363,9.758,0.052,-0.028,0.106,-9.745,-1.484,0.107,0.019,-0.030,0.052,0.000,0.000,0.000,0.00,15.2,OK
1787113102.428,ROTATING,0,177.00,21.61,-1.28,-0.23,1500,1900,0.00,-1.310,-1.005,31.57,-0.196,-0.363,9.758,0.052,-0.028,0.106,-9.815,-1.456,0.124,0.185,-0.029,0.047,0.000,0.000,0.000,0.00,15.2,OK
1787113102.478,ROTATING,0,177.00,21.61,-1.28,-0.23,1500,1900,0.00,-1.310,-1.005,31.57,-0.196,-0.363,9.758,0.052,-0.028,0.106,-9.526,-1.355,0.191,0.340,-0.024,-0.000,0.000,0.000,0.000,0.00,15.2,OK
1787113102.528,ROTATING,0,177.00,21.61,-1.28,-0.23,1500,1900,0.00,-1.314,-0.994,30.59,-0.196,-0.363,9.758,0.052,-0.028,0.106,-9.760,-1.783,0.028,0.498,-0.009,0.012,0.000,0.000,0.000,0.00,15.2,OK
1787113102.578,ROTATING,0,177.00,21.61,-1.28,-0.23,1500,1900,0.00,-1.310,-0.996,30.72,-0.196,-0.363,9.758,0.052,-0.028,0.106,-9.483,-1.797,0.325,0.695,0.018,-0.051,0.000,0.000,0.000,0.00,15.2,OK
1787113102.628,ROTATING,0,181.00,21.61,-1.30,-0.23,1500,1900,0.00,-1.303,-1.003,31.48,-0.196,-0.363,9.748,-0.016,0.003,-0.735,-9.731,-1.228,0.346,0.829,0.015,-0.025,0.000,0.000,0.000,0.00,15.2,OK
1787113102.678,ROTATING,0,181.00,21.61,-1.30,-0.23,1500,1900,0.00,-1.303,-1.003,31.48,-0.196,-0.363,9.748,-0.016,0.003,-0.735,-9.812,-1.083,-0.027,0.917,0.035,-0.028,0.000,0.000,0.000,0.00,15.2,OK
1787113102.728,ROTATING,0,181.00,21.61,-1.30,-0.23,1500,1900,0.00,-1.290,-1.015,33.28,-0.196,-0.363,9.748,-0.016,0.003,-0.735,-9.712,-0.766,0.198,1.004,0.033,-0.023,0.000,0.000,0.000,0.00,15.2,OK
1787113102.778,ROTATING,0,181.00,21.61,-1.30,-0.23,1500,1900,0.00,-1.277,-1.028,35.96,-0.196,-0.363,9.748,-0.016,0.003,-0.735,-9.860,-1.108,-0.240,1.055,0.061,-0.019,0.000,0.000,0.000,0.00,15.0,OK
1787113102.828,ROTATING,0,181.00,21.61,-1.30,-0.23,1500,1900,0.00,-1.273,-1.034,37.01,-0.196,-0.363,9.748,-0.016,0.003,-0.735,-9.893,-0.847,0.009,1.101,0.055,-0.003,0.000,0.000,0.000,0.00,15.0,OK
1787113102.879,ROTATING,0,195.00,21.61,-1.28,-0.23,1500,1900,0.00,-1.273,-1.034,37.01,0.216,-0.490,9.620,0.017,0.052,-1.131,-9.757,-1.016,-0.321,1.148,0.084,-0.034,0.000,0.000,0.000,0.00,15.0,OK
1787113102.929,ROTATING,0,195.00,21.61,-1.28,-0.23,1500,1900,0.00,-1.279,-1.023,37.77,0.216,-0.490,9.620,0.017,0.052,-1.131,-9.769,-0.554,-0.190,1.170,0.085,0.010,0.000,0.000,0.000,0.00,15.0,OK
1787113102.978,ROTATING,0,195.00,21.61,-1.28,-0.23,1500,1900,0.00,-1.287,-1.010,38.26,0.216,-0.490,9.620,0.017,0.052,-1.131,-9.786,-0.502,-0.350,1.187,0.098,-0.001,0.000,0.000,0.000,0.00,15.0,OK
1787113103.029,ROTATING,0,195.00,21.61,-1.28,-0.23,1500,1900,0.00,-1.296,-0.994,38.71,0.216,-0.490,9.620,0.017,0.052,-1.131,-9.872,-0.653,-0.401,1.201,0.101,0.000,0.000,0.000,0.000,0.00,15.0,OK
1787113103.079,ROTATING,0,195.00,21.61,-1.28,-0.23,1500,1900,0.00,-1.296,-0.994,38.71,0.216,-0.490,9.620,0.017,0.052,-1.131,-9.645,-0.399,-0.271,1.197,0.107,-0.026,0.000,0.000,0.000,0.00,15.0,OK
1787113103.129,ROTATING,0,213.00,21.61,-1.28,-0.23,1500,1900,0.00,-1.306,-0.978,39.21,0.157,-0.333,9.856,0.012,0.090,-1.231,-9.688,-0.467,-0.556,1.215,0.103,0.025,0.000,0.000,0.000,0.00,15.0,OK
1787113103.179,ROTATING,0,213.00,21.61,-1.28,-0.23,1500,1100,0.00,-1.323,-0.951,38.84,0.157,-0.333,9.856,0.012,0.090,-1.231,-9.602,-0.351,-0.677,1.216,0.113,0.005,0.000,0.000,0.000,0.00,15.0,OK
1787113103.228,ROTATING,0,213.00,21.61,-1.28,-0.23,1500,1100,0.00,-1.341,-0.920,38.46,0.157,-0.333,9.856,0.012,0.090,-1.231,-10.015,-0.086,-0.927,1.150,0.108,-0.005,0.000,0.000,0.000,0.00,15.0,OK
1787113103.278,ROTATING,0,213.00,21.61,-1.28,-0.23,1500,1100,0.00,-1.341,-0.920,38.46,0.157,-0.333,9.856,0.012,0.090,-1.231,-9.776,0.458,-0.872,1.036,0.092,0.023,0.000,0.000,0.000,0.00,15.0,OK
1787113103.329,ROTATING,0,213.00,21.61,-1.28,-0.23,1500,1100,0.00,-1.353,-0.900,39.12,0.157,-0.333,9.856,0.012,0.090,-1.231,-9.896,0.803,-0.827,0.878,0.072,0.049,0.000,0.000,0.000,0.00,15.0,OK
1787113103.378,ROTATING,0,229.00,21.61,-1.28,-0.23,1500,1100,0.00,-1.371,-0.876,39.29,-0.294,-0.549,9.846,0.067,0.058,-0.874,-9.919,0.719,-0.690,0.718,0.047,0.069,0.000,0.000,0.000,0.00,15.0,OK
1787113103.428,ROTATING,0,229.00,21.61,-1.28,-0.23,1500,1100,0.00,-1.380,-0.871,40.48,-0.294,-0.549,9.846,0.067,0.058,-0.874,-9.836,0.686,-0.647,0.591,0.025,0.060,0.000,0.000,0.000,0.00,15.0,OK
1787113103.478,ROTATING,0,229.00,21.61,-1.28,-0.23,1500,1100,0.00,-1.380,-0.871,40.48,-0.294,-0.549,9.846,0.067,0.058,-0.874,-9.879,0.930,-0.506,0.427,0.011,0.072,0.000,0.000,0.000,0.00,15.0,OK
1787113103.528,ROTATING,0,229.00,21.61,-1.28,-0.23,1500,1100,0.00,-1.372,-0.811,38.47,-0.294,-0.549,9.846,0.067,0.058,-0.874,-9.903,1.384,-0.353,0.208,-0.013,0.071,0.000,0.000,0.000,0.00,15.0,OK
1787113103.579,ROTATING,0,229.00,21.61,-1.28,-0.23,1500,1100,0.00,-1.398,-0.799,36.98,-0.294,-0.549,9.846,0.067,0.058,-0.874,-9.965,1.029,-0.343,0.026,-0.031,0.077,0.000,0.000,0.000,0.00,15.0,OK
1787113103.628,ROTATING,0,235.00,21.61,-1.29,-0.23,1500,1100,0.00,-1.415,-0.784,36.86,-0.451,-0.382,9.748,0.079,-0.032,-0.008,-9.993,1.436,-0.336,-0.168,-0.045,0.082,0.000,0.000,0.000,0.00,15.0,OK
1787113103.678,ROTATING,0,235.00,21.61,-1.29,-0.23,1500,1100,0.00,-1.415,-0.784,36.86,-0.451,-0.382,9.748,0.079,-0.032,-0.008,-9.882,1.415,-0.451,-0.379,-0.058,0.045,0.000,0.000,0.000,0.00,15.0,OK
1787113103.728,ROTATING,0,235.00,21.61,-1.29,-0.23,1500,1100,0.00,-1.420,-0.781,36.02,-0.451,-0.382,9.748,0.079,-0.032,-0.008,-9.640,1.038,-0.249,-0.564,-0.069,0.006,0.000,0.000,0.000,0.00,15.0,OK
1787113103.778,ROTATING,0,235.00,21.61,-1.29,-0.23,1500,1100,0.00,-1.425,-0.781,35.52,-0.451,-0.382,9.748,0.079,-0.032,-0.008,-10.192,0.852,-0.366,-0.713,-0.093,0.052,0.000,0.000,0.000,0.00,15.0,OK
1787113103.828,ROTATING,0,235.00,21.61,-1.29,-0.23,1500,1100,0.00,-1.427,-0.782,35.28,-0.451,-0.382,9.748,0.079,-0.032,-0.008,-9.838,0.619,-0.319,-0.808,-0.103,-0.020,0.000,0.000,0.000,0.00,15.0,OK
1787113103.878,ROTATING,0,228.00,21.61,-1.29,-0.23,1500,1100,0.00,-1.427,-0.782,35.28,-0.206,-0.049,9.787,-0.011,-0.093,0.842,-10.044,0.306,-0.526,-0.883,-0.122,0.021,0.000,0.000,0.000,0.00,15.0,OK
1787113103.928,ROTATING,0,228.00,21.61,-1.29,-0.23,1500,1100,0.00,-1.422,-0.800,36.30,-0.206,-0.049,9.787,-0.011,-0.093,0.842,-9.931,0.501,-0.145,-0.935,-0.119,-0.007,0.000,0.000,0.000,0.00,15.0,OK
1787113103.979,ROTATING,0,228.00,21.61,-1.29,-0.23,1500,1100,0.00,-1.419,-0.808,35.81,-0.206,-0.049,9.787,-0.011,-0.093,0.842,-9.693,0.626,-0.223,-1.004,-0.107,-0.018,0.000,0.000,0.000,0.00,15.0,OK
1787113104.028,ROTATING,0,228.00,21.61,-1.29,-0.23,1500,1100,0.00,-1.414,-0.819,35.10,-0.206,-0.049,9.787,-0.011,-0.093,0.842,-9.490,0.323,-0.455,-1.049,-0.104,-0.032,0.000,0.000,0.000,0.00,15.0,OK
1787113104.078,ROTATING,0,228.00,21.61,-1.29,-0.23,1500,1100,0.00,-1.414,-0.819,35.10,-0.206,-0.049,9.787,-0.011,-0.093,0.842,-9.693,-0.041,-0.326,-1.075,-0.104,-0.022,0.000,0.000,0.000,0.00,15.0,OK
1787113104.128,ROTATING,0,213.00,21.61,-1.30,-0.23,1500,1100,0.00,-1.399,-0.845,35.05,-0.186,0.049,9.738,-0.042,-0.089,1.112,-9.881,-0.010,-0.221,-1.117,-0.103,0.011,0.000,0.000,0.000,0.00,15.0,OK
1787113104.178,ROTATING,0,213.00,21.61,-1.30,-0.23,1500,1100,0.00,-1.384,-0.869,34.69,-0.186,0.049,9.738,-0.042,-0.089,1.112,-9.967,0.204,-0.102,-1.127,-0.095,-0.002,0.000,0.000,0.000,0.00,15.0,OK
1787113104.228,ROTATING,0,213.00,21.61,-1.30,-0.23,1500,1100,0.00,-1.366,-0.898,34.75,-0.186,0.049,9.738,-0.042,-0.089,1.112,-9.764,-0.138,-0.008,-1.139,-0.097,-0.037,0.000,0.000,0.000,0.00,15.0,OK
1787113104.278,ROTATING,0,213.00,21.61,-1.30,-0.23,1500,1100,0.00,-1.366,-0.898,34.75,-0.186,0.049,9.738,-0.042,-0.089,1.112,-9.741,-0.477,-0.238,-1.146,-0.078,-0.033,0.000,0.000,0.000,0.00,15.0,OK
1787113104.329,ROTATING,0,213.00,21.61,-1.30,-0.23,1500,1100,0.00,-1.349,-0.928,34.97,-0.186,0.049,9.738,-0.042,-0.089,1.112,-9.836,-0.330,-0.271,-1.159,-0.062,0.012,0.000,0.000,0.000,0.00,15.0,OK
1787113104.379,ROTATING,0,197.00,21.61,-1.31,-0.23,1500,1100,0.00,-1.334,-0.947,34.82,0.167,0.059,9.816,-0.024,-0.046,1.186,-9.636,-0.158,-0.123,-1.169,-0.043,-0.044,0.000,0.000,0.000,0.00,15.0,OK
1787113104.428,ROTATING,0,197.00,21.61,-1.31,-0.23,1500,1900,0.00,-1.324,-0.961,33.93,0.167,0.059,9.816,-0.024,-0.046,1.186,-9.629,-0.437,-0.173,-1.169,-0.038,-0.033,0.000,0.000,0.000,0.00,15.0,OK
1787113104.478,ROTATING,0,197.00,21.61,-1.31,-0.23,1500,1900,0.00,-1.324,-0.961,33.93,0.167,0.059,9.816,-0.024,-0.046,1.186,-9.705,-1.060,-0.120,-1.122,-0.018,0.006,0.000,0.000,0.000,0.00,15.0,OK
1787113104.529,ROTATING,0,197.00,21.61,-1.31,-0.23,1500,1900,0.00,-1.311,-0.980,33.68,0.167,0.059,9.816,-0.024,-0.046,1.186,-9.724,-1.391,0.050,-0.986,-0.002,-0.005,0.000,0.000,0.000,0.00,15.0,OK
1787113104.579,ROTATING,0,197.00,21.61,-1.31,-0.23,1500,1900,0.00,-1.297,-0.998,33.68,0.167,0.059,9.816,-0.024,-0.046,1.186,-9.762,-1.649,0.112,-0.825,0.007,0.004,0.000,0.000,0.000,0.00,15.0,OK
1787113104.628,ROTATING,0,181.00,21.61,-1.31,-0.23,1500,1900,0.00,-1.285,-1.013,33.42,0.088,-0.059,9.816,-0.012,0.016,0.821,-9.700,-1.663,0.220,-0.646,0.020,0.015,0.000,0.000,0.000,0.00,15.0,OK
1787113104.678,ROTATING,0,181.00,21.61,-1.31,-0.23,1500,1900,0.00,-1.285,-1.013,33.42,0.088,-0.059,9.816,-0.012,0.016,0.821,-9.788,-1.377,0.262,-0.523,0.020,0.033,0.000,0.000,0.000,0.00,15.0,OK
1787113104.729,ROTATING,0,181.00,21.61,-1.31,-0.23,1500,1900,0.00,-1.270,-1.033,33.67,0.088,-0.059,9.816,-0.012,0.016,0.821,-9.874,-1.302,0.336,-0.383,0.024,0.039,0.000,0.000,0.000,0.00,15.0,OK
1787113104.779,ROTATING,0,181.00,21.61,-1.31,-0.23,1500,1900,0.00,-1.262,-1.041,33.44,0.088,-0.059,9.816,-0.012,0.016,0.821,-9.671,-1.643,0.445,-0.216,0.033,0.031,0.000,0.000,0.000,0.00,15.0,OK
1787113104.828,ROTATING,0,181.00,21.61,-1.31,-0.23,1500,1900,0.00,-1.262,-1.043,33.17,0.088,-0.059,9.816,-0.012,0.016,0.821,-9.717,-1.405,0.557,-0.073,0.040,0.019,0.000,0.000,0.000,0.00,15.0,OK
1787113104.879,ROTATING,0,175.00,21.61,-1.31,-0.23,1500,1900,0.00,-1.262,-1.043,33.17,0.255,-0.343,9.787,0.016,0.040,0.058,-9.815,-1.755,0.526,0.087,0.046,0.003,0.000,0.000,0.000,0.00,15.0,OK
1787113104.928,ROTATING,0,175.00,21.61,-1.31,-0.23,1500,1900,0.00,-1.253,-1.054,34.00,0.255,-0.343,9.787,0.016,0.040,0.058,-9.827,-1.679,0.480,0.285,0.046,0.003,0.000,0.000,0.000,0.00,15.0,OK
1787113104.978,ROTATING,0,175.00,21.61,-1.31,-0.23,1500,1900,0.00,-1.242,-1.061,34.92,0.255,-0.343,9.787,0.016,0.040,0.058,-9.800,-1.561,0.449,0.457,0.052,-0.017,0.000,0.000,0.000,0.00,15.0,OK
1787113105.028,ROTATING,0,175.00,21.61,-1.31,-0.23,1500,1900,0.00,-1.236,-1.066,35.24,0.255,-0.343,9.787,0.016,0.040,0.058,-9.669,-1.892,-0.056,0.636,0.060,-0.019,0.000,0.000,0.000,0.00,15.0,OK
1787113105.079,ROTATING,0,175.00,21.61,-1.31,-0.23,1500,1900,0.00,-1.236,-1.066,35.24,0.255,-0.343,9.787,0.016,0.040,0.058,-9.667,-1.287,0.153,0.776,0.067,-0.016,0.000,0.000,0.000,0.00,15.0,OK
1787113105.128,ROTATING,0,181.00,21.61,-1.30,-0.23,1500,1900,0.00,-1.234,-1.068,35.93,0.314,-0.216,9.787,-0.003,0.060,-0.824,-9.762,-1.260,-0.290,0.902,0.083,0.014,0.000,0.000,0.000,0.00,15.0,OK
1787113105.179,ROTATING,0,181.00,21.61,-1.30,-0.23,1500,1900,0.00,-1.237,-1.065,36.16,0.314,-0.216,9.787,-0.003,0.060,-0.824,-9.495,-1.137,0.055,0.978,0.089,-0.033,0.000,0.000,0.000,0.00,15.0,OK
1787113105.229,ROTATING,0,181.00,21.61,-1.30,-0.23,1500,1900,0.00,-1.238,-1.056,36.49,0.314,-0.216,9.787,-0.003,0.060,-0.824,-9.796,-1.353,-0.216,1.051,0.090,0.028,0.000,0.000,0.000,0.00,15.0,OK
1787113105.279,ROTATING,0,181.00,21.61,-1.30,-0.23,1500,1900,0.00,-1.238,-1.056,36.49,0.314,-0.216,9.787,-0.003,0.060,-0.824,-10.020,-0.926,-0.200,1.098,0.102,-0.003,0.000,0.000,0.000,0.00,15.0,OK
1787113105.328,ROTATING,0,181.00,21.61,-1.30,-0.23,1500,1900,0.00,-1.235,-1.053,37.55,0.314,-0.216,9.787,-0.003,0.060,-0.824,-9.748,-0.901,-0.597,1.147,0.116,-0.009,0.000,0.000,0.000,0.00,15.0,OK
1787113105.378,ROTATING,0,196.00,21.61,-1.29,-0.23,1500,1900,0.00,-1.241,-1.037,38.03,-0.275,-0.559,9.846,0.025,0.090,-1.177,-9.492,-0.653,-0.134,1.175,0.109,-0.008,0.000,0.000,0.000,0.00,15.0,OK
1787113105.429,ROTATING,0,196.00,21.61,-1.29,-0.23,1500,1900,0.00,-1.240,-1.029,39.35,-0.275,-0.559,9.846,0.025,0.090,-1.177,-9.617,-0.772,-0.568,1.205,0.118,0.011,0.000,0.000,0.000,0.00,15.0,OK
1787113105.478,ROTATING,0,196.00,21.61,-1.29,-0.23,1500,1900,0.00,-1.240,-1.029,39.35,-0.275,-0.559,9.846,0.025,0.090,-1.177,-9.640,-0.638,-0.422,1.226,0.122,0.010,0.000,0.000,0.000,0.00,15.0,OK
1787113105.529,ROTATING,0,196.00,21.61,-1.29,-0.23,1500,1900,0.00,-1.249,-1.014,40.16,-0.275,-0.559,9.846,0.025,0.090,-1.177,-9.798,-0.791,-0.874,1.241,0.128,0.012,0.000,0.000,0.000,0.00,15.0,OK
1787113105.578,ROTATING,0,196.00,21.61,-1.29,-0.23,1500,1900,0.00,-1.256,-0.998,40.63,-0.275,-0.559,9.846,0.025,0.090,-1.177,-9.752,-0.594,-0.384,1.248,0.127,0.025,0.000,0.000,0.000,0.00,15.0,OK
1787113105.628,ROTATING,0,214.00,21.61,-1.28,-0.23,1500,1900,0.00,-1.273,-0.973,40.57,0.078,-0.431,9.856,0.046,0.119,-1.280,-9.948,-0.731,-0.863,1.253,0.125,0.032,0.000,0.000,0.000,0.00,15.0,OK
1787113105.678,ROTATING,0,214.00,21.61,-1.28,-0.23,1500,1100,0.00,-1.273,-0.973,40.57,0.078,-0.431,9.856,0.046,0.119,-1.280,-9.822,-0.349,-0.724,1.254,0.113,0.071,0.000,0.000,0.000,0.00,15.0,OK
1787113105.729,ROTATING,0,214.00,21.61,-1.28,-0.23,1500,1100,0.00,-1.284,-0.958,40.88,0.078,-0.431,9.856,0.046,0.119,-1.280,-9.633,0.089,-1.032,1.204,0.112,0.066,0.000,0.000,0.000,0.00,15.0,OK
1787113105.778,ROTATING,0,214.00,21.61,-1.28,-0.23,1500,1100,0.00,-1.290,-0.941,41.50,0.078,-0.431,9.856,0.046,0.119,-1.280,-9.741,0.635,-1.128,1.078,0.101,0.080,0.000,0.000,0.000,0.00,15.0,OK
1787113105.829,ROTATING,0,214.00,21.61,-1.28,-0.23,1500,1100,0.00,-1.311,-0.911,40.39,0.078,-0.431,9.856,0.046,0.119,-1.280,-9.910,0.927,-1.021,0.899,0.081,0.075,0.000,0.000,0.000,0.00,15.2,OK
1787113105.878,ROTATING,0,231.00,21.61,-1.27,-0.23,1500,1100,0.00,-1.311,-0.911,40.39,-0.353,-0.539,9.875,0.093,0.067,-0.909,-9.877,0.736,-0.841,0.740,0.062,0.091,0.000,0.000,0.000,0.00,15.2,OK
1787113105.928,ROTATING,0,231.00,21.61,-1.27,-0.23,1500,1100,0.00,-1.325,-0.891,40.32,-0.353,-0.539,9.875,0.093,0.067,-0.909,-9.853,0.789,-0.738,0.617,0.043,0.074,0.000,0.000,0.000,0.00,15.2,OK
1787113105.978,ROTATING,0,231.00,21.61,-1.27,-0.23,1500,1100,0.00,-1.339,-0.873,40.87,-0.353,-0.539,9.875,0.093,0.067,-0.909,-9.874,0.999,-0.532,0.463,0.029,0.067,0.000,0.000,0.000,0.00,15.2,OK
1787113106.028,ROTATING,0,231.00,21.61,-1.27,-0.23,1500,1100,0.00,-1.358,-0.847,39.59,-0.353,-0.539,9.875,0.093,0.067,-0.909,-9.905,1.238,-0.377,0.272,0.002,0.089,0.000,0.000,0.000,0.00,15.2,OK
1787113106.078,ROTATING,0,231.00,21.61,-1.27,-0.23,1500,1100,0.00,-1.358,-0.847,39.59,-0.353,-0.539,9.875,0.093,0.067,-0.909,-9.860,1.062,-0.401,0.095,-0.016,0.088,0.000,0.000,0.000,0.00,15.2,OK
1787113106.128,ROTATING,0,238.00,21.61,-1.28,-0.23,1500,1100,0.00,-1.375,-0.824,39.13,-0.696,-0.275,9.767,0.078,-0.017,-0.079,-9.793,1.249,-0.453,-0.094,-0.033,0.048,0.000,0.000,0.000,0.00,15.2,OK
1787113106.178,ROTATING,0,238.00,21.61,-1.28,-0.23,1500,1100,0.00,-1.383,-0.818,38.30,-0.696,-0.275,9.767,0.078,-0.017,-0.079,-9.710,1.339,-0.372,-0.291,-0.044,0.011,0.000,0.000,0.000,0.00,15.2,OK
1787113106.228,ROTATING,0,238.00,21.61,-1.28,-0.23,1500,1100,0.00,-1.385,-0.818,37.59,-0.696,-0.275,9.767,0.078,-0.017,-0.079,-9.927,1.099,-0.523,-0.469,-0.061,0.011,0.000,0.000,0.000,0.00,15.2,OK
1787113106.278,ROTATING,0,238.00,21.61,-1.28,-0.23,1500,1100,0.00,-1.385,-0.818,37.59,-0.696,-0.275,9.767,0.078,-0.017,-0.079,-9.731,1.087,-0.625,-0.605,-0.076,-0.024,0.000,0.000,0.000,0.00,15.2,OK
1787113106.328,ROTATING,0,238.00,21.61,-1.28,-0.23,1500,1100,0.00,-1.380,-0.825,38.56,-0.696,-0.275,9.767,0.078,-0.017,-0.079,-9.946,1.130,-0.731,-0.756,-0.099,-0.029,0.000,0.000,0.000,0.00,15.2,OK
1787113106.378,ROTATING,0,232.00,21.61,-1.28,-0.23,1500,1100,0.00,-1.380,-0.825,38.96,-0.431,-0.069,9.797,-0.053,-0.088,0.788,-9.826,0.708,-0.491,-0.843,-0.109,-0.050,0.000,0.000,0.000,0.00,15.2,OK
1787113106.428,ROTATING,0,232.00,21.61,-1.28,-0.23,1500,1100,0.00,-1.372,-0.834,39.25,-0.431,-0.069,9.797,-0.053,-0.088,0.788,-9.943,0.393,-0.590,-0.912,-0.122,-0.021,0.000,0.000,0.000,0.00,15.2,OK
1787113106.478,ROTATING,0,232.00,21.61,-1.28,-0.23,1500,1100,0.00,-1.361,-0.850,39.73,-0.431,-0.069,9.797,-0.053,-0.088,0.788,-9.755,0.324,-0.664,-0.970,-0.126,-0.036,0.000,0.000,0.000,0.00,15.2,OK
1787113106.528,ROTATING,0,232.00,21.61,-1.28,-0.23,1500,1100,0.00,-1.361,-0.850,39.73,-0.431,-0.069,9.797,-0.053,-0.088,0.788,-9.688,0.389,-0.606,-1.013,-0.128,-0.056,0.000,0.000,0.000,0.00,15.2,OK
1787113106.578,ROTATING,0,232.00,21.61,-1.28,-0.23,1500,1100,0.00,-1.351,-0.873,38.39,-0.431,-0.069,9.797,-0.053,-0.088,0.788,-9.703,0.188,-0.451,-1.046,-0.129,-0.036,0.000,0.000,0.000,0.00,15.2,OK
1787113106.628,ROTATING,0,218.00,21.61,-1.28,-0.23,1500,1100,0.00,-1.347,-0.875,37.59,-0.510,0.235,9.816,-0.059,-0.115,1.076,-9.724,-0.044,-0.491,-1.078,-0.124,-0.022,0.000,0.000,0.000,0.00,15.2,OK
1787113106.678,ROTATING,0,218.00,21.61,-1.28,-0.23,1500,1100,0.00,-1.347,-0.875,37.59,-0.510,0.235,9.816,-0.059,-0.115,1.076,-9.874,0.141,-0.324,-1.103,-0.117,-0.000,0.000,0.000,0.000,0.00,15.2,OK
1787113106.728,ROTATING,0,218.00,21.61,-1.28,-0.23,1500,1100,0.00,-1.343,-0.881,36.89,-0.510,0.235,9.816,-0.059,-0.115,1.076,-9.774,0.269,-0.305,-1.133,-0.112,-0.020,0.000,0.000,0.000,0.00,15.2,OK
1787113106.778,ROTATING,0,218.00,21.61,-1.28,-0.23,1500,1100,0.00,-1.333,-0.900,36.40,-0.510,0.235,9.816,-0.059,-0.115,1.076,-9.688,0.122,-0.324,-1.152,-0.106,-0.009,0.000,0.000,0.000,0.00,15.2,OK
1787113106.828,ROTATING,0,218.00,21.61,-1.28,-0.23,1500,1100,0.00,-1.324,-0.913,35.59,-0.510,0.235,9.816,-0.059,-0.115,1.076,-9.717,-0.211,-0.261,-1.146,-0.096,-0.024,0.000,0.000,0.000,0.00,15.2,OK
1787113106.879,ROTATING,0,202.00,21.61,-1.29,-0.23,1500,1100,0.00,-1.324,-0.913,35.59,-0.039,-0.059,9.767,-0.044,-0.075,1.175,-9.862,-0.405,-0.264,-1.157,-0.086,-0.020,0.000,0.000,0.000,0.00,14.3,OK
1787113106.928,ROTATING,0,202.00,21.61,-1.29,-0.23,1500,1100,0.00,-1.313,-0.932,35.26,-0.039,-0.059,9.767,-0.044,-0.075,1.175,-9.944,-0.171,-0.128,-1.176,-0.078,-0.000,0.000,0.000,0.000,0.00,14.3,OK
1787113106.979,ROTATING,0,202.00,21.61,-1.29,-0.23,1500,1100,0.00,-1.309,-0.941,33.91,-0.039,-0.059,9.767,-0.044,-0.075,1.175,-9.800,-0.248,-0.343,-1.188,-0.061,-0.017,0.000,0.000,0.000,0.00,14.3,OK
1787113107.028,ROTATING,0,202.00,21.61,-1.29,-0.23,1500,1100,0.00,-1.305,-0.950,32.43,-0.039,-0.059,9.767,-0.044,-0.075,1.175,-9.707,-0.458,-0.362,-1.190,-0.065,0.014,0.000,0.000,0.000,0.00,14.3,OK
1787113107.079,ROTATING,0,202.00,21.61,-1.29,-0.23,1500,1100,0.00,-1.296,-0.965,31.56,-0.039,-0.059,9.767,-0.044,-0.075,1.175,-9.905,-0.431,-0.422,-1.201,-0.065,0.077,0.000,0.000,0.000,0.00,14.3,OK
1787113107.128,ROTATING,0,184.00,21.61,-1.30,-0.23,1500,1100,0.00,-1.296,-0.965,31.56,0.029,-0.069,9.856,0.042,-0.051,1.230,-9.915,-0.379,-0.145,-1.206,-0.071,0.073,0.000,0.000,0.000,0.00,14.3,OK
1787113107.178,ROTATING,0,184.00,21.61,-1.30,-0.23,1500,1900,0.00,-1.283,-0.990,31.40,0.029,-0.069,9.856,0.042,-0.051,1.230,-9.767,-0.391,-0.266,-1.199,-0.072,0.048,0.000,0.000,0.000,0.00,14.3,OK
1787113107.228,ROTATING,0,184.00,21.61,-1.30,-0.23,1500,1900,0.00,-1.269,-1.010,31.01,0.029,-0.069,9.856,0.042,-0.051,1.230,-9.862,-1.120,-0.135,-1.141,-0.067,0.064,0.000,0.000,0.000,0.00,14.3,OK
1787113107.278,ROTATING,0,184.00,21.61,-1.30,-0.23,1500,1900,0.00,-1.269,-1.010,31.01,0.029,-0.069,9.856,0.042,-0.051,1.230,-9.815,-1.287,-0.025,-1.028,-0.054,0.055,0.000,0.000,0.000,0.00,14.3,OK
1787113107.328,ROTATING,0,184.00,21.61,-1.30,-0.23,1500,1900,0.00,-1.258,-1.032,30.75,0.029,-0.069,9.856,0.042,-0.051,1.230,-9.674,-1.567,0.258,-0.863,-0.050,0.021,0.000,0.000,0.000,0.00,14.3,OK
1787113107.379,ROTATING,0,168.00,21.61,-1.30,-0.23,1500,1900,0.00,-1.248,-1.047,30.16,0.137,-0.304,9.797,-0.002,-0.033,0.861,-9.695,-1.500,0.284,-0.690,-0.030,-0.002,0.000,0.000,0.000,0.00,14.3,OK
1787113107.429,ROTATING,0,168.00,21.61,-1.30,-0.23,1500,1900,0.00,-1.244,-1.058,29.75,0.137,-0.304,9.797,-0.002,-0.033,0.861,-9.748,-1.219,0.260,-0.565,-0.013,0.016,0.000,0.000,0.000,0.00,14.3,OK
1787113107.478,ROTATING,0,168.00,21.61,-1.30,-0.23,1500,1900,0.00,-1.244,-1.058,29.75,0.137,-0.304,9.797,-0.002,-0.033,0.861,-9.769,-1.748,0.576,-0.429,0.003,0.022,0.000,0.000,0.000,0.00,14.3,OK
1787113107.528,ROTATING,0,168.00,21.61,-1.30,-0.23,1500,1900,0.00,-1.238,-1.070,29.75,0.137,-0.304,9.797,-0.002,-0.033,0.861,-9.690,-1.816,0.497,-0.247,0.013,-0.006,0.000,0.000,0.000,0.00,14.3,OK
1787113107.579,ROTATING,0,168.00,21.61,-1.30,-0.23,1500,1900,0.00,-1.235,-1.077,29.58,0.137,-0.304,9.797,-0.002,-0.033,0.861,-9.705,-1.572,0.593,-0.052,0.031,-0.005,0.000,0.000,0.000,0.00,14.3,OK
1787113107.628,ROTATING,0,162.00,21.61,-1.31,-0.23,1500,1900,0.00,-1.230,-1.081,29.84,0.333,-0.343,9.777,-0.004,0.030,0.044,-9.826,-1.744,0.564,0.113,0.032,0.005,0.000,0.000,0.000,0.00,14.3,OK
1787113107.678,ROTATING,0,162.00,21.61,-1.31,-0.23,1500,1900,0.00,-1.230,-1.081,29.84,0.333,-0.343,9.777,-0.004,0.030,0.044,-9.650,-1.861,0.617,0.317,0.037,0.002,0.000,0.000,0.000,0.00,14.3,OK
1787113107.729,ROTATING,0,162.00,21.61,-1.31,-0.23,1500,1900,0.00,-1.225,-1.084,30.11,0.333,-0.343,9.777,-0.004,0.030,0.044,-9.924,-1.900,0.324,0.518,0.046,0.005,0.000,0.000,0.000,0.00,14.3,OK
1787113107.778,ROTATING,0,162.00,21.61,-1.31,-0.23,1500,1900,0.00,-1.222,-1.084,30.20,0.333,-0.343,9.777,-0.004,0.030,0.044,-9.726,-1.266,0.588,0.661,0.058,-0.064,0.000,0.000,0.000,0.00,14.3,OK
1787113107.828,ROTATING,0,162.00,21.61,-1.31,-0.23,1500,1900,0.00,-1.220,-1.081,30.42,0.333,-0.343,9.777,-0.004,0.030,0.044,-9.633,-1.392,-0.130,0.796,0.069,-0.027,0.000,0.000,0.000,0.00,14.3,OK
1787113107.878,ROTATING,0,168.00,21.61,-1.31,-0.23,1500,1900,0.00,-1.220,-1.081,30.42,0.333,-0.402,9.807,-0.021,0.052,-0.826,-9.800,-1.061,0.384,0.881,0.065,-0.027,0.000,0.000,0.000,0.00,14.3,OK
1787113107.928,ROTATING,0,168.00,21.61,-1.31,-0.23,1500,1900,0.00,-1.183,-1.111,33.72,0.333,-0.402,9.807,-0.021,0.052,-0.826,-9.879,-1.393,-0.291,0.965,0.080,-0.029,0.000,0.000,0.000,0.00,15.2,OK
1787113107.978,ROTATING,0,168.00,21.61,-1.31,-0.23,1500,1900,0.00,-1.177,-1.111,34.55,0.333,-0.402,9.807,-0.021,0.052,-0.826,-9.628,-0.985,0.203,1.009,0.078,0.009,0.000,0.000,0.000,0.00,15.2,OK
1787113108.028,ROTATING,0,168.00,21.61,-1.31,-0.23,1500,1900,0.00,-1.185,-1.098,35.14,0.333,-0.402,9.807,-0.021,0.052,-0.826,-9.660,-1.292,-0.386,1.076,0.100,-0.047,0.000,0.000,0.000,0.00,15.2,OK
1787113108.078,ROTATING,0,168.00,21.61,-1.31,-0.23,1500,1900,0.00,-1.185,-1.098,35.14,0.333,-0.402,9.807,-0.021,0.052,-0.826,-9.796,-0.703,0.133,1.111,0.097,-0.003,0.000,0.000,0.000,0.00,15.2,OK
1787113108.128,ROTATING,0,183.00,21.61,-1.29,-0.23,1500,1900,0.00,-1.197,-1.078,34.70,0.324,-0.402,9.728,0.011,0.095,-1.151,-9.698,-0.998,-0.534,1.160,0.119,-0.017,0.000,0.000,0.000,0.00,15.2,OK
1787113108.178,ROTATING,0,183.00,21.61,-1.29,-0.23,1500,1900,0.00,-1.203,-1.062,34.52,0.324,-0.402,9.728,0.011,0.095,-1.151,-9.624,-0.648,-0.103,1.176,0.101,0.021,0.000,0.000,0.000,0.00,15.2,OK
1787113108.228,ROTATING,0,183.00,21.61,-1.29,-0.23,1500,1900,0.00,-1.210,-1.044,34.83,0.324,-0.402,9.728,0.011,0.095,-1.151,-9.767,-0.848,-0.573,1.213,0.110,-0.028,0.000,0.000,0.000,0.00,15.2,OK
1787113108.278,ROTATING,0,183.00,21.61,-1.29,-0.23,1500,1900,0.00,-1.210,-1.044,34.83,0.324,-0.402,9.728,0.011,0.095,-1.151,-10.168,-0.497,-0.189,1.215,0.090,0.010,0.000,0.000,0.000,0.00,15.2,OK
1787113108.328,ROTATING,0,183.00,21.61,-1.29,-0.23,1500,1900,0.00,-1.214,-1.041,35.28,0.324,-0.402,9.728,0.011,0.095,-1.151,-9.805,-0.612,-0.551,1.223,0.105,-0.007,0.000,0.000,0.000,0.00,15.2,OK
1787113108.378,ROTATING,0,201.00,21.61,-1.28,-0.23,1500,1900,0.00,7.634,0.168,-13.74,-0.049,-0.510,9.915,0.024,0.079,-1.258,-9.624,-0.492,-0.407,1.241,0.095,-0.012,0.000,0.000,0.000,0.00,15.2,OK
1787113108.428,ROTATING,0,201.00,21.61,-1.28,-0.23,1500,1900,0.00,7.629,0.167,-20.31,-0.049,-0.510,9.915,0.024,0.079,-1.258,-9.898,-0.620,-0.566,1.233,0.088,0.016,0.000,0.000,0.000,0.00,15.2,OK
1787113108.478,ROTATING,0,201.00,21.61,-1.28,-0.23,1500,1900,0.00,7.629,0.167,-20.31,-0.049,-0.510,9.915,0.024,0.079,-1.258,-9.903,-0.355,-0.494,1.251,0.089,0.039,0.000,0.000,0.000,0.00,15.2,OK
1787113108.528,ROTATING,0,201.00,21.61,-1.28,-0.23,1500,1900,0.00,7.650,0.135,-9.33,-0.049,-0.510,9.915,0.024,0.079,-1.258,-9.812,-0.516,-0.810,1.249,0.110,0.056,0.000,0.000,0.000,0.00,15.2,OK
1787113108.578,ROTATING,0,201.00,21.61,-1.28,-0.23,1500,1900,0.00,7.656,0.137,-10.56,-0.049,-0.510,9.915,0.024,0.079,-1.258,-9.853,-0.428,-0.573,1.260,0.110,0.073,0.000,0.000,0.000,0.00,15.2,OK
1787113108.628,ROTATING,0,219.00,21.61,-1.27,-0.23,1500,1900,0.00,7.664,0.122,-28.58,0.000,-0.343,9.748,0.071,0.101,-1.284,-9.779,-0.401,-0.853,1.251,0.116,0.005,0.000,0.000,0.000,0.00,15.2,OK
1787113108.678,ROTATING,0,219.00,21.61,-1.27,-0.23,1500,1100,0.00,7.664,0.122,-28.58,0.000,-0.343,9.748,0.071,0.101,-1.284,-9.757,-0.128,-0.745,1.257,0.094,0.014,0.000,0.000,0.000,0.00,15.2,OK
1787113108.728,ROTATING,0,219.00,21.61,-1.27,-0.23,1500,1100,0.00,7.668,0.080,9.26,0.000,-0.343,9.748,0.071,0.101,-1.284,-9.812,0.218,-0.980,1.176,0.096,0.011,0.000,0.000,0.000,0.00,15.2,OK
1787113108.778,ROTATING,0,219.00,21.61,-1.27,-0.23,1500,1100,0.00,7.660,0.040,9.73,0.000,-0.343,9.748,0.071,0.101,-1.284,-9.879,0.574,-0.978,1.042,0.080,0.026,0.000,0.000,0.000,0.00,15.2,OK
1787113108.828,ROTATING,0,219.00,21.61,-1.27,-0.23,1500,1100,0.00,7.682,-0.003,25.73,0.000,-0.343,9.748,0.071,0.101,-1.284,-9.898,0.990,-0.863,0.867,0.059,0.043,0.000,0.000,0.000,0.00,15.2,OK
1787113108.878,ROTATING,0,236.00,21.61,-1.27,-0.23,1500,1100,0.00,7.682,-0.003,25.73,-0.402,-0.216,9.856,0.063,0.044,-0.876,-9.886,0.801,-0.721,0.718,0.040,0.072,0.000,0.000,0.000,0.00,15.2,OK
1787113108.928,ROTATING,0,236.00,21.61,-1.27,-0.23,1500,1100,0.00,7.683,-0.031,29.88,-0.402,-0.216,9.856,0.063,0.044,-0.876,-9.863,0.854,-0.678,0.585,0.017,0.078,0.000,0.000,0.000,0.00,15.0,OK
1787113108.978,ROTATING,0,236.00,21.61,-1.27,-0.23,1500,1100,0.00,7.701,-0.068,37.48,-0.402,-0.216,9.856,0.063,0.044,-0.876,-9.972,1.237,-0.621,0.419,-0.004,0.064,0.000,0.000,0.000,0.00,15.0,OK
1787113109.029,ROTATING,0,236.00,21.61,-1.27,-0.23,1500,1100,0.00,7.710,-0.075,51.81,-0.402,-0.216,9.856,0.063,0.044,-0.876,-9.757,1.324,-0.429,0.185,-0.025,0.069,0.000,0.000,0.000,0.00,15.0,OK
1787113109.078,ROTATING,0,236.00,21.61,-1.27,-0.23,1500,1100,0.00,7.710,-0.075,51.81,-0.402,-0.216,9.856,0.063,0.044,-0.876,-9.872,1.148,-0.324,0.030,-0.041,0.076,0.000,0.000,0.000,0.00,15.0,OK
1787113109.129,ROTATING,0,242.00,21.61,-1.29,-0.23,1500,1100,0.00,7.721,-0.112,63.39,-0.559,-0.186,9.728,0.064,-0.044,0.001,-9.853,1.555,-0.324,-0.177,-0.059,0.045,0.000,0.000,0.000,0.00,15.0,OK
1787113109.178,ROTATING,0,242.00,21.61,-1.29,-0.23,1500,1100,0.00,7.726,-0.118,64.79,-0.559,-0.186,9.728,0.064,-0.044,0.001,-9.853,1.437,-0.264,-0.379,-0.075,0.031,0.000,0.000,0.000,0.00,15.0,OK
1787113109.229,ROTATING,0,242.00,21.61,-1.29,-0.23,1500,1100,0.00,7.725,-0.139,61.20,-0.559,-0.186,9.728,0.064,-0.044,0.001,-9.896,1.475,-0.525,-0.587,-0.099,0.028,0.000,0.000,0.000,0.00,15.0,OK
1787113109.278,ROTATING,0,242.00,21.61,-1.29,-0.23,1500,1100,0.00,7.725,-0.139,61.20,-0.559,-0.186,9.728,0.064,-0.044,0.001,-9.538,0.793,-0.369,-0.713,-0.112,-0.024,0.000,0.000,0.000,0.00,15.0,OK
1787113109.328,ROTATING,0,242.00,21.61,-1.29,-0.23,1500,1100,0.00,7.718,-0.131,53.32,-0.559,-0.186,9.728,0.064,-0.044,0.001,-10.134,1.039,-0.454,-0.825,-0.124,-0.036,0.000,0.000,0.000,0.00,15.0,OK
1787113109.379,ROTATING,0,234.00,21.61,-1.28,-0.23,1500,1100,0.00,7.726,-0.134,51.78,-0.284,0.078,9.777,-0.041,-0.117,0.851,-9.710,0.757,-0.223,-0.901,-0.138,-0.091,0.000,0.000,0.000,0.00,15.0,OK
1787113109.428,ROTATING,0,234.00,21.61,-1.28,-0.23,1500,1100,0.00,7.728,-0.108,46.34,-0.284,0.078,9.777,-0.041,-0.117,0.851,-9.717,0.217,-0.360,-0.949,-0.138,-0.043,0.000,0.000,0.000,0.00,15.0,OK
1787113109.478,ROTATING,0,234.00,21.61,-1.28,-0.23,1500,1100,0.00,7.728,-0.108,46.34,-0.284,0.078,9.777,-0.041,-0.117,0.851,-9.867,0.148,-0.446,-1.004,-0.134,-0.009,0.000,0.000,0.000,0.00,15.0,OK
1787113109.528,ROTATING,0,234.00,21.61,-1.28,-0.23,1500,1100,0.00,7.732,-0.094,33.39,-0.284,0.078,9.777,-0.041,-0.117,0.851,-9.891,0.609,-0.283,-1.048,-0.124,-0.034,0.000,0.000,0.000,0.00,15.0,OK
1787113109.579,ROTATING,0,234.00,21.61,-1.28,-0.23,1500,1100,0.00,7.739,-0.056,30.94,-0.284,0.078,9.777,-0.041,-0.117,0.851,-9.669,0.540,-0.211,-1.096,-0.126,-0.040,0.000,0.000,0.000,0.00,15.0,OK
1787113109.629,ROTATING,0,220.00,21.61,-1.30,-0.23,1500,1100,0.00,7.728,-0.057,34.73,-0.284,0.382,9.807,-0.039,-0.111,1.118,-9.650,0.234,-0.044,-1.114,-0.123,-0.019,0.000,0.000,0.000,0.00,15.0,OK
1787113109.679,ROTATING,0,220.00,21.61,-1.30,-0.23,1500,1100,0.00,7.728,-0.057,34.73,-0.284,0.382,9.807,-0.039,-0.111,1.118,-9.774,-0.147,-0.039,-1.127,-0.111,-0.004,0.000,0.000,0.000,0.00,15.0,OK
1787113109.728,ROTATING,0,220.00,21.61,-1.30,-0.23,1500,1100,0.00,7.726,-0.033,33.16,-0.284,0.382,9.807,-0.039,-0.111,1.118,-9.641,0.036,-0.060,-1.146,-0.095,-0.016,0.000,0.000,0.000,0.00,15.0,OK
1787113109.778,ROTATING,0,220.00,21.61,-1.30,-0.23,1500,1100,0.00,7.710,-0.018,31.32,-0.284,0.382,9.807,-0.039,-0.111,1.118,-9.753,-0.197,-0.120,-1.167,-0.075,0.031,0.000,0.000,0.000,0.00,15.0,OK
1787113109.828,ROTATING,0,220.00,21.61,-1.30,-0.23,1500,1100,0.00,7.715,0.015,32.21,-0.284,0.382,9.807,-0.039,-0.111,1.118,-10.003,-0.337,-0.181,-1.173,-0.064,0.035,0.000,0.000,0.000,0.00,15.0,OK
1787113109.878,ROTATING,0,203.00,21.61,-1.30,-0.23,1500,1100,0.00,7.715,0.015,32.21,0.137,0.010,9.777,-0.028,-0.055,1.210,-9.884,0.035,-0.140,-1.201,-0.061,0.015,0.000,0.000,0.000,0.00,15.0,OK
1787113109.928,ROTATING,0,203.00,21.61,-1.30,-0.23,1500,1100,0.00,7.681,0.059,20.58,0.137,0.010,9.777,-0.028,-0.055,1.210,-9.800,-0.078,-0.173,-1.225,-0.037,0.023,0.000,0.000,0.000,0.00,15.0,OK
1787113109.978,ROTATING,0,203.00,21.61,-1.30,-0.23,1500,1100,0.00,7.676,0.093,21.23,0.137,0.010,9.777,-0.028,-0.055,1.210,-9.769,-0.195,-0.164,-1.212,-0.028,0.017,0.000,0.000,0.000,0.00,15.2,OK
1787113110.028,ROTATING,0,203.00,21.61,-1.30,-0.23,1500,1100,0.00,7.644,0.074,37.79,0.137,0.010,9.777,-0.028,-0.055,1.210,-9.760,-0.358,-0.166,-1.211,-0.022,0.023,0.000,0.000,0.000,0.00,15.2,OK
1787113110.078,ROTATING,0,203.00,21.61,-1.30,-0.23,1500,1100,0.00,7.644,0.074,37.79,0.137,0.010,9.777,-0.028,-0.055,1.210,-10.013,-0.536,-0.231,-1.218,-0.021,0.089,0.000,0.000,0.000,0.00,15.2,OK
1787113110.128,ROTATING,0,185.00,21.61,-1.30,-0.23,1500,1100,0.00,7.640,0.072,40.79,0.637,-0.098,9.797,0.047,-0.001,1.243,-9.850,-0.242,-0.286,-1.213,-0.024,0.063,0.000,0.000,0.000,0.00,15.2,OK
1787113110.179,ROTATING,0,185.00,21.61,-1.30,-0.23,1500,1900,0.00,7.608,0.101,38.40,0.637,-0.098,9.797,0.047,-0.001,1.243,-9.703,-0.214,-0.276,-1.200,-0.021,0.065,0.000,0.000,0.000,0.00,15.2,OK
1787113110.229,ROTATING,0,185.00,21.61,-1.30,-0.23,1500,1900,0.00,7.639,0.166,39.46,0.637,-0.098,9.797,0.047,-0.001,1.243,-9.765,-0.932,-0.077,-1.143,-0.004,0.059,0.000,0.000,0.000,0.00,15.2,OK
1787113110.278,ROTATING,0,185.00,21.61,-1.30,-0.23,1500,1900,0.00,7.639,0.166,39.46,0.637,-0.098,9.797,0.047,-0.001,1.243,-9.664,-1.375,-0.013,-1.038,0.007,0.051,0.000,0.000,0.000,0.00,15.2,OK
1787113110.328,ROTATING,0,185.00,21.61,-1.30,-0.23,1500,1900,0.00,7.605,0.198,41.26,0.637,-0.098,9.797,0.047,-0.001,1.243,-9.745,-1.606,0.145,-0.857,0.022,0.013,0.000,0.000,0.000,0.00,15.2,OK
1787113110.378,ROTATING,0,169.00,21.61,-1.30,-0.23,1500,1900,0.00,7.603,0.207,43.55,0.196,-0.186,9.767,-0.002,0.034,0.855,-9.796,-1.657,0.205,-0.693,0.035,0.006,0.000,0.000,0.000,0.00,15.2,OK
1787113110.428,ROTATING,0,169.00,21.61,-1.30,-0.23,1500,1900,0.00,7.584,0.193,51.72,0.196,-0.186,9.767,-0.002,0.034,0.855,-9.807,-1.306,0.174,-0.560,0.047,-0.009,0.000,0.000,0.000,0.00,15.2,OK
1787113110.479,ROTATING,0,169.00,21.61,-1.30,-0.23,1500,1900,0.00,7.584,0.193,51.72,0.196,-0.186,9.767,-0.002,0.034,0.855,-9.748,-1.798,0.274,-0.393,0.053,0.001,0.000,0.000,0.000,0.00,15.2,OK
1787113110.528,ROTATING,0,169.00,21.61,-1.30,-0.23,1500,1900,0.00,7.564,0.186,54.67,0.196,-0.186,9.767,-0.002,0.034,0.855,-9.791,-1.851,0.310,-0.216,0.065,-0.011,0.000,0.000,0.000,0.00,15.2,OK
1787113110.578,ROTATING,0,169.00,21.61,-1.30,-0.23,1500,1900,0.00,7.540,0.197,54.99,0.196,-0.186,9.767,-0.002,0.034,0.855,-9.774,-1.463,0.351,-0.056,0.073,-0.015,0.000,0.000,0.000,0.00,15.2,OK
1787113110.628,ROTATING,0,163.00,21.61,-1.31,-0.23,1500,1900,0.00,7.527,0.204,55.63,0.118,-0.275,9.797,-0.021,0.075,0.031,-9.810,-1.822,0.428,0.114,0.075,-0.011,0.000,0.000,0.000,0.00,15.2,OK
1787113110.678,ROTATING,0,163.00,21.61,-1.31,-0.23,1500,1900,0.00,7.527,0.204,55.63,0.118,-0.275,9.797,-0.021,0.075,0.031,-9.743,-2.037,0.203,0.327,0.080,-0.002,0.000,0.000,0.000,0.00,15.2,OK
1787113110.729,ROTATING,0,163.00,21.61,-1.31,-0.23,1500,1900,0.00,7.524,0.209,53.27,0.118,-0.275,9.797,-0.021,0.075,0.031,-9.812,-1.751,0.372,0.517,0.078,-0.022,0.000,0.000,0.000,0.00,15.2,OK
1787113110.778,ROTATING,0,163.00,21.61,-1.31,-0.23,1500,1900,0.00,7.527,0.233,53.05,0.118,-0.275,9.797,-0.021,0.075,0.031,-9.662,-1.677,-0.046,0.664,0.091,0.013,0.000,0.000,0.000,0.00,15.2,OK
1787113110.828,ROTATING,0,163.00,21.61,-1.31,-0.23,1500,1900,0.00,7.545,0.280,48.99,0.118,-0.275,9.797,-0.021,0.075,0.031,-9.698,-1.256,-0.005,0.796,0.087,0.017,0.000,0.000,0.000,0.00,15.2,OK
1787113110.878,ROTATING,0,170.00,21.61,-1.30,-0.23,1500,1900,0.00,7.545,0.280,48.99,0.118,-0.451,9.816,0.026,0.082,-0.830,-9.998,-1.306,-0.456,0.885,0.086,0.017,0.000,0.000,0.000,0.00,15.2,OK
1787113110.928,ROTATING,0,170.00,21.61,-1.30,-0.23,1500,1900,0.00,7.580,0.274,39.41,0.118,-0.451,9.816,0.026,0.082,-0.830,-9.753,-0.709,-0.101,0.959,0.080,0.025,0.000,0.000,0.000,0.00,15.2,OK
1787113110.978,ROTATING,0,170.00,21.61,-1.30,-0.23,1500,1900,0.00,7.622,0.318,32.74,0.118,-0.451,9.816,0.026,0.082,-0.830,-9.798,-1.205,-0.664,1.027,0.085,0.050,0.000,0.000,0.000,0.00,15.0,OK
1787113111.028,ROTATING,0,170.00,21.61,-1.30,-0.23,1500,1900,0.00,7.644,0.309,3.63,0.118,-0.451,9.816,0.026,0.082,-0.830,-9.490,-0.847,-0.101,1.071,0.086,0.017,0.000,0.000,0.000,0.00,15.0,OK
1787113111.078,ROTATING,0,170.00,21.61,-1.30,-0.23,1500,1900,0.00,7.644,0.309,3.63,0.118,-0.451,9.816,0.026,0.082,-0.830,-9.932,-1.066,-0.746,1.119,0.078,0.068,0.000,0.000,0.000,0.00,15.0,OK
1787113111.128,ROTATING,0,184.00,21.61,-1.29,-0.23,1500,1900,0.00,7.689,0.329,-6.01,-0.343,-0.441,9.836,0.080,0.064,-1.153,-9.602,-0.444,-0.424,1.155,0.078,0.055,0.000,0.000,0.000,0.00,15.0,OK
1787113111.178,ROTATING,0,184.00,21.61,-1.29,-0.23,1500,1900,0.00,7.697,0.304,-51.45,-0.343,-0.441,9.836,0.080,0.064,-1.153,-9.884,-0.969,-0.750,1.192,0.073,0.082,0.000,0.000,0.000,0.00,15.0,OK
1787113111.228,ROTATING,0,184.00,21.61,-1.29,-0.23,1500,1900,0.00,7.749,0.308,-81.91,-0.343,-0.441,9.836,0.080,0.064,-1.153,-9.853,-0.431,-0.420,1.206,0.070,0.065,0.000,0.000,0.000,0.00,15.0,OK
1787113111.278,ROTATING,0,184.00,21.61,-1.29,-0.23,1500,1900,0.00,7.749,0.308,-81.91,-0.343,-0.441,9.836,0.080,0.064,-1.153,-9.765,-0.552,-0.841,1.227,0.076,0.092,0.000,0.000,0.000,0.00,15.0,OK
1787113111.328,ROTATING,0,184.00,21.61,-1.29,-0.23,1500,1900,0.00,7.743,0.288,-84.50,-0.343,-0.441,9.836,0.080,0.064,-1.153,-9.490,-0.407,-0.491,1.224,0.075,0.097,0.000,0.000,0.000,0.00,15.0,OK
1787113111.378,ROTATING,0,202.00,21.61,-1.28,-0.23,1500,1900,0.00,7.749,0.223,5.09,-0.088,-0.402,9.738,0.107,0.060,-1.255,-10.056,-0.476,-0.932,1.230,0.071,0.102,0.000,0.000,0.000,0.00,15.0,OK
1787113111.428,ROTATING,0,202.00,21.61,-1.28,-0.23,1500,1100,0.00,7.742,0.219,5.42,-0.088,-0.402,9.738,0.107,0.060,-1.255,-9.827,-0.153,-0.659,1.219,0.066,0.079,0.000,0.000,0.000,0.00,15.0,OK
1787113111.479,ROTATING,0,202.00,21.61,-1.28,-0.23,1500,1100,0.00,7.742,0.219,5.42,-0.088,-0.402,9.738,0.107,0.060,-1.255,-9.662,0.356,-0.979,1.158,0.062,0.092,0.000,0.000,0.000,0.00,15.0,OK
1787113111.528,ROTATING,0,202.00,21.61,-1.28,-0.23,1500,1100,0.00,7.786,0.207,48.80,-0.088,-0.402,9.738,0.107,0.060,-1.255,-9.783,0.804,-1.027,1.042,0.056,0.066,0.000,0.000,0.000,0.00,15.0,OK
1787113111.578,ROTATING,0,202.00,21.61,-1.28,-0.23,1500,1100,0.00,7.780,0.152,48.48,-0.088,-0.402,9.738,0.107,0.060,-1.255,-9.824,1.067,-0.920,0.881,0.048,0.079,0.000,0.000,0.000,0.00,15.0,OK
1787113111.628,ROTATING,0,218.00,21.61,-1.27,-0.23,1500,1100,0.00,7.816,0.121,60.26,-0.343,-0.343,9.807,0.092,0.036,-0.869,-9.898,0.877,-0.791,0.726,0.035,0.084,0.000,0.000,0.000,0.00,15.0,OK
1787113111.679,ROTATING,0,218.00,21.61,-1.27,-0.23,1500,1100,0.00,7.816,0.121,60.26,-0.343,-0.343,9.807,0.092,0.036,-0.869,-9.893,1.090,-0.812,0.599,0.019,0.065,0.000,0.000,0.000,0.00,15.0,OK
1787113111.728,ROTATING,0,218.00,21.61,-1.27,-0.23,1500,1100,0.00,7.813,0.106,64.29,-0.343,-0.343,9.807,0.092,0.036,-0.869,-9.910,1.346,-0.724,0.416,0.002,0.048,0.000,0.000,0.000,0.00,15.0,OK
1787113111.778,ROTATING,0,218.00,21.61,-1.27,-0.23,1500,1100,0.00,7.827,0.075,63.13,-0.343,-0.343,9.807,0.092,0.036,-0.869,-9.972,1.649,-0.439,0.198,-0.027,0.037,0.000,0.000,0.000,0.00,15.0,OK
1787113111.829,ROTATING,0,218.00,21.61,-1.27,-0.23,1500,1100,0.00,7.793,0.070,37.89,-0.343,-0.343,9.807,0.092,0.036,-0.869,-9.943,1.283,-0.446,0.016,-0.056,0.021,0.000,0.000,0.000,0.00,15.0,OK
1787113111.878,ROTATING,0,224.00,21.61,-1.28,-0.23,1500,1100,0.00,7.793,0.070,37.89,-0.726,-0.029,9.787,0.024,-0.057,0.004,-9.974,1.823,-0.355,-0.191,-0.083,0.016,0.000,0.000,0.000,0.00,15.0,OK
1787113111.928,ROTATING,0,224.00,21.61,-1.28,-0.23,1500,1100,0.00,7.817,0.032,56.88,-0.726,-0.029,9.787,0.024,-0.057,0.004,-9.999,1.617,-0.573,-0.414,-0.105,0.019,0.000,0.000,0.000,0.00,15.0,OK
1787113111.979,ROTATING,0,224.00,21.61,-1.28,-0.23,1500,1100,0.00,7.822,0.022,59.27,-0.726,-0.029,9.787,0.024,-0.057,0.004,-9.874,1.413,-0.477,-0.594,-0.120,-0.040,0.000,0.000,0.000,0.00,15.0,OK
1787113112.028,ROTATING,0,224.00,21.61,-1.28,-0.23,1500,1100,0.00,7.831,0.001,62.92,-0.726,-0.029,9.787,0.024,-0.057,0.004,-10.118,1.015,-0.418,-0.732,-0.142,0.007,0.000,0.000,0.000,0.00,15.0,OK
1787113112.078,ROTATING,0,224.00,21.61,-1.28,-0.23,1500,1100,0.00,7.831,0.001,62.92,-0.726,-0.029,9.787,0.024,-0.057,0.004,-9.886,0.860,-0.228,-0.838,-0.163,-0.053,0.000,0.000,0.000,0.00,15.0,OK
1787113112.128,ROTATING,0,217.00,21.61,-1.29,-0.23,1500,1100,0.00,7.833,-0.001,61.19,-0.343,0.167,9.748,-0.052,-0.150,0.865,-9.813,0.560,-0.441,-0.904,-0.173,-0.038,0.000,0.000,0.000,0.00,15.0,OK
1787113112.178,ROTATING,0,217.00,21.61,-1.29,-0.23,1500,1100,0.00,7.833,0.031,55.74,-0.343,0.167,9.748,-0.052,-0.150,0.865,-9.750,0.422,-0.307,-0.967,-0.167,-0.038,0.000,0.000,0.000,0.00,15.0,OK
1787113112.228,ROTATING,0,217.00,21.61,-1.29,-0.23,1500,1100,0.00,7.840,0.042,51.02,-0.343,0.167,9.748,-0.052,-0.150,0.865,-9.848,0.363,-0.233,-1.026,-0.155,-0.049,0.000,0.000,0.000,0.00,15.0,OK
1787113112.278,ROTATING,0,217.00,21.61,-1.29,-0.23,1500,1100,0.00,7.840,0.042,51.02,-0.343,0.167,9.748,-0.052,-0.150,0.865,-9.803,0.534,-0.128,-1.071,-0.136,-0.047,0.000,0.000,0.000,0.00,15.0,OK
1787113112.328,ROTATING,0,217.00,21.61,-1.29,-0.23,1500,1100,0.00,7.910,0.103,88.16,-0.343,0.167,9.748,-0.052,-0.150,0.865,-9.752,0.444,-0.094,-1.107,-0.120,-0.087,0.000,0.000,0.000,0.00,15.0,OK
1787113112.378,ROTATING,0,202.00,21.61,-1.29,-0.23,1500,1100,0.00,7.896,0.122,76.96,-0.147,0.255,9.738,-0.081,-0.108,1.129,-9.695,0.093,-0.008,-1.124,-0.123,-0.069,0.000,0.000,0.000,0.00,15.0,OK
1787113112.428,ROTATING,0,202.00,21.61,-1.29,-0.23,1500,1100,0.00,7.890,0.134,65.73,-0.147,0.255,9.738,-0.081,-0.108,1.129,-9.810,-0.378,-0.116,-1.143,-0.114,-0.052,0.000,0.000,0.000,0.00,15.0,OK
1787113112.478,ROTATING,0,202.00,21.61,-1.29,-0.23,1500,1100,0.00,7.890,0.134,65.73,-0.147,0.255,9.738,-0.081,-0.108,1.129,-9.822,-0.284,-0.089,-1.164,-0.100,-0.009,0.000,0.000,0.000,0.00,15.0,OK
1787113112.528,ROTATING,0,202.00,21.61,-1.29,-0.23,1500,1100,0.00,7.856,0.169,41.16,-0.147,0.255,9.738,-0.081,-0.108,1.129,-9.731,-0.008,-0.190,-1.179,-0.090,-0.037,0.000,0.000,0.000,0.00,15.0,OK
1787113112.578,ROTATING,0,202.00,21.61,-1.29,-0.23,1500,1100,0.00,7.859,0.204,41.37,-0.147,0.255,9.738,-0.081,-0.108,1.129,-9.674,-0.330,-0.213,-1.193,-0.086,-0.020,0.000,0.000,0.000,0.00,15.0,OK
1787113112.629,ROTATING,0,185.00,21.61,-1.30,-0.23,1500,1100,0.00,7.838,0.204,47.86,0.167,0.059,9.767,-0.066,-0.070,1.226,-9.786,-0.459,-0.123,-1.210,-0.076,-0.016,0.000,0.000,0.000,0.00,15.0,OK
1787113112.679,ROTATING,0,185.00,21.61,-1.30,-0.23,1500,1900,0.00,7.838,0.204,47.86,0.167,0.059,9.767,-0.066,-0.070,1.226,-9.882,-0.764,-0.082,-1.217,-0.064,0.033,0.000,0.000,0.000,0.00,15.0,OK
1787113112.728,ROTATING,0,185.00,21.61,-1.30,-0.23,1500,1900,0.00,7.831,0.229,51.07,0.167,0.059,9.767,-0.066,-0.070,1.226,-9.776,-1.181,0.028,-1.151,-0.049,0.031,0.000,0.000,0.000,0.00,15.0,OK
1787113112.778,ROTATING,0,185.00,21.61,-1.30,-0.23,1500,1900,0.00,7.796,0.266,48.90,0.167,0.059,9.767,-0.066,-0.070,1.226,-9.550,-1.577,0.270,-1.035,-0.037,0.022,0.000,0.000,0.000,0.00,15.0,OK
1787113112.828,ROTATING,0,185.00,21.61,-1.30,-0.23,1500,1900,0.00,7.804,0.287,52.13,0.167,0.059,9.767,-0.066,-0.070,1.226,-9.712,-1.656,0.270,-0.879,-0.021,0.039,0.000,0.000,0.000,0.00,15.0,OK
1787113112.878,ROTATING,0,169.00,21.61,-1.30,-0.23,1500,1900,0.00,7.804,0.287,52.13,0.363,-0.343,9.895,0.012,-0.003,0.866,-9.724,-1.663,0.413,-0.709,-0.003,0.030,0.000,0.000,0.000,0.00,15.0,OK
1787113112.929,ROTATING,0,169.00,21.61,-1.30,-0.23,1500,1900,0.00,7.771,0.308,55.02,0.363,-0.343,9.895,0.012,-0.003,0.866,-9.791,-1.394,0.341,-0.580,0.011,0.001,0.000,0.000,0.000,0.00,15.0,OK
1787113112.979,ROTATING,0,169.00,21.61,-1.30,-0.23,1500,1900,0.00,7.774,0.325,59.47,0.363,-0.343,9.895,0.012,-0.003,0.866,-9.738,-1.776,0.648,-0.422,0.023,0.009,0.000,0.000,0.000,0.00,15.0,OK
1787113113.028,ROTATING,0,169.00,21.61,-1.30,-0.23,1500,1900,0.00,7.740,0.315,58.08,0.363,-0.343,9.895,0.012,-0.003,0.866,-9.610,-2.059,0.579,-0.252,0.034,0.015,0.000,0.000,0.000,0.00,15.2,OK
1787113113.078,ROTATING,0,169.00,21.61,-1.30,-0.23,1500,1900,0.00,7.740,0.315,58.08,0.363,-0.343,9.895,0.012,-0.003,0.866,-9.779,-1.686,0.638,-0.071,0.045,0.012,0.000,0.000,0.000,0.00,15.2,OK
1787113113.129,ROTATING,0,162.00,21.61,-1.31,-0.23,1500,1900,0.00,7.702,0.300,60.41,0.235,-0.392,9.846,0.007,0.047,0.052,-9.793,-1.887,0.720,0.106,0.047,0.006,0.000,0.000,0.000,0.00,15.2,OK
1787113113.178,ROTATING,0,162.00,21.61,-1.31,-0.23,1500,1900,0.00,7.689,0.291,61.02,0.235,-0.392,9.846,0.007,0.047,0.052,-9.586,-2.071,0.631,0.306,0.065,0.011,0.000,0.000,0.000,0.00,15.2,OK
1787113113.228,ROTATING,0,162.00,21.61,-1.31,-0.23,1500,1900,0.00,7.680,0.294,59.77,0.235,-0.392,9.846,0.007,0.047,0.052,-9.932,-1.793,0.563,0.499,0.062,-0.007,0.000,0.000,0.000,0.00,15.2,OK
1787113113.278,ROTATING,0,162.00,21.61,-1.31,-0.23,1500,1900,0.00,7.680,0.294,59.77,0.235,-0.392,9.846,0.007,0.047,0.052,-9.760,-1.537,0.282,0.656,0.073,-0.015,0.000,0.000,0.000,0.00,15.2,OK
1787113113.328,ROTATING,0,162.00,21.61,-1.31,-0.23,1500,1900,0.00,7.678,0.299,57.06,0.235,-0.392,9.846,0.007,0.047,0.052,-9.624,-1.277,0.418,0.791,0.072,-0.008,0.000,0.000,0.000,0.00,15.2,OK
1787113113.378,ROTATING,0,169.00,21.61,-1.31,-0.23,1500,1900,0.00,7.680,0.297,55.03,0.422,-0.559,9.787,0.012,0.067,-0.821,-9.803,-1.260,0.210,0.869,0.078,0.011,0.000,0.000,0.000,0.00,15.2,OK
1787113113.428,ROTATING,0,169.00,21.61,-1.31,-0.23,1500,1900,0.00,7.682,0.262,55.05,0.422,-0.559,9.787,0.012,0.067,-0.821,-9.724,-1.001,0.327,0.952,0.072,0.018,0.000,0.000,0.000,0.00,15.2,OK
1787113113.479,ROTATING,0,169.00,21.61,-1.31,-0.23,1500,1900,0.00,7.682,0.262,55.05,0.422,-0.559,9.787,0.012,0.067,-0.821,-9.874,-1.333,-0.260,1.027,0.089,0.016,0.000,0.000,0.000,0.00,15.2,OK
1787113113.529,ROTATING,0,169.00,21.61,-1.31,-0.23,1500,1900,0.00,7.699,0.256,54.41,0.422,-0.559,9.787,0.012,0.067,-0.821,-9.647,-0.871,0.193,1.063,0.088,0.018,0.000,0.000,0.000,0.00,15.2,OK
1787113113.579,ROTATING,0,169.00,21.61,-1.31,-0.23,1500,1900,0.00,7.706,0.235,54.31,0.422,-0.559,9.787,0.012,0.067,-0.821,-9.919,-1.089,-0.501,1.108,0.092,0.028,0.000,0.000,0.000,0.00,15.2,OK
1787113113.628,ROTATING,0,183.00,21.61,-1.29,-0.23,1500,1900,0.00,7.741,0.279,50.03,0.265,-0.490,9.865,0.044,0.077,-1.139,-9.753,-0.494,-0.003,1.132,0.093,-0.009,0.000,0.000,0.000,0.00,15.2,OK
1787113113.678,ROTATING,0,183.00,21.61,-1.29,-0.23,1500,1900,0.00,7.741,0.279,50.03,0.265,-0.490,9.865,0.044,0.077,-1.139,-9.595,-0.817,-0.328,1.164,0.106,-0.025,0.000,0.000,0.000,0.00,15.2,OK
1787113113.728,ROTATING,0,183.00,21.61,-1.29,-0.23,1500,1900,0.00,7.764,0.263,46.61,0.265,-0.490,9.865,0.044,0.077,-1.139,-9.927,-0.496,-0.154,1.183,0.094,0.024,0.000,0.000,0.000,0.00,15.2,OK
1787113113.778,ROTATING,0,183.00,21.61,-1.29,-0.23,1500,1900,0.00,7.820,0.257,49.68,0.265,-0.490,9.865,0.044,0.077,-1.139,-10.034,-0.852,-0.516,1.197,0.102,0.002,0.000,0.000,0.000,0.00,15.2,OK
1787113113.828,ROTATING,0,183.00,21.61,-1.29,-0.23,1500,1900,0.00,7.839,0.253,52.40,0.265,-0.490,9.865,0.044,0.077,-1.139,-9.908,-0.561,-0.221,1.211,0.098,0.031,0.000,0.000,0.000,0.00,15.2,OK
1787113113.879,ROTATING,0,200.00,21.61,-1.28,-0.23,1500,1900,0.00,7.839,0.253,52.40,0.275,-0.520,9.660,0.078,0.083,-1.234,-9.791,-0.442,-0.599,1.208,0.101,0.033,0.000,0.000,0.000,0.00,15.2,OK
1787113113.928,ROTATING,0,200.00,21.61,-1.28,-0.23,1500,1900,0.00,7.893,0.255,53.46,0.275,-0.520,9.660,0.078,0.083,-1.234,-9.771,-0.207,-0.475,1.195,0.093,0.054,0.000,0.000,0.000,0.00,15.2,OK
1787113113.978,ROTATING,0,200.00,21.61,-1.28,-0.23,1500,1900,0.00,7.902,0.240,60.46,0.275,-0.520,9.660,0.078,0.083,-1.234,-9.746,-0.547,-0.594,1.209,0.090,0.019,0.000,0.000,0.000,0.00,15.2,OK
1787113114.028,ROTATING,0,200.00,21.61,-1.28,-0.23,1500,1900,0.00,7.944,0.209,70.56,0.275,-0.520,9.660,0.078,0.083,-1.234,-9.803,-0.368,-0.314,1.205,0.087,0.030,0.000,0.000,0.000,0.00,15.2,OK
1787113114.078,ROTATING,0,200.00,21.61,-1.28,-0.23,1500,1900,0.00,7.944,0.209,70.56,0.275,-0.520,9.660,0.078,0.083,-1.234,-9.967,-0.557,-0.738,1.203,0.094,0.059,0.000,0.000,0.000,0.00,14.3,OK
1787113114.128,ROTATING,0,218.00,21.61,-1.27,-0.23,1500,1900,0.00,7.929,0.180,67.59,0.010,-0.343,9.875,0.082,0.078,-1.236,-9.860,-0.106,-0.573,1.211,0.092,0.060,0.000,0.000,0.000,0.00,14.3,OK
1787113114.178,ROTATING,0,218.00,21.61,-1.27,-0.23,1500,1100,0.00,7.963,0.159,69.88,0.010,-0.343,9.875,0.082,0.078,-1.236,-9.760,-0.363,-0.841,1.220,0.089,0.040,0.000,0.000,0.000,0.00,14.3,OK
1787113114.228,ROTATING,0,218.00,21.61,-1.27,-0.23,1500,1100,0.00,7.956,0.138,72.31,0.010,-0.343,9.875,0.082,0.078,-1.236,-9.571,0.582,-0.675,1.147,0.078,0.053,0.000,0.000,0.000,0.00,14.3,OK
1787113114.278,ROTATING,0,218.00,21.61,-1.27,-0.23,1500,1100,0.00,7.956,0.138,72.31,0.010,-0.343,9.875,0.082,0.078,-1.236,-9.965,0.893,-0.827,1.027,0.062,0.036,0.000,0.000,0.000,0.00,14.3,OK
1787113114.328,ROTATING,0,218.00,21.61,-1.27,-0.23,1500,1100,0.00,7.977,0.122,44.95,0.010,-0.343,9.875,0.082,0.078,-1.236,-9.886,1.155,-0.855,0.845,0.043,0.050,0.000,0.000,0.000,0.00,14.3,OK
1787113114.378,ROTATING,0,234.00,21.61,-1.26,-0.23,1500,1100,0.00,7.971,0.122,39.53,-0.020,-0.069,9.758,0.052,0.030,-0.846,-9.991,1.019,-0.681,0.673,0.022,0.055,0.000,0.000,0.000,0.00,14.3,OK
1787113114.429,ROTATING,0,234.00,21.61,-1.26,-0.23,1500,1100,0.00,7.998,0.082,83.29,-0.020,-0.069,9.758,0.052,0.030,-0.846,-9.848,1.146,-0.633,0.537,0.001,0.060,0.000,0.000,0.000,0.00,14.3,OK
1787113114.479,ROTATING,0,234.00,21.61,-1.26,-0.23,1500,1100,0.00,7.998,0.082,83.29,-0.020,-0.069,9.758,0.052,0.030,-0.846,-9.891,1.277,-0.504,0.356,-0.019,0.071,0.000,0.000,0.000,0.00,14.3,OK
1787113114.529,ROTATING,0,234.00,21.61,-1.26,-0.23,1500,1100,0.00,7.986,0.052,71.93,-0.020,-0.069,9.758,0.052,0.030,-0.846,-9.977,1.670,-0.356,0.143,-0.045,0.075,0.000,0.000,0.000,0.00,14.3,OK
1787113114.578,ROTATING,0,234.00,21.61,-1.26,-0.23,1500,1100,0.00,8.005,0.004,85.91,-0.020,-0.069,9.758,0.052,0.030,-0.846,-9.922,1.360,-0.250,-0.029,-0.067,0.075,0.000,0.000,0.000,0.00,14.3,OK
1787113114.629,ROTATING,0,240.00,21.61,-1.28,-0.23,1500,1100,0.00,8.016,-0.022,90.45,-0.559,-0.049,9.807,0.075,-0.068,0.051,-9.789,1.510,-0.207,-0.230,-0.092,0.080,0.000,0.000,0.000,0.00,14.3,OK
1787113114.678,ROTATING,0,240.00,21.61,-1.28,-0.23,1500,1100,0.00,8.016,-0.022,90.45,-0.559,-0.049,9.807,0.075,-0.068,0.051,-10.022,1.763,-0.303,-0.433,-0.103,0.090,0.000,0.000,0.000,0.00,14.3,OK
1787113114.728,ROTATING,0,240.00,21.61,-1.28,-0.23,1500,1100,0.00,8.029,-0.033,92.82,-0.559,-0.049,9.807,0.075,-0.068,0.051,-10.041,1.433,-0.451,-0.640,-0.120,0.083,0.000,0.000,0.000,0.00,14.3,OK
1787113114.779,ROTATING,0,240.00,21.61,-1.28,-0.23,1500,1100,0.00,8.039,-0.035,92.84,-0.559,-0.049,9.807,0.075,-0.068,0.051,-9.769,1.127,-0.257,-0.779,-0.138,0.022,0.000,0.000,0.000,0.00,14.3,OK
1787113114.828,ROTATING,0,240.00,21.61,-1.28,-0.23,1500,1100,0.00,8.058,-0.045,95.65,-0.559,-0.049,9.807,0.075,-0.068,0.051,-10.030,0.957,-0.296,-0.871,-0.153,0.039,0.000,0.000,0.000,0.00,14.3,OK
1787113114.878,ROTATING,0,232.00,21.61,-1.27,-0.23,1500,1100,0.00,8.058,-0.045,95.65,-0.275,0.255,9.787,0.009,-0.143,0.903,-9.619,0.740,-0.357,-0.940,-0.155,-0.023,0.000,0.000,0.000,0.00,14.3,OK
1787113114.928,ROTATING,0,232.00,21.61,-1.27,-0.23,1500,1100,0.00,8.064,-0.087,94.39,-0.275,0.255,9.787,0.009,-0.143,0.903,-9.688,0.636,-0.338,-0.997,-0.157,-0.036,0.000,0.000,0.000,0.00,14.3,OK
1787113114.978,ROTATING,0,232.00,21.61,-1.27,-0.23,1500,1100,0.00,8.064,-0.094,90.52,-0.275,0.255,9.787,0.009,-0.143,0.903,-9.693,0.583,-0.118,-1.046,-0.138,-0.039,0.000,0.000,0.000,0.00,14.3,OK
1787113115.028,ROTATING,0,232.00,21.61,-1.27,-0.23,1500,1100,0.00,8.048,-0.077,78.63,-0.275,0.255,9.787,0.009,-0.143,0.903,-9.674,0.693,0.107,-1.088,-0.133,-0.055,0.000,0.000,0.000,0.00,14.3,OK
1787113115.078,ROTATING,0,232.00,21.61,-1.27,-0.23,1500,1100,0.00,8.048,-0.077,78.63,-0.275,0.255,9.787,0.009,-0.143,0.903,-9.545,0.379,-0.007,-1.119,-0.124,-0.057,0.000,0.000,0.000,0.00,14.3,OK
1787113115.128,ROTATING,0,217.00,21.61,-1.28,-0.23,1500,1100,0.00,8.035,-0.096,74.14,-0.039,0.608,9.787,-0.075,-0.106,1.148,-9.526,-0.044,0.065,-1.143,-0.111,-0.042,0.000,0.000,0.000,0.00,15.2,OK
1787113115.178,ROTATING,0,217.00,21.61,-1.28,-0.23,1500,1100,0.00,8.023,-0.037,67.59,-0.039,0.608,9.787,-0.075,-0.106,1.148,-9.891,0.246,0.308,-1.173,-0.093,-0.020,0.000,0.000,0.000,0.00,15.2,OK
1787113115.228,ROTATING,0,217.00,21.61,-1.28,-0.23,1500,1100,0.00,8.029,-0.030,70.97,-0.039,0.608,9.787,-0.075,-0.106,1.148,-9.771,0.221,0.088,-1.180,-0.079,-0.013,0.000,0.000,0.000,0.00,15.2,OK
1787113115.279,ROTATING,0,217.00,21.61,-1.28,-0.23,1500,1100,0.00,8.029,-0.030,70.97,-0.039,0.608,9.787,-0.075,-0.106,1.148,-9.652,0.122,0.134,-1.195,-0.070,-0.002,0.000,0.000,0.000,0.00,15.2,OK
1787113115.328,ROTATING,0,217.00,21.61,-1.28,-0.23,1500,1100,0.00,8.062,-0.006,76.17,-0.039,0.608,9.787,-0.075,-0.106,1.148,-9.765,-0.279,0.176,-1.199,-0.059,0.023,0.000,0.000,0.000,0.00,15.2,OK
1787113115.378,ROTATING,0,199.00,21.61,-1.29,-0.23,1500,1100,0.00,8.050,0.048,75.26,0.530,0.078,9.797,0.003,-0.042,1.225,-9.722,-0.085,0.193,-1.207,-0.042,0.042,0.000,0.000,0.000,0.00,15.2,OK
1787113115.428,ROTATING,0,199.00,21.61,-1.29,-0.23,1500,1900,0.00,8.058,0.072,76.00,0.530,0.078,9.797,0.003,-0.042,1.225,-9.605,-0.227,0.069,-1.211,-0.027,0.031,0.000,0.000,0.000,0.00,15.2,OK
1787113115.478,ROTATING,0,199.00,21.61,-1.29,-0.23,1500,1900,0.00,8.058,0.072,76.00,0.530,0.078,9.797,0.003,-0.042,1.225,-9.693,-1.094,0.322,-1.151,-0.022,0.035,0.000,0.000,0.000,0.00,15.2,OK
1787113115.528,ROTATING,0,199.00,21.61,-1.29,-0.23,1500,1900,0.00,8.056,0.082,81.31,0.530,0.078,9.797,0.003,-0.042,1.225,-9.698,-1.263,0.296,-1.023,-0.010,-0.003,0.000,0.000,0.000,0.00,15.2,OK
1787113115.578,ROTATING,0,199.00,21.61,-1.29,-0.23,1500,1900,0.00,8.061,0.084,82.74,0.530,0.078,9.797,0.003,-0.042,1.225,-9.760,-1.556,0.471,-0.868,0.005,0.018,0.000,0.000,0.000,0.00,15.2,OK
1787113115.628,ROTATING,0,183.00,21.61,-1.29,-0.23,1500,1900,0.00,8.073,0.136,91.96,0.628,0.000,9.787,0.000,0.023,0.853,-9.648,-1.457,0.552,-0.688,0.021,-0.007,0.000,0.000,0.000,0.00,15.2,OK
1787113115.678,ROTATING,0,183.00,21.61,-1.29,-0.23,1500,1900,0.00,8.075,0.138,92.83,0.628,0.000,9.787,0.000,0.023,0.853,-9.743,-1.216,0.478,-0.577,0.031,-0.006,0.000,0.000,0.000,0.00,15.2,OK
1787113115.728,ROTATING,0,183.00,21.61,-1.29,-0.23,1500,1900,0.00,8.075,0.138,92.83,0.628,0.000,9.787,0.000,0.023,0.853,-9.743,-1.573,0.631,-0.431,0.049,-0.010,0.000,0.000,0.000,0.00,15.2,OK
1787113115.779,ROTATING,0,183.00,21.61,-1.29,-0.23,1500,1900,0.00,8.057,0.186,97.60,0.628,0.000,9.787,0.000,0.023,0.853,-9.758,-2.025,0.650,-0.253,0.061,0.007,0.000,0.000,0.000,0.00,15.2,OK
1787113115.828,ROTATING,0,183.00,21.61,-1.29,-0.23,1500,1900,0.00,8.061,0.231,99.75,0.628,0.000,9.787,0.000,0.023,0.853,-9.929,-1.671,0.717,-0.075,0.071,-0.003,0.000,0.000,0.000,0.00,15.2,OK
1787113115.878,ROTATING,0,177.00,21.61,-1.30,-0.23,1500,1900,0.00,8.061,0.231,99.75,0.510,-0.294,9.807,-0.017,0.072,0.047,-9.757,-2.025,0.763,0.105,0.072,-0.009,0.000,0.000,0.000,0.00,15.2,OK
1787113115.928,ROTATING,0,177.00,21.61,-1.30,-0.23,1500,1900,0.00,8.063,0.246,101.62,0.510,-0.294,9.807,-0.017,0.072,0.047,-9.789,-1.980,0.662,0.323,0.073,-0.013,0.000,0.000,0.000,0.00,15.2,OK
1787113115.978,ROTATING,0,177.00,21.61,-1.30,-0.23,1500,1900,0.00,8.061,0.277,103.10,0.510,-0.294,9.807,-0.017,0.072,0.047,-9.674,-1.620,0.648,0.530,0.083,-0.031,0.000,0.000,0.000,0.00,15.2,OK
1787113116.028,ROTATING,0,177.00,21.61,-1.30,-0.23,1500,1900,0.00,8.054,0.304,100.99,0.510,-0.294,9.807,-0.017,0.072,0.047,-9.628,-1.641,0.344,0.684,0.097,-0.043,0.000,0.000,0.000,0.00,15.2,OK
1787113116.079,ROTATING,0,177.00,21.61,-1.30,-0.23,1500,1900,0.00,8.054,0.304,100.99,0.510,-0.294,9.807,-0.017,0.072,0.047,-9.643,-1.263,0.435,0.817,0.100,-0.051,0.000,0.000,0.000,0.00,15.2,OK
1787113116.128,ROTATING,0,184.00,21.61,-1.29,-0.23,1500,1900,0.00,8.065,0.324,103.34,0.598,-0.402,9.777,-0.011,0.098,-0.848,-9.850,-1.268,-0.235,0.895,0.112,0.005,0.000,0.000,0.000,0.00,15.2,OK
1787113116.178,ROTATING,0,184.00,21.61,-1.29,-0.23,1500,1900,0.00,8.058,0.288,101.63,0.598,-0.402,9.777,-0.011,0.098,-0.848,-9.710,-0.974,0.322,0.953,0.097,0.005,0.000,0.000,0.000,0.00,15.2,OK
1787113116.228,ROTATING,0,184.00,21.61,-1.29,-0.23,1500,1900,0.00,8.087,0.296,101.88,0.598,-0.402,9.777,-0.011,0.098,-0.848,-9.860,-1.175,-0.145,1.019,0.103,0.028,0.000,0.000,0.000,0.00,15.2,OK
1787113116.279,ROTATING,0,184.00,21.61,-1.29,-0.23,1500,1900,0.00,8.082,0.268,102.04,0.598,-0.402,9.777,-0.011,0.098,-0.848,-9.510,-0.627,0.201,1.066,0.101,-0.004,0.000,0.000,0.000,0.00,15.2,OK
1787113116.329,ROTATING,0,184.00,21.61,-1.29,-0.23,1500,1900,0.00,8.082,0.268,102.04,0.598,-0.402,9.777,-0.011,0.098,-0.848,-9.660,-0.672,-0.297,1.102,0.103,0.040,0.000,0.000,0.000,0.00,15.2,OK
1787113116.378,ROTATING,0,199.00,21.61,-1.26,-0.23,1500,1900,0.00,8.104,0.273,98.70,0.137,-0.539,9.836,0.032,0.090,-1.135,-9.796,-0.727,0.045,1.137,0.097,-0.023,0.000,0.000,0.000,0.00,15.2,OK
1787113116.428,ROTATING,0,199.00,21.61,-1.26,-0.23,1500,1900,0.00,8.102,0.253,100.65,0.137,-0.539,9.836,0.032,0.090,-1.135,-10.199,-0.904,-0.447,1.157,0.098,-0.030,0.000,0.000,0.000,0.00,15.2,OK
1787113116.478,ROTATING,0,199.00,21.61,-1.26,-0.23,1500,1900,0.00,8.102,0.253,100.65,0.137,-0.539,9.836,0.032,0.090,-1.135,-9.932,-0.437,-0.147,1.157,0.093,-0.026,0.000,0.000,0.000,0.00,15.2,OK
1787113116.528,ROTATING,0,199.00,21.61,-1.26,-0.23,1500,1900,0.00,8.137,0.274,108.49,0.137,-0.539,9.836,0.032,0.090,-1.135,-9.870,-0.534,-0.446,1.173,0.094,0.028,0.000,0.000,0.000,0.00,15.2,OK
1787113116.579,ROTATING,0,199.00,21.61,-1.26,-0.23,1500,1900,0.00,8.144,0.258,122.95,0.137,-0.539,9.836,0.032,0.090,-1.135,-9.762,-0.446,-0.209,1.176,0.086,0.014,0.000,0.000,0.000,0.00,15.2,OK
1787113116.628,ROTATING,0,216.00,21.61,-1.27,-0.23,1500,1900,0.00,8.180,0.245,119.62,0.216,-0.333,9.767,0.055,0.073,-1.209,-9.741,-0.635,-0.563,1.195,0.090,0.006,0.000,0.000,0.000,0.00,15.2,OK
1787113116.679,ROTATING,0,216.00,21.61,-1.27,-0.23,1500,1100,0.00,8.180,0.245,119.62,0.216,-0.333,9.767,0.055,0.073,-1.209,-9.645,-0.038,-0.230,1.189,0.078,0.024,0.000,0.000,0.000,0.00,15.2,OK
1787113116.728,ROTATING,0,216.00,21.61,-1.27,-0.23,1500,1100,0.00,8.166,0.206,117.39,0.216,-0.333,9.767,0.055,0.073,-1.209,-9.867,0.177,-0.776,1.141,0.071,0.035,0.000,0.000,0.000,0.00,15.2,OK
1787113116.778,ROTATING,0,216.00,21.61,-1.27,-0.23,1500,1100,0.00,8.182,0.204,114.11,0.216,-0.333,9.767,0.055,0.073,-1.209,-9.948,0.826,-0.693,1.007,0.060,0.060,0.000,0.000,0.000,0.00,15.2,OK
1787113116.828,ROTATING,0,216.00,21.61,-1.27,-0.23,1500,1100,0.00,8.164,0.180,102.38,0.216,-0.333,9.767,0.055,0.073,-1.209,-10.025,0.988,-0.717,0.847,0.039,0.067,0.000,0.000,0.000,0.00,15.2,OK
1787113116.878,ROTATING,0,232.00,21.61,-1.25,-0.23,1500,1100,0.00,8.164,0.180,102.38,-0.078,-0.382,9.836,0.091,0.026,-0.835,-9.882,0.992,-0.573,0.673,0.019,0.104,0.000,0.000,0.000,0.00,15.2,OK
1787113116.928,ROTATING,0,232.00,21.61,-1.25,-0.23,1500,1100,0.00,8.188,0.164,107.23,-0.078,-0.382,9.836,0.091,0.026,-0.835,-9.898,1.092,-0.451,0.541,0.001,0.122,0.000,0.000,0.000,0.00,15.2,OK
1787113116.978,ROTATING,0,232.00,21.61,-1.25,-0.23,1500,1100,0.00,8.183,0.144,107.83,-0.078,-0.382,9.836,0.091,0.026,-0.835,-9.843,1.232,-0.394,0.381,-0.016,0.134,0.000,0.000,0.000,0.00,15.2,OK
1787113117.028,ROTATING,0,232.00,21.61,-1.25,-0.23,1500,1100,0.00,8.202,0.209,-110.99,-0.078,-0.382,9.836,0.091,0.026,-0.835,-9.946,1.790,-0.279,0.168,-0.041,0.111,0.000,0.000,0.000,0.00,15.2,OK
1787113117.078,ROTATING,0,232.00,21.61,-1.25,-0.23,1500,1100,0.00,8.202,0.209,-110.99,-0.078,-0.382,9.836,0.091,0.026,-0.835,-9.879,1.265,-0.130,-0.012,-0.060,0.099,0.000,0.000,0.000,0.00,15.2,OK
1787113117.128,ROTATING,0,237.00,21.61,-1.27,-0.23,1500,1100,0.00,8.241,0.202,-123.78,-0.324,-0.118,9.777,0.090,-0.063,0.039,-9.779,1.555,-0.144,-0.204,-0.089,0.057,0.000,0.000,0.000,0.00,15.2,OK
1787113117.178,ROTATING,0,237.00,21.61,-1.27,-0.23,1500,1100,0.00,8.262,0.194,-135.30,-0.324,-0.118,9.777,0.090,-0.063,0.039,-9.948,1.726,-0.109,-0.423,-0.108,0.027,0.000,0.000,0.000,0.00,15.0,OK
1787113117.228,ROTATING,0,237.00,21.61,-1.27,-0.23,1500,1100,0.00,8.267,0.185,-141.30,-0.324,-0.118,9.777,0.090,-0.063,0.039,-10.075,1.435,-0.064,-0.605,-0.127,0.047,0.000,0.000,0.000,0.00,15.0,OK
1787113117.278,ROTATING,0,237.00,21.61,-1.27,-0.23,1500,1100,0.00,8.267,0.185,-141.30,-0.324,-0.118,9.777,0.090,-0.063,0.039,-9.700,1.296,-0.338,-0.763,-0.136,0.022,0.000,0.000,0.000,0.00,15.0,OK
1787113117.328,ROTATING,0,237.00,21.61,-1.27,-0.23,1500,1100,0.00,8.275,0.173,-150.72,-0.324,-0.118,9.777,0.090,-0.063,0.039,-9.609,0.979,-0.072,-0.870,-0.144,-0.024,0.000,0.000,0.000,0.00,15.0,OK
1787113117.378,ROTATING,0,229.00,21.61,-1.27,-0.23,1500,1100,0.00,8.249,0.183,-114.88,-0.039,0.275,9.758,-0.022,-0.130,0.904,-9.657,0.593,-0.216,-0.943,-0.140,-0.021,0.000,0.000,0.000,0.00,15.0,OK
1787113117.428,ROTATING,0,229.00,21.61,-1.27,-0.23,1500,1100,0.00,8.233,0.226,-81.63,-0.039,0.275,9.758,-0.022,-0.130,0.904,-9.597,0.938,0.026,-1.001,-0.131,-0.061,0.000,0.000,0.000,0.00,15.0,OK
1787113117.478,ROTATING,0,229.00,21.61,-1.27,-0.23,1500,1100,0.00,8.233,0.226,-81.63,-0.039,0.275,9.758,-0.022,-0.130,0.904,-9.583,0.424,0.122,-1.047,-0.112,-0.058,0.000,0.000,0.000,0.00,15.0,OK
1787113117.528,ROTATING,0,229.00,21.61,-1.27,-0.23,1500,1100,0.00,8.260,0.282,-84.72,-0.039,0.275,9.758,-0.022,-0.130,0.904,-9.726,0.145,0.064,-1.097,-0.101,-0.043,0.000,0.000,0.000,0.00,15.0,OK
1787113117.579,ROTATING,0,229.00,21.61,-1.27,-0.23,1500,1100,0.00,8.257,0.285,-74.69,-0.039,0.275,9.758,-0.022,-0.130,0.904,-9.626,0.156,-0.024,-1.123,-0.085,-0.053,0.000,0.000,0.000,0.00,15.0,OK
1787113117.629,ROTATING,0,214.00,21.61,-1.28,-0.23,1500,1100,0.00,8.258,0.311,-68.67,0.216,0.304,9.748,-0.071,-0.069,1.151,-9.715,0.119,0.097,-1.150,-0.074,-0.009,0.000,0.000,0.000,0.00,15.0,OK
1787113117.678,ROTATING,0,214.00,21.61,-1.28,-0.23,1500,1100,0.00,8.258,0.311,-68.67,0.216,0.304,9.748,-0.071,-0.069,1.151,-9.944,0.104,0.228,-1.171,-0.062,-0.005,0.000,0.000,0.000,0.00,15.0,OK
1787113117.729,ROTATING,0,214.00,21.61,-1.28,-0.23,1500,1100,0.00,8.260,0.279,-27.55,0.216,0.304,9.748,-0.071,-0.069,1.151,-9.972,0.285,0.157,-1.197,-0.054,-0.015,0.000,0.000,0.000,0.00,15.0,OK
1787113117.779,ROTATING,0,214.00,21.61,-1.28,-0.23,1500,1100,0.00,8.250,0.292,3.41,0.216,0.304,9.748,-0.071,-0.069,1.151,-9.635,0.091,0.143,-1.208,-0.034,-0.037,0.000,0.000,0.000,0.00,15.0,OK
1787113117.829,ROTATING,0,214.00,21.61,-1.28,-0.23,1500,1100,0.00,8.243,0.307,10.31,0.216,0.304,9.748,-0.071,-0.069,1.151,-9.686,-0.371,0.162,-1.199,-0.024,-0.020,0.000,0.000,0.000,0.00,15.0,OK
1787113117.879,ROTATING,0,197.00,21.61,-1.28,-0.23,1500,1100,0.00,8.243,0.307,10.31,0.657,0.098,9.709,-0.036,-0.001,1.227,-9.906,-0.580,0.109,-1.203,-0.014,0.005,0.000,0.000,0.000,0.00,15.0,OK
1787113117.929,ROTATING,0,197.00,21.61,-1.28,-0.23,1500,1900,0.00,8.247,0.339,17.41,0.657,0.098,9.709,-0.036,-0.001,1.227,-9.750,-0.453,0.037,-1.205,-0.006,0.005,0.000,0.000,0.000,0.00,15.0,OK
1787113117.979,ROTATING,0,197.00,21.61,-1.28,-0.23,1500,1900,0.00,8.234,0.364,39.05,0.657,0.098,9.709,-0.036,-0.001,1.227,-9.722,-1.197,0.164,-1.141,0.002,0.049,0.000,0.000,0.000,0.00,15.0,OK
1787113118.028,ROTATING,0,197.00,21.61,-1.28,-0.23,1500,1900,0.00,8.235,0.382,50.09,0.657,0.098,9.709,-0.036,-0.001,1.227,-9.684,-1.531,0.229,-1.013,0.023,0.044,0.000,0.000,0.000,0.00,15.0,OK
1787113118.078,ROTATING,0,197.00,21.61,-1.28,-0.23,1500,1900,0.00,8.235,0.382,50.09,0.657,0.098,9.709,-0.036,-0.001,1.227,-9.705,-1.706,0.303,-0.861,0.043,0.056,0.000,0.000,0.000,0.00,15.0,OK
1787113118.129,ROTATING,0,181.00,21.61,-1.28,-0.23,1500,1900,0.00,8.197,0.417,29.54,0.559,-0.245,9.865,0.028,0.056,0.853,-9.705,-1.598,0.397,-0.684,0.057,0.017,0.000,0.000,0.000,0.00,15.0,OK
1787113118.178,ROTATING,0,181.00,21.61,-1.28,-0.23,1500,1900,0.00,8.193,0.443,37.76,0.559,-0.245,9.865,0.028,0.056,0.853,-9.738,-1.290,0.320,-0.576,0.058,0.030,0.000,0.000,0.000,0.00,15.0,OK
1787113118.229,ROTATING,0,181.00,21.61,-1.28,-0.23,1500,1900,0.00,7.969,0.342,31.51,0.559,-0.245,9.865,0.028,0.056,0.853,-9.698,-1.761,0.536,-0.401,0.069,0.034,0.000,0.000,0.000,0.00,15.2,OK
1787113118.278,ROTATING,0,181.00,21.61,-1.28,-0.23,1500,1900,0.00,7.969,0.342,31.51,0.559,-0.245,9.865,0.028,0.056,0.853,-9.626,-1.913,0.490,-0.225,0.081,0.048,0.000,0.000,0.000,0.00,15.2,OK
1787113118.328,ROTATING,0,181.00,21.61,-1.28,-0.23,1500,1900,0.00,7.964,0.358,31.12,0.559,-0.245,9.865,0.028,0.056,0.853,-9.774,-1.497,0.509,-0.061,0.091,0.036,0.000,0.000,0.000,0.00,15.2,OK
1787113118.378,ROTATING,0,175.00,21.61,-1.27,-0.23,1500,1900,0.00,7.953,0.359,32.11,0.363,-0.412,9.797,0.035,0.092,0.032,-9.760,-1.929,0.526,0.124,0.094,0.033,0.000,0.000,0.000,0.00,15.2,OK
1787113118.428,ROTATING,0,175.00,21.61,-1.27,-0.23,1500,1900,0.00,7.943,0.377,29.55,0.363,-0.412,9.797,0.035,0.092,0.032,-9.777,-1.853,0.394,0.318,0.093,0.014,0.000,0.000,0.000,0.00,15.2,OK
1787113118.478,ROTATING,0,175.00,21.61,-1.27,-0.23,1500,1900,0.00,7.943,0.377,29.55,0.363,-0.412,9.797,0.035,0.092,0.032,-9.633,-1.617,0.457,0.536,0.092,0.012,0.000,0.000,0.000,0.00,15.2,OK
1787113118.529,ROTATING,0,175.00,21.61,-1.27,-0.23,1500,1900,0.00,7.942,0.388,27.41,0.363,-0.412,9.797,0.035,0.092,0.032,-9.795,-1.700,-0.032,0.695,0.097,-0.011,0.000,0.000,0.000,0.00,15.2,OK
1787113118.578,ROTATING,0,175.00,21.61,-1.27,-0.23,1500,1900,0.00,7.938,0.414,24.06,0.363,-0.412,9.797,0.035,0.092,0.032,-9.822,-1.167,0.200,0.803,0.094,0.013,0.000,0.000,0.000,0.00,15.2,OK
1787113118.628,ROTATING,0,182.00,21.61,-1.27,-0.23,1500,1900,0.00,7.939,0.390,21.58,0.382,-0.422,9.748,0.023,0.093,-0.846,-9.798,-1.143,-0.341,0.899,0.110,0.031,0.000,0.000,0.000,0.00,15.2,OK
1787113118.678,ROTATING,0,182.00,21.61,-1.27,-0.23,1500,1900,0.00,7.937,0.388,20.61,0.382,-0.422,9.748,0.023,0.093,-0.846,-9.784,-0.949,0.078,0.967,0.099,0.030,0.000,0.000,0.000,0.00,15.2,OK
1787113118.728,ROTATING,0,182.00,21.61,-1.27,-0.23,1500,1900,0.00,7.937,0.388,20.61,0.382,-0.422,9.748,0.023,0.093,-0.846,-9.788,-0.863,-0.286,1.017,0.105,0.013,0.000,0.000,0.000,0.00,15.2,OK
1787113118.778,ROTATING,0,182.00,21.61,-1.27,-0.23,1500,1900,0.00,7.933,0.386,19.77,0.382,-0.422,9.748,0.023,0.093,-0.846,-9.664,-0.622,-0.058,1.076,0.106,0.054,0.000,0.000,0.000,0.00,15.2,OK
1787113118.828,ROTATING,0,182.00,21.61,-1.27,-0.23,1500,1900,0.00,7.950,0.404,19.17,0.382,-0.422,9.748,0.023,0.093,-0.846,-9.819,-0.890,-0.401,1.117,0.113,0.035,0.000,0.000,0.000,0.00,15.2,OK
1787113118.878,ROTATING,0,197.00,21.61,-1.25,-0.23,1500,1900,0.00,7.950,0.404,19.17,0.000,-0.471,9.875,0.084,0.093,-1.146,-9.843,-0.684,-0.291,1.146,0.093,0.091,0.000,0.000,0.000,0.00,15.2,OK
1787113118.929,ROTATING,0,197.00,21.61,-1.25,-0.23,1500,1900,0.00,7.946,0.370,19.42,0.000,-0.471,9.875,0.084,0.093,-1.146,-9.994,-0.786,-0.772,1.182,0.107,0.096,0.000,0.000,0.000,0.00,15.2,OK
1787113118.979,ROTATING,0,197.00,21.61,-1.25,-0.23,1500,1900,0.00,7.970,0.352,18.39,0.000,-0.471,9.875,0.084,0.093,-1.146,-9.722,-0.223,-0.467,1.188,0.098,0.059,0.000,0.000,0.000,0.00,15.2,OK
1787113119.028,ROTATING,0,197.00,21.61,-1.25,-0.23,1500,1900,0.00,7.959,0.330,19.00,0.000,-0.471,9.875,0.084,0.093,-1.146,-9.638,-0.339,-0.757,1.187,0.096,0.085,0.000,0.000,0.000,0.00,15.2,OK
1787113119.078,ROTATING,0,197.00,21.61,-1.25,-0.23,1500,1900,0.00,7.959,0.330,19.00,0.000,-0.471,9.875,0.084,0.093,-1.146,-9.755,-0.123,-0.551,1.194,0.074,0.099,0.000,0.000,0.000,0.00,15.2,OK
1787113119.129,ROTATING,0,214.00,21.61,-1.25,-0.23,1500,1900,0.00,7.984,0.317,26.01,0.088,-0.422,9.591,0.115,0.068,-1.224,-9.810,-0.289,-0.941,1.191,0.076,0.099,0.000,0.000,0.000,0.00,15.2,OK
1787113119.178,ROTATING,0,214.00,21.61,-1.25,-0.23,1500,1100,0.00,8.002,0.259,29.05,0.088,-0.422,9.591,0.115,0.068,-1.224,-9.519,0.124,-0.610,1.181,0.069,0.102,0.000,0.000,0.000,0.00,15.2,OK
1787113119.228,ROTATING,0,214.00,21.61,-1.25,-0.23,1500,1100,0.00,8.058,0.252,29.02,0.088,-0.422,9.591,0.115,0.068,-1.224,-9.855,0.280,-0.994,1.144,0.057,0.070,0.000,0.000,0.000,0.00,15.2,OK
1787113119.278,ROTATING,0,214.00,21.61,-1.25,-0.23,1500,1100,0.00,8.058,0.252,29.02,0.088,-0.422,9.591,0.115,0.068,-1.224,-9.855,1.033,-0.992,1.008,0.040,0.068,0.000,0.000,0.000,0.00,14.3,OK
1787113119.328,ROTATING,0,214.00,21.61,-1.25,-0.23,1500,1100,0.00,8.099,0.253,32.02,0.088,-0.422,9.591,0.115,0.068,-1.224,-9.884,1.203,-0.947,0.856,0.028,0.063,0.000,0.000,0.000,0.00,14.3,OK
1787113119.379,ROTATING,0,230.00,21.61,-1.24,-0.23,1500,1100,0.00,8.139,0.231,41.40,-0.530,-0.039,9.865,0.091,0.010,-0.843,-9.846,1.265,-0.791,0.677,-0.004,0.067,0.000,0.000,0.000,0.00,14.3,OK
1787113119.428,ROTATING,0,230.00,21.61,-1.24,-0.23,1500,1100,0.00,8.150,0.184,47.23,-0.530,-0.039,9.865,0.091,0.010,-0.843,-9.863,1.246,-0.657,0.541,-0.020,0.032,0.000,0.000,0.000,0.00,14.3,OK
1787113119.478,ROTATING,0,230.00,21.61,-1.24,-0.23,1500,1100,0.00,8.150,0.184,47.23,-0.530,-0.039,9.865,0.091,0.010,-0.843,-9.877,1.229,-0.717,0.385,-0.040,0.042,0.000,0.000,0.000,0.00,14.3,OK
1787113119.528,ROTATING,0,230.00,21.61,-1.24,-0.23,1500,1100,0.00,8.186,0.251,29.21,-0.530,-0.039,9.865,0.091,0.010,-0.843,-9.996,1.699,-0.549,0.172,-0.068,0.052,0.000,0.000,0.000,0.00,14.3,OK
1787113119.578,ROTATING,0,230.00,21.61,-1.24,-0.23,1500,1100,0.00,8.238,0.237,36.10,-0.530,-0.039,9.865,0.091,0.010,-0.843,-9.886,1.277,-0.370,0.008,-0.088,0.036,0.000,0.000,0.000,0.00,14.3,OK
1787113119.628,ROTATING,0,236.00,21.61,-1.26,-0.23,1500,1100,0.00,8.248,0.221,36.29,-0.637,0.157,9.679,0.035,-0.090,0.020,-9.894,1.640,-0.348,-0.178,-0.110,0.032,0.000,0.000,0.000,0.00,14.3,OK
1787113119.679,ROTATING,0,236.00,21.61,-1.26,-0.23,1500,1100,0.00,8.248,0.221,36.29,-0.637,0.157,9.679,0.035,-0.090,0.020,-9.898,1.721,-0.319,-0.403,-0.130,0.013,0.000,0.000,0.000,0.00,14.3,OK
1787113119.728,ROTATING,0,236.00,21.61,-1.26,-0.23,1500,1100,0.00,8.246,0.206,37.25,-0.637,0.157,9.679,0.035,-0.090,0.020,-10.029,1.650,-0.222,-0.601,-0.156,0.021,0.000,0.000,0.000,0.00,14.3,OK
1787113119.779,ROTATING,0,236.00,21.61,-1.26,-0.23,1500,1100,0.00,8.246,0.202,26.02,-0.637,0.157,9.679,0.035,-0.090,0.020,-9.905,1.140,-0.367,-0.729,-0.168,0.000,0.000,0.000,0.000,0.00,14.3,OK
1787113119.828,ROTATING,0,236.00,21.61,-1.26,-0.23,1500,1100,0.00,8.246,0.211,22.86,-0.637,0.157,9.679,0.035,-0.090,0.020,-9.774,1.206,-0.061,-0.832,-0.178,-0.051,0.000,0.000,0.000,0.00,14.3,OK
1787113119.878,ROTATING,0,228.00,21.61,-1.27,-0.23,1500,1100,0.00,8.246,0.211,22.86,-0.314,0.343,9.777,-0.039,-0.168,0.864,-9.698,0.423,-0.214,-0.892,-0.184,-0.038,0.000,0.000,0.000,0.00,14.3,OK
1787113119.929,ROTATING,0,228.00,21.61,-1.27,-0.23,1500,1100,0.00,8.239,0.226,20.20,-0.314,0.343,9.777,-0.039,-0.168,0.864,-9.805,0.692,-0.032,-0.961,-0.187,-0.059,0.000,0.000,0.000,0.00,14.3,OK
