timestamp,state,wp_idx,heading_deg,target_heading_deg,rel_alt,vfr_alt,fwd_pwm,yaw_pwm,duration_left,zed_x,zed_y,zed_yaw_deg,cube_ax,cube_ay,cube_az,cube_gx,cube_gy,cube_gz,zed_ax,zed_ay,zed_az,zed_gx,zed_gy,zed_gz,ekf_x,ekf_y,ekf_z,ekf_yaw_deg,zed_fps,zed_diag
1787113703.127,ARMING,0,78.00,21.61,-0.09,-0.23,1500,1500,0.00,5.045,-4.913,-47.39,0.245,-1.726,9.640,0.015,-0.008,0.038,-9.632,-1.758,0.339,-0.033,-0.008,0.012,0.000,0.000,0.000,0.00,7.6,OK
1787113703.177,DIVING,0,78.00,21.61,-0.09,-0.23,1500,1500,0.00,5.045,-4.910,-47.06,0.245,-1.726,9.640,0.015,-0.008,0.038,-9.632,-1.750,0.343,-0.032,-0.005,0.009,0.000,0.000,0.000,0.00,7.6,OK
1787113703.227,DIVING,0,78.00,21.61,-0.09,-0.23,1500,1500,0.00,5.044,-4.902,-46.89,0.245,-1.726,9.640,0.015,-0.008,0.038,-9.630,-1.746,0.346,-0.035,-0.007,0.011,0.000,0.000,0.000,0.00,7.6,OK
1787113703.277,DIVING,0,78.00,21.61,-0.09,-0.23,1500,1500,0.00,5.047,-4.903,-46.30,0.245,-1.726,9.640,0.015,-0.008,0.038,-9.640,-1.741,0.341,-0.033,-0.008,0.011,0.000,0.000,0.000,0.00,7.6,OK
1787113703.328,DIVING,0,78.00,21.61,-0.09,-0.23,1500,1500,0.00,5.051,-4.903,-45.90,0.245,-1.726,9.640,0.015,-0.008,0.038,-9.644,-1.727,0.348,-0.033,-0.006,0.007,0.000,0.000,0.000,0.00,7.6,OK
1787113703.377,DIVING,0,78.00,21.61,-0.09,-0.23,1500,1500,0.00,5.051,-4.903,-45.90,0.245,-1.687,9.650,0.008,-0.006,0.038,-9.623,-1.726,0.336,-0.033,-0.008,0.004,0.000,0.000,0.000,0.00,7.6,OK
1787113703.427,DIVING,0,78.00,21.61,-0.09,-0.23,1500,1500,0.00,5.058,-4.903,-45.90,0.245,-1.687,9.650,0.008,-0.006,0.038,-9.654,-1.734,0.327,-0.034,-0.006,0.002,0.000,0.000,0.000,0.00,7.6,OK
1787113703.477,DIVING,0,78.00,21.61,-0.09,-0.23,1500,1500,0.00,5.061,-4.902,-45.85,0.245,-1.687,9.650,0.008,-0.006,0.038,-9.634,-1.741,0.341,-0.033,-0.007,-0.000,0.000,0.000,0.000,0.00,7.6,OK
1787113703.527,DIVING,0,78.00,21.61,-0.09,-0.23,1500,1500,0.00,5.067,-4.900,-46.01,0.245,-1.687,9.650,0.008,-0.006,0.038,-9.637,-1.738,0.343,-0.031,-0.002,-0.001,0.000,0.000,0.000,0.00,7.6,OK
1787113703.577,DIVING,0,78.00,21.61,-0.09,-0.23,1500,1500,0.00,5.067,-4.900,-46.01,0.245,-1.687,9.650,0.008,-0.006,0.038,-9.642,-1.736,0.346,-0.033,-0.009,-0.003,0.000,0.000,0.000,0.00,7.6,OK
1787113703.627,DIVING,0,77.00,21.61,-0.09,-0.23,1500,1500,0.00,5.072,-4.895,-46.34,0.255,-1.677,9.640,-0.003,-0.004,0.036,-9.625,-1.736,0.336,-0.035,-0.005,-0.005,0.000,0.000,0.000,0.00,7.6,OK
1787113703.677,DIVING,0,77.00,21.61,-0.09,-0.23,1500,1500,0.00,5.074,-4.892,-46.26,0.255,-1.677,9.640,-0.003,-0.004,0.036,-9.652,-1.734,0.329,-0.033,-0.003,-0.006,0.000,0.000,0.000,0.00,7.6,OK
1787113703.728,DIVING,0,77.00,21.61,-0.09,-0.23,1500,1500,0.00,5.074,-4.892,-46.26,0.255,-1.677,9.640,-0.003,-0.004,0.036,-9.618,-1.748,0.329,-0.033,-0.005,-0.006,0.000,0.000,0.000,0.00,7.6,OK
1787113703.777,DIVING,0,77.00,21.61,-0.09,-0.23,1500,1500,0.00,5.076,-4.890,-46.36,0.255,-1.677,9.640,-0.003,-0.004,0.036,-9.697,-1.718,0.338,-0.031,-0.003,-0.006,0.000,0.000,0.000,0.00,7.6,OK
1787113703.828,DIVING,0,77.00,21.61,-0.09,-0.23,1500,1500,0.00,5.078,-4.890,-46.15,0.255,-1.677,9.640,-0.003,-0.004,0.036,-9.546,-1.835,0.317,-0.028,-0.007,0.049,0.000,0.000,0.000,0.00,7.6,OK
1787113703.877,DIVING,0,76.00,21.61,-0.09,-0.23,1500,1500,0.00,5.081,-4.886,-46.42,0.255,-1.667,9.650,0.069,-0.008,0.027,-9.637,-1.801,0.334,-0.018,-0.012,0.087,0.000,0.000,0.000,0.00,7.6,OK
1787113703.927,DIVING,0,76.00,21.61,-0.09,-0.23,1500,1500,0.00,5.081,-4.886,-46.42,0.255,-1.667,9.650,0.069,-0.008,0.027,-9.439,-1.903,0.306,-0.021,-0.020,0.337,0.000,0.000,0.000,0.00,7.6,OK
1787113703.977,DIVING,0,76.00,21.61,-0.09,-0.23,1500,1500,0.00,5.080,-4.881,-46.31,0.255,-1.667,9.650,0.069,-0.008,0.027,-9.723,-1.512,0.346,-0.025,-0.038,0.672,0.000,0.000,0.000,0.00,7.6,OK
1787113704.027,DIVING,0,76.00,21.61,-0.09,-0.23,1500,1500,0.00,5.072,-4.860,-45.84,0.255,-1.667,9.650,0.069,-0.008,0.027,-9.823,-0.978,0.379,-0.024,-0.055,0.754,0.000,0.000,0.000,0.00,7.6,OK
1787113704.077,DIVING,0,76.00,21.61,-0.09,-0.23,1500,1500,0.00,5.072,-4.860,-45.84,0.255,-1.667,9.650,0.069,-0.008,0.027,-9.799,-0.554,0.400,-0.014,-0.071,0.721,0.000,0.000,0.000,0.00,14.3,OK
1787113704.127,DIVING,0,76.00,21.61,-0.09,-0.23,1500,1500,0.00,4.900,-4.758,-37.92,0.245,-1.716,9.522,0.696,-0.071,0.028,-9.468,-0.189,0.509,-0.017,-0.073,0.625,0.000,0.000,0.000,0.00,14.3,OK
1787113704.177,DIVING,0,76.00,21.61,-0.09,-0.23,1500,1500,0.00,4.919,-4.745,-32.59,0.245,-1.716,9.522,0.696,-0.071,0.028,-9.539,0.093,0.523,-0.016,-0.059,0.457,0.000,0.000,0.000,0.00,14.3,OK
1787113704.227,DIVING,0,76.00,21.61,-0.09,-0.23,1500,1500,0.00,4.914,-4.737,-24.54,0.245,-1.716,9.522,0.696,-0.071,0.028,-9.702,0.308,0.582,-0.018,-0.042,0.348,0.000,0.000,0.000,0.00,14.3,OK
1787113704.277,DIVING,0,76.00,21.61,-0.09,-0.23,1500,1500,0.00,4.918,-4.752,-16.82,0.245,-1.716,9.522,0.696,-0.071,0.028,-9.701,0.454,0.597,-0.006,-0.027,0.270,0.000,0.000,0.000,0.00,14.3,OK
1787113704.327,DIVING,0,76.00,21.61,-0.09,-0.23,1500,1500,0.00,4.918,-4.752,-16.82,0.245,-1.716,9.522,0.696,-0.071,0.028,-9.623,0.355,0.655,0.001,-0.016,0.190,0.000,0.000,0.000,0.00,14.3,OK
1787113704.378,DIVING,0,75.00,21.61,-0.11,-0.23,1500,1500,0.00,4.918,-4.752,-12.67,0.324,-0.314,9.699,0.154,-0.008,0.001,-9.756,0.403,0.611,0.009,-0.003,0.108,0.000,0.000,0.000,0.00,14.3,OK
1787113704.427,DIVING,0,75.00,21.61,-0.11,-0.23,1500,1500,0.00,4.919,-4.752,-9.84,0.324,-0.314,9.699,0.154,-0.008,0.001,-9.747,0.470,0.570,0.005,0.007,0.040,0.000,0.000,0.000,0.00,14.3,OK
1787113704.478,DIVING,0,75.00,21.61,-0.11,-0.23,1500,1500,0.00,4.919,-4.752,-8.09,0.324,-0.314,9.699,0.154,-0.008,0.001,-9.773,0.539,0.582,0.000,0.023,-0.026,0.000,0.000,0.000,0.00,14.3,OK
1787113704.527,DIVING,0,75.00,21.61,-0.11,-0.23,1500,1500,0.00,4.919,-4.752,-7.45,0.324,-0.314,9.699,0.154,-0.008,0.001,-9.725,0.420,0.527,-0.002,0.030,-0.078,0.000,0.000,0.000,0.00,14.3,OK
1787113704.577,DIVING,0,75.00,21.61,-0.11,-0.23,1500,1500,0.00,4.919,-4.752,-7.45,0.324,-0.314,9.699,0.154,-0.008,0.001,-9.737,0.399,0.499,0.006,0.040,-0.112,0.000,0.000,0.000,0.00,14.3,OK
1787113704.627,DIVING,0,75.00,21.61,-0.13,-0.23,1500,1500,0.00,4.919,-4.752,-7.71,0.530,0.588,9.758,-0.120,0.038,-0.002,-9.843,0.311,0.486,0.004,0.035,-0.117,0.000,0.000,0.000,0.00,14.3,OK
1787113704.677,DIVING,0,75.00,21.61,-0.13,-0.23,1500,1500,0.00,4.938,-4.665,-16.53,0.530,0.588,9.758,-0.120,0.038,-0.002,-9.752,0.346,0.436,0.007,0.032,-0.128,0.000,0.000,0.000,0.00,14.3,OK
1787113704.728,DIVING,0,75.00,21.61,-0.13,-0.23,1500,1500,0.00,4.938,-4.665,-16.53,0.530,0.588,9.758,-0.120,0.038,-0.002,-9.926,0.257,0.455,0.020,0.017,-0.111,0.000,0.000,0.000,0.00,14.3,OK
1787113704.777,DIVING,0,75.00,21.61,-0.13,-0.23,1500,1500,0.00,4.936,-4.642,-18.47,0.530,0.588,9.758,-0.120,0.038,-0.002,-9.888,0.205,0.443,0.024,0.010,-0.073,0.000,0.000,0.000,0.00,14.3,OK
1787113704.827,DIVING,0,75.00,21.61,-0.13,-0.23,1500,1500,0.00,4.936,-4.642,-18.47,0.530,0.588,9.758,-0.120,0.038,-0.002,-9.897,0.253,0.467,0.030,0.007,-0.030,0.000,0.000,0.000,0.00,14.3,OK
1787113704.877,DIVING,0,75.00,21.61,-0.14,-0.23,1500,1500,0.00,4.926,-4.641,-19.37,0.392,0.431,9.816,-0.009,0.002,-0.028,-9.990,0.242,0.443,0.031,-0.009,0.011,0.000,0.000,0.000,0.00,14.3,OK
1787113704.927,DIVING,0,75.00,21.61,-0.14,-0.23,1500,1500,0.00,4.933,-4.610,-22.65,0.392,0.431,9.816,-0.009,0.002,-0.028,-9.869,0.292,0.467,0.035,-0.021,0.025,0.000,0.000,0.000,0.00,14.3,OK
1787113704.977,DIVING,0,75.00,21.61,-0.14,-0.23,1500,1500,0.00,4.933,-4.610,-22.65,0.392,0.431,9.816,-0.009,0.002,-0.028,-9.919,0.250,0.479,0.034,-0.036,0.030,0.000,0.000,0.000,0.00,14.3,OK
1787113705.027,DIVING,0,75.00,21.61,-0.14,-0.23,1500,1500,0.00,4.949,-4.606,-22.29,0.392,0.431,9.816,-0.009,0.002,-0.028,-9.792,0.369,0.537,0.034,-0.036,0.048,0.000,0.000,0.000,0.00,14.3,OK
1787113705.077,DIVING,0,75.00,21.61,-0.14,-0.23,1500,1500,0.00,4.967,-4.598,-22.72,0.392,0.431,9.816,-0.009,0.002,-0.028,-9.888,0.322,0.508,0.030,-0.043,0.029,0.000,0.000,0.000,0.00,16.0,OK
1787113705.127,DIVING,0,75.00,21.61,-0.15,-0.23,1500,1500,0.00,4.967,-4.598,-22.72,0.333,0.245,9.807,0.025,-0.048,-0.029,-9.849,0.316,0.556,0.031,-0.050,0.028,0.000,0.000,0.000,0.00,16.0,OK
1787113705.177,DIVING,0,75.00,21.61,-0.15,-0.23,1500,1500,0.00,5.200,-4.733,-20.97,0.333,0.245,9.807,0.025,-0.048,-0.029,-9.842,0.354,0.532,0.022,-0.063,0.005,0.000,0.000,0.000,0.00,16.0,OK
1787113705.227,DIVING,0,75.00,21.61,-0.15,-0.23,1500,1500,0.00,5.191,-4.710,-22.54,0.333,0.245,9.807,0.025,-0.048,-0.029,-9.659,0.340,0.585,0.021,-0.056,-0.011,0.000,0.000,0.000,0.00,16.0,OK
1787113705.277,DIVING,0,75.00,21.61,-0.15,-0.23,1500,1500,0.00,5.196,-4.701,-23.08,0.333,0.245,9.807,0.025,-0.048,-0.029,-9.806,0.338,0.623,0.018,-0.061,-0.032,0.000,0.000,0.000,0.00,16.0,OK
1787113705.327,DIVING,0,75.00,21.61,-0.15,-0.23,1500,1500,0.00,5.196,-4.701,-23.08,0.333,0.245,9.807,0.025,-0.048,-0.029,-9.852,0.112,0.652,0.020,-0.080,-0.049,0.000,0.000,0.000,0.00,16.0,OK
1787113705.377,DIVING,0,76.00,21.61,-0.16,-0.23,1500,1500,0.00,5.201,-4.695,-21.33,0.461,0.392,9.797,-0.045,-0.085,-0.018,-9.733,0.224,0.733,0.019,-0.078,-0.048,0.000,0.000,0.000,0.00,16.0,OK
1787113705.427,DIVING,0,76.00,21.61,-0.16,-0.23,1500,1500,0.00,5.218,-4.663,-27.67,0.461,0.392,9.797,-0.045,-0.085,-0.018,-9.673,0.237,0.741,0.024,-0.075,-0.055,0.000,0.000,0.000,0.00,16.0,OK
1787113705.477,DIVING,0,76.00,21.61,-0.16,-0.23,1500,1500,0.00,5.223,-4.644,-29.41,0.461,0.392,9.797,-0.045,-0.085,-0.018,-9.799,0.159,0.826,0.022,-0.088,-0.069,0.000,0.000,0.000,0.00,16.0,OK
1787113705.527,DIVING,0,76.00,21.61,-0.16,-0.23,1500,1500,0.00,5.223,-4.644,-29.41,0.461,0.392,9.797,-0.045,-0.085,-0.018,-9.850,0.120,0.821,0.032,-0.097,-0.077,0.000,0.000,0.000,0.00,16.0,OK
1787113705.577,DIVING,0,76.00,21.61,-0.16,-0.23,1500,1500,0.00,5.230,-4.634,-29.46,0.461,0.392,9.797,-0.045,-0.085,-0.018,-9.871,0.232,0.903,0.027,-0.112,-0.068,0.000,0.000,0.000,0.00,16.0,OK
1787113705.627,DIVING,0,76.00,21.61,-0.18,-0.23,1500,1500,0.00,5.236,-4.638,-26.85,0.608,0.294,9.807,-0.057,-0.116,-0.024,-9.699,0.004,0.930,0.029,-0.116,-0.044,0.000,0.000,0.000,0.00,16.0,OK
1787113705.678,DIVING,0,76.00,21.61,-0.18,-0.23,1500,1500,0.00,5.244,-4.647,-26.59,0.608,0.294,9.807,-0.057,-0.116,-0.024,-9.785,0.065,0.987,0.036,-0.107,-0.029,0.000,0.000,0.000,0.00,16.0,OK
1787113705.728,DIVING,0,76.00,21.61,-0.18,-0.23,1500,1500,0.00,5.244,-4.647,-26.59,0.608,0.294,9.807,-0.057,-0.116,-0.024,-9.566,0.080,1.128,0.035,-0.118,-0.029,0.000,0.000,0.000,0.00,16.0,OK
1787113705.777,DIVING,0,76.00,21.61,-0.18,-0.23,1500,1500,0.00,5.256,-4.665,-24.67,0.608,0.294,9.807,-0.057,-0.116,-0.024,-9.613,0.070,1.100,0.035,-0.107,-0.017,0.000,0.000,0.000,0.00,16.0,OK
1787113705.827,DIVING,0,76.00,21.61,-0.18,-0.23,1500,1500,0.00,5.269,-4.690,-21.31,0.608,0.294,9.807,-0.057,-0.116,-0.024,-9.501,0.095,1.184,0.038,-0.091,-0.019,0.000,0.000,0.000,0.00,16.0,OK
1787113705.877,DIVING,0,76.00,21.61,-0.20,-0.23,1500,1500,0.00,5.368,-4.787,-17.53,0.824,0.196,9.758,-0.021,-0.075,-0.035,-9.582,0.114,1.210,0.037,-0.067,-0.024,0.000,0.000,0.000,0.00,16.0,OK
1787113705.927,DIVING,0,76.00,21.61,-0.20,-0.23,1500,1500,0.00,5.368,-4.787,-17.53,0.824,0.196,9.758,-0.021,-0.075,-0.035,-9.477,0.057,1.217,0.033,-0.053,-0.029,0.000,0.000,0.000,0.00,16.0,OK
1787113705.977,DIVING,0,76.00,21.61,-0.20,-0.23,1500,1500,0.00,5.394,-4.812,-19.23,0.824,0.196,9.758,-0.021,-0.075,-0.035,-9.606,-0.093,1.270,0.039,-0.057,-0.045,0.000,0.000,0.000,0.00,16.0,OK
1787113706.027,DIVING,0,76.00,21.61,-0.20,-0.23,1500,1500,0.00,5.414,-4.824,-22.38,0.824,0.196,9.758,-0.021,-0.075,-0.035,-9.649,-0.036,1.279,0.037,-0.056,-0.028,0.000,0.000,0.000,0.00,16.0,OK
1787113706.077,DIVING,0,76.00,21.61,-0.20,-0.23,1500,1500,0.00,5.411,-4.819,-24.14,0.824,0.196,9.758,-0.021,-0.075,-0.035,-9.592,-0.021,1.284,0.037,-0.047,-0.046,0.000,0.000,0.000,0.00,15.0,OK
1787113706.127,DIVING,0,76.00,21.61,-0.23,-0.23,1500,1500,0.00,5.411,-4.819,-24.14,1.069,0.108,9.640,-0.036,-0.040,-0.032,-9.606,-0.100,1.339,0.034,-0.037,-0.043,0.000,0.000,0.000,0.00,15.0,OK
1787113706.178,DIVING,0,76.00,21.61,-0.23,-0.23,1500,1500,0.00,5.410,-4.810,-26.04,1.069,0.108,9.640,-0.036,-0.040,-0.032,-9.637,-0.131,1.339,0.036,-0.044,-0.021,0.000,0.000,0.000,0.00,15.0,OK
1787113706.227,DIVING,0,76.00,21.61,-0.23,-0.23,1500,1500,0.00,5.361,-4.767,-25.50,1.069,0.108,9.640,-0.036,-0.040,-0.032,-9.565,-0.054,1.339,0.039,-0.020,-0.012,0.000,0.000,0.000,0.00,15.0,OK
1787113706.277,DIVING,0,76.00,21.61,-0.23,-0.23,1500,1500,0.00,5.370,-4.776,-23.48,1.069,0.108,9.640,-0.036,-0.040,-0.032,-9.511,-0.043,1.315,0.035,-0.003,-0.036,0.000,0.000,0.000,0.00,15.0,OK
1787113706.327,DIVING,0,76.00,21.61,-0.23,-0.23,1500,1500,0.00,5.370,-4.776,-23.48,1.069,0.108,9.640,-0.036,-0.040,-0.032,-9.668,-0.081,1.348,0.028,-0.004,-0.014,0.000,0.000,0.000,0.00,15.0,OK
1787113706.377,DIVING,0,77.00,21.61,-0.25,-0.23,1500,1500,0.00,5.380,-4.786,-20.97,1.236,0.020,9.689,-0.021,-0.000,-0.030,-9.446,-0.002,1.313,0.033,0.013,-0.011,0.000,0.000,0.000,0.00,15.0,OK
1787113706.427,DIVING,0,77.00,21.61,-0.25,-0.23,1500,1500,0.00,5.409,-4.805,-20.87,1.236,0.020,9.689,-0.021,-0.000,-0.030,-9.513,-0.156,1.275,0.032,0.028,-0.027,0.000,0.000,0.000,0.00,15.0,OK
1787113706.477,DIVING,0,77.00,21.61,-0.25,-0.23,1500,1500,0.00,5.446,-4.830,-20.11,1.236,0.020,9.689,-0.021,-0.000,-0.030,-9.627,-0.117,1.365,0.029,0.031,-0.017,0.000,0.000,0.000,0.00,15.0,OK
1787113706.527,DIVING,0,77.00,21.61,-0.25,-0.23,1500,1500,0.00,5.446,-4.830,-20.11,1.236,0.020,9.689,-0.021,-0.000,-0.030,-9.503,-0.125,1.275,0.032,0.042,-0.027,0.000,0.000,0.000,0.00,15.0,OK
1787113706.577,DIVING,0,77.00,21.61,-0.25,-0.23,1500,1500,0.00,5.503,-4.868,-20.81,1.236,0.020,9.689,-0.021,-0.000,-0.030,-9.611,-0.076,1.243,0.031,0.059,-0.031,0.000,0.000,0.000,0.00,15.0,OK
1787113706.627,DIVING,0,77.00,21.61,-0.28,-0.23,1500,1500,0.00,5.529,-4.883,-21.58,1.236,-0.039,9.591,-0.028,0.053,-0.023,-9.673,-0.187,1.255,0.022,0.055,-0.029,0.000,0.000,0.000,0.00,15.0,OK
1787113706.677,DIVING,0,77.00,21.61,-0.28,-0.23,1500,1500,0.00,5.570,-4.916,-19.47,1.236,-0.039,9.591,-0.028,0.053,-0.023,-9.565,-0.161,1.184,0.023,0.055,-0.026,0.000,0.000,0.000,0.00,15.0,OK
1787113706.727,DIVING,0,77.00,21.61,-0.28,-0.23,1500,1500,0.00,5.592,-4.924,-19.41,1.236,-0.039,9.591,-0.028,0.053,-0.023,-9.675,-0.211,1.181,0.023,0.051,-0.027,0.000,0.000,0.000,0.00,15.0,OK
1787113706.778,DIVING,0,77.00,21.61,-0.28,-0.23,1500,1500,0.00,5.592,-4.924,-19.41,1.236,-0.039,9.591,-0.028,0.053,-0.023,-9.582,-0.181,1.150,0.018,0.055,-0.021,0.000,0.000,0.000,0.00,15.0,OK
1787113706.827,DIVING,0,77.00,21.61,-0.28,-0.23,1500,1500,0.00,5.620,-4.940,-19.50,1.236,-0.039,9.591,-0.028,0.053,-0.023,-9.663,-0.170,1.131,0.017,0.066,-0.020,0.000,0.000,0.000,0.00,15.0,OK
1787113706.877,DIVING,0,77.00,21.61,-0.30,-0.23,1500,1500,0.00,5.616,-4.932,-19.85,1.128,-0.118,9.601,-0.020,0.066,-0.017,-9.561,-0.188,1.054,0.022,0.067,-0.023,0.000,0.000,0.000,0.00,15.0,OK
1787113706.927,DIVING,0,77.00,21.61,-0.30,-0.23,1500,1500,0.00,5.616,-4.932,-19.85,1.128,-0.118,9.601,-0.020,0.066,-0.017,-9.675,-0.180,1.045,0.021,0.075,0.004,0.000,0.000,0.000,0.00,15.0,OK
1787113706.977,DIVING,0,77.00,21.61,-0.30,-0.23,1500,1500,0.00,5.617,-4.932,-20.32,1.128,-0.118,9.601,-0.020,0.066,-0.017,-9.606,-0.193,0.963,0.028,0.079,0.001,0.000,0.000,0.000,0.00,15.0,OK
1787113707.027,DIVING,0,77.00,21.61,-0.30,-0.23,1500,1500,0.00,5.619,-4.932,-20.53,1.128,-0.118,9.601,-0.020,0.066,-0.017,-9.628,-0.177,0.961,0.021,0.081,-0.005,0.000,0.000,0.000,0.00,15.0,OK
1787113707.077,DIVING,0,77.00,21.61,-0.30,-0.23,1500,1500,0.00,5.625,-4.934,-20.80,1.128,-0.118,9.601,-0.020,0.066,-0.017,-9.620,-0.119,0.856,0.021,0.079,-0.000,0.000,0.000,0.000,0.00,15.0,OK
1787113707.127,DIVING,0,77.00,21.61,-0.35,-0.23,1500,1500,0.00,5.625,-4.934,-20.80,0.990,-0.137,9.611,0.003,0.078,-0.018,-9.659,-0.198,0.877,0.023,0.082,0.009,0.000,0.000,0.000,0.00,15.0,OK
1787113707.177,DIVING,0,77.00,21.61,-0.35,-0.23,1500,1500,0.00,5.630,-4.935,-20.83,0.990,-0.137,9.611,0.003,0.078,-0.018,-9.799,-0.169,0.824,0.028,0.077,0.006,0.000,0.000,0.000,0.00,15.0,OK
1787113707.228,DIVING,0,77.00,21.61,-0.35,-0.23,1500,1500,0.00,5.635,-4.937,-20.93,0.990,-0.137,9.611,0.003,0.078,-0.018,-9.819,-0.198,0.805,0.033,0.077,0.014,0.000,0.000,0.000,0.00,15.0,OK
1787113707.277,DIVING,0,77.00,21.61,-0.35,-0.23,1500,1500,0.00,5.640,-4.934,-23.13,0.990,-0.137,9.611,0.003,0.078,-0.018,-9.735,-0.183,0.743,0.022,0.070,-0.014,0.000,0.000,0.000,0.00,15.0,OK
1787113707.328,DIVING,0,77.00,21.61,-0.35,-0.23,1500,1500,0.00,5.640,-4.934,-23.13,0.990,-0.137,9.611,0.003,0.078,-0.018,-9.659,-0.189,0.709,0.019,0.068,0.009,0.000,0.000,0.000,0.00,15.0,OK
1787113707.377,DIVING,0,77.00,21.61,-0.37,-0.23,1500,1500,0.00,5.622,-4.932,-25.21,0.804,-0.167,9.640,0.007,0.068,-0.016,-9.682,-0.129,0.712,0.020,0.062,0.005,0.000,0.000,0.000,0.00,15.0,OK
1787113707.427,DIVING,0,77.00,21.61,-0.37,-0.23,1500,1500,0.00,5.621,-4.922,-26.50,0.804,-0.167,9.640,0.007,0.068,-0.016,-9.663,-0.182,0.671,0.016,0.062,0.006,0.000,0.000,0.000,0.00,15.0,OK
1787113707.477,DIVING,0,77.00,21.61,-0.37,-0.23,1500,1500,0.00,5.621,-4.922,-26.50,0.804,-0.167,9.640,0.007,0.068,-0.016,-9.761,-0.257,0.597,0.023,0.058,-0.003,0.000,0.000,0.000,0.00,15.0,OK
1787113707.527,DIVING,0,77.00,21.61,-0.37,-0.23,1500,1500,0.00,5.615,-4.908,-25.47,0.804,-0.167,9.640,0.007,0.068,-0.016,-9.790,-0.207,0.578,0.021,0.055,-0.006,0.000,0.000,0.000,0.00,15.0,OK
1787113707.577,DIVING,0,77.00,21.61,-0.37,-0.23,1500,1500,0.00,5.615,-4.908,-25.47,0.804,-0.167,9.640,0.007,0.068,-0.016,-9.656,-0.160,0.590,0.027,0.053,-0.000,0.000,0.000,0.000,0.00,15.0,OK
1787113707.627,DIVING,0,77.00,21.61,-0.42,-0.23,1500,1500,0.00,5.622,-4.908,-23.94,0.598,-0.108,9.699,0.000,0.049,-0.024,-9.737,-0.266,0.532,0.030,0.045,-0.009,0.000,0.000,0.000,0.00,15.0,OK
1787113707.677,DIVING,0,77.00,21.61,-0.42,-0.23,1500,1500,0.00,5.630,-4.910,-22.97,0.598,-0.108,9.699,0.000,0.049,-0.024,-9.754,-0.221,0.472,0.029,0.047,-0.015,0.000,0.000,0.000,0.00,15.0,OK
1787113707.727,DIVING,0,77.00,21.61,-0.42,-0.23,1500,1500,0.00,5.630,-4.910,-22.97,0.598,-0.108,9.699,0.000,0.049,-0.024,-9.692,-0.173,0.551,0.036,0.051,0.003,0.000,0.000,0.000,0.00,15.0,OK
1787113707.777,DIVING,0,77.00,21.61,-0.42,-0.23,1500,1500,0.00,5.619,-4.906,-25.22,0.598,-0.108,9.699,0.000,0.049,-0.024,-9.711,-0.256,0.463,0.039,0.040,0.002,0.000,0.000,0.000,0.00,15.0,OK
1787113707.827,DIVING,0,77.00,21.61,-0.42,-0.23,1500,1500,0.00,5.628,-4.911,-25.24,0.598,-0.108,9.699,0.000,0.049,-0.024,-9.792,-0.124,0.532,0.044,0.037,0.001,0.000,0.000,0.000,0.00,15.0,OK
1787113707.877,DIVING,0,78.00,21.61,-0.47,-0.23,1500,1500,0.00,5.628,-4.911,-25.24,0.471,-0.118,9.669,-0.008,0.036,-0.038,-9.797,-0.241,0.432,0.039,0.036,-0.017,0.000,0.000,0.000,0.00,15.0,OK
1787113707.927,DIVING,0,78.00,21.61,-0.47,-0.23,1500,1500,0.00,5.639,-4.919,-24.98,0.471,-0.118,9.669,-0.008,0.036,-0.038,-9.711,-0.235,0.513,0.043,0.033,-0.009,0.000,0.000,0.000,0.00,15.0,OK
1787113707.977,DIVING,0,78.00,21.61,-0.47,-0.23,1500,1500,0.00,5.639,-4.919,-24.98,0.471,-0.118,9.669,-0.008,0.036,-0.038,-9.728,-0.187,0.451,0.046,0.034,-0.018,0.000,0.000,0.000,0.00,15.0,OK
1787113708.027,DIVING,0,78.00,21.61,-0.47,-0.23,1500,1500,0.00,5.649,-4.926,-23.46,0.471,-0.118,9.669,-0.008,0.036,-0.038,-9.747,-0.192,0.436,0.044,0.025,-0.018,0.000,0.000,0.000,0.00,15.0,OK
1787113708.078,DIVING,0,78.00,21.61,-0.47,-0.23,1500,1500,0.00,5.669,-4.937,-25.15,0.471,-0.118,9.669,-0.008,0.036,-0.038,-9.735,-0.178,0.398,0.048,0.022,-0.021,0.000,0.000,0.000,0.00,15.0,OK
1787113708.127,DIVING,0,39.00,21.61,-0.54,-0.23,1500,1500,0.00,5.669,-4.937,-25.15,0.333,-0.078,9.709,-0.014,0.016,-0.045,-9.623,-0.270,0.403,0.052,0.025,-0.014,0.000,0.000,0.000,0.00,15.0,OK
1787113708.178,DIVING,0,39.00,21.61,-0.54,-0.23,1500,1500,0.00,5.679,-4.945,-25.67,0.333,-0.078,9.709,-0.014,0.016,-0.045,-9.785,-0.686,0.549,0.080,0.012,-0.004,0.000,0.000,0.000,0.00,15.0,OK
1787113708.227,DIVING,0,39.00,21.61,-0.54,-0.23,1500,1500,0.00,5.686,-4.951,-26.84,0.333,-0.078,9.709,-0.014,0.016,-0.045,-9.725,-0.869,0.377,0.161,0.011,-0.041,0.000,0.000,0.000,0.00,15.0,OK
1787113708.277,DIVING,0,39.00,21.61,-0.54,-0.23,1500,1500,0.00,5.689,-4.951,-30.42,0.333,-0.078,9.709,-0.014,0.016,-0.045,-9.771,-0.621,0.489,0.229,0.009,-0.029,0.000,0.000,0.000,0.00,15.0,OK
1787113708.328,DIVING,0,39.00,21.61,-0.54,-0.23,1500,1500,0.00,5.694,-4.960,-29.97,0.333,-0.078,9.709,-0.014,0.016,-0.045,-9.747,-0.597,0.432,0.297,0.006,-0.040,0.000,0.000,0.000,0.00,15.0,OK
1787113708.377,DIVING,0,42.00,21.61,-0.59,-0.23,1500,1500,0.00,5.694,-4.960,-29.97,0.304,-0.127,9.728,-0.021,-0.002,-0.322,-9.799,-0.717,0.570,0.357,-0.001,-0.037,0.000,0.000,0.000,0.00,15.0,OK
1787113708.427,DIVING,0,42.00,21.61,-0.59,-0.23,1500,1500,0.00,5.697,-4.966,-30.85,0.304,-0.127,9.728,-0.021,-0.002,-0.322,-9.766,-0.640,0.467,0.416,-0.002,-0.039,0.000,0.000,0.000,0.00,15.0,OK
1787113708.477,DIVING,0,42.00,21.61,-0.59,-0.23,1500,1500,0.00,5.697,-4.973,-32.86,0.304,-0.127,9.728,-0.021,-0.002,-0.322,-9.697,-0.589,0.544,0.459,-0.001,-0.017,0.000,0.000,0.000,0.00,15.0,OK
1787113708.527,DIVING,0,42.00,21.61,-0.59,-0.23,1500,1500,0.00,5.695,-4.983,-33.66,0.304,-0.127,9.728,-0.021,-0.002,-0.322,-9.771,-0.504,0.523,0.501,0.008,-0.014,0.000,0.000,0.000,0.00,15.0,OK
1787113708.578,DIVING,0,42.00,21.61,-0.59,-0.23,1500,1500,0.00,5.695,-4.983,-33.66,0.304,-0.127,9.728,-0.021,-0.002,-0.322,-9.759,-0.453,0.369,0.530,-0.006,0.004,0.000,0.000,0.000,0.00,15.0,OK
1787113708.627,DIVING,0,46.00,21.61,-0.68,-0.23,1500,1500,0.00,5.690,-4.989,-36.01,0.373,-0.186,9.787,0.024,-0.004,-0.553,-9.656,-0.380,0.341,0.560,0.005,0.015,0.000,0.000,0.000,0.00,15.0,OK
1787113708.677,DIVING,0,46.00,21.61,-0.68,-0.23,1500,1500,0.00,5.680,-4.983,-42.05,0.373,-0.186,9.787,0.024,-0.004,-0.553,-9.842,-0.323,0.400,0.576,0.010,-0.001,0.000,0.000,0.000,0.00,15.0,OK
1787113708.727,DIVING,0,46.00,21.61,-0.68,-0.23,1500,1500,0.00,5.680,-4.983,-42.05,0.373,-0.186,9.787,0.024,-0.004,-0.553,-9.618,-0.310,0.413,0.594,0.014,-0.023,0.000,0.000,0.000,0.00,15.0,OK
1787113708.777,DIVING,0,46.00,21.61,-0.68,-0.23,1500,1500,0.00,5.673,-4.999,-39.00,0.373,-0.186,9.787,0.024,-0.004,-0.553,-9.804,-0.152,0.357,0.580,0.020,-0.031,0.000,0.000,0.000,0.00,15.0,OK
1787113708.827,DIVING,0,46.00,21.61,-0.68,-0.23,1500,1500,0.00,5.675,-5.017,-37.57,0.373,-0.186,9.787,0.024,-0.004,-0.553,-9.706,-0.240,0.348,0.583,0.015,-0.033,0.000,0.000,0.000,0.00,15.0,OK
1787113708.877,DIVING,0,50.00,21.61,-0.74,-0.23,1500,1500,0.00,5.675,-5.017,-37.57,0.422,-0.177,9.738,-0.005,0.003,-0.575,-9.857,-0.122,0.379,0.551,0.006,-0.005,0.000,0.000,0.000,0.00,15.0,OK
1787113708.927,DIVING,0,50.00,21.61,-0.74,-0.23,1500,1500,0.00,5.676,-5.029,-42.76,0.422,-0.177,9.738,-0.005,0.003,-0.575,-9.757,0.061,0.305,0.516,-0.002,-0.020,0.000,0.000,0.000,0.00,15.0,OK
1787113708.977,DIVING,0,50.00,21.61,-0.74,-0.23,1500,1500,0.00,5.677,-5.048,-47.70,0.422,-0.177,9.738,-0.005,0.003,-0.575,-9.852,0.289,0.319,0.463,0.001,-0.021,0.000,0.000,0.000,0.00,15.0,OK
1787113709.027,DIVING,0,50.00,21.61,-0.74,-0.23,1500,1500,0.00,5.676,-5.072,-48.19,0.422,-0.177,9.738,-0.005,0.003,-0.575,-9.773,0.566,0.293,0.372,-0.001,-0.002,0.000,0.000,0.000,0.00,15.0,OK
1787113709.077,DIVING,0,50.00,21.61,-0.74,-0.23,1500,1500,0.00,5.678,-5.086,-48.97,0.422,-0.177,9.738,-0.005,0.003,-0.575,-9.728,0.380,0.470,0.272,0.005,0.001,0.000,0.000,0.000,0.00,15.0,OK
1787113709.127,DIVING,0,88.00,21.61,-0.83,-0.23,1500,1500,0.00,5.676,-5.111,-46.16,0.333,-0.177,9.748,0.002,0.000,-0.247,-9.749,0.324,0.326,0.212,0.001,-0.003,0.000,0.000,0.000,0.00,15.2,OK
1787113709.178,DIVING,0,88.00,21.61,-0.83,-0.23,1500,1500,0.00,5.676,-5.111,-46.16,0.333,-0.177,9.748,0.002,0.000,-0.247,-9.702,0.227,0.432,0.144,-0.003,0.009,0.000,0.000,0.000,0.00,15.2,OK
1787113709.227,DIVING,0,88.00,21.61,-0.83,-0.23,1500,1500,0.00,5.680,-5.135,-44.10,0.333,-0.177,9.748,0.002,0.000,-0.247,-9.826,0.256,0.448,0.090,0.003,-0.004,0.000,0.000,0.000,0.00,15.2,OK
1787113709.277,DIVING,0,88.00,21.61,-0.83,-0.23,1500,1500,0.00,5.688,-5.144,-52.97,0.333,-0.177,9.748,0.002,0.000,-0.247,-9.971,0.046,0.457,0.053,-0.005,0.010,0.000,0.000,0.000,0.00,15.2,OK
1787113709.327,DIVING,0,88.00,21.61,-0.83,-0.23,1500,1500,0.00,5.691,-5.155,-50.21,0.333,-0.177,9.748,0.002,0.000,-0.247,-9.802,0.156,0.458,0.026,-0.007,-0.006,0.000,0.000,0.000,0.00,15.2,OK
1787113709.377,DIVING,0,92.00,21.61,-0.90,-0.23,1500,1500,0.00,5.691,-5.155,-50.21,0.373,-0.039,9.679,-0.000,-0.011,-0.009,-9.864,0.002,0.537,-0.003,-0.009,-0.017,0.000,0.000,0.000,0.00,15.2,OK
1787113709.427,DIVING,0,92.00,21.61,-0.90,-0.23,1500,1500,0.00,5.697,-5.158,-50.61,0.373,-0.039,9.679,-0.000,-0.011,-0.009,-9.747,-0.013,0.458,-0.018,-0.013,-0.009,0.000,0.000,0.000,0.00,15.2,OK
1787113709.477,DIVING,0,92.00,21.61,-0.90,-0.23,1500,1500,0.00,5.662,-5.124,-47.82,0.373,-0.039,9.679,-0.000,-0.011,-0.009,-9.725,-0.051,0.537,-0.027,-0.021,0.003,0.000,0.000,0.000,0.00,15.2,OK
1787113709.527,DIVING,0,92.00,21.61,-0.90,-0.23,1500,1500,0.00,5.662,-5.124,-47.82,0.373,-0.039,9.679,-0.000,-0.011,-0.009,-9.811,0.003,0.486,-0.043,-0.020,-0.017,0.000,0.000,0.000,0.00,15.2,OK
1787113709.577,DIVING,0,92.00,21.61,-0.90,-0.23,1500,1500,0.00,5.654,-5.121,-46.11,0.373,-0.039,9.679,-0.000,-0.011,-0.009,-9.833,0.022,0.513,-0.044,-0.025,-0.001,0.000,0.000,0.000,0.00,15.2,OK
1787113709.627,DIVING,0,93.00,21.61,-0.99,-0.23,1500,1500,0.00,5.649,-5.125,-43.89,0.441,-0.088,9.718,-0.017,-0.019,0.061,-9.845,-0.096,0.544,-0.064,-0.016,-0.024,0.000,0.000,0.000,0.00,15.2,OK
1787113709.677,DIVING,0,93.00,21.61,-0.99,-0.23,1500,1500,0.00,5.650,-5.126,-46.75,0.441,-0.088,9.718,-0.017,-0.019,0.061,-9.895,-0.096,0.529,-0.065,-0.024,0.005,0.000,0.000,0.000,0.00,15.2,OK
1787113709.727,DIVING,0,93.00,21.61,-0.99,-0.23,1500,1500,0.00,5.656,-5.127,-47.84,0.441,-0.088,9.718,-0.017,-0.019,0.061,-9.916,-0.096,0.558,-0.075,-0.021,0.009,0.000,0.000,0.000,0.00,15.2,OK
1787113709.777,DIVING,0,93.00,21.61,-0.99,-0.23,1500,1500,0.00,5.656,-5.127,-47.84,0.441,-0.088,9.718,-0.017,-0.019,0.061,-9.935,-0.068,0.544,-0.083,-0.022,0.007,0.000,0.000,0.000,0.00,15.2,OK
1787113709.827,DIVING,0,93.00,21.61,-0.99,-0.23,1500,1500,0.00,5.664,-5.130,-48.87,0.441,-0.088,9.718,-0.017,-0.019,0.061,-9.859,-0.120,0.604,-0.084,-0.031,0.012,0.000,0.000,0.000,0.00,15.2,OK
1787113709.877,DIVING,0,93.00,21.61,-1.08,-0.23,1500,1500,0.00,5.676,-5.138,-48.28,0.461,-0.049,9.826,0.017,-0.026,0.100,-9.823,-0.071,0.644,-0.095,-0.032,0.015,0.000,0.000,0.000,0.00,15.2,OK
1787113709.927,ROTATING,0,93.00,21.61,-1.08,-0.23,1500,1500,0.00,5.686,-5.142,-48.74,0.461,-0.049,9.826,0.017,-0.026,0.100,-9.804,-0.074,0.585,-0.101,-0.028,0.010,0.000,0.000,0.000,0.00,15.2,OK
1787113709.977,ROTATING,0,93.00,21.61,-1.08,-0.23,1500,1700,0.00,5.686,-5.142,-48.74,0.461,-0.049,9.826,0.017,-0.026,0.100,-9.773,-0.212,0.695,-0.106,-0.030,0.015,0.000,0.000,0.000,0.00,15.2,OK
1787113710.027,ROTATING,0,93.00,21.61,-1.08,-0.23,1500,1700,0.00,5.691,-5.146,-47.79,0.461,-0.049,9.826,0.017,-0.026,0.100,-9.962,-0.131,0.644,-0.084,-0.026,0.002,0.000,0.000,0.000,0.00,15.2,OK
1787113710.077,ROTATING,0,93.00,21.61,-1.08,-0.23,1500,1700,0.00,5.698,-5.149,-47.22,0.461,-0.049,9.826,0.017,-0.026,0.100,-10.057,-0.232,0.658,-0.069,-0.027,0.002,0.000,0.000,0.000,0.00,15.2,OK
1787113710.127,ROTATING,0,92.00,21.61,-1.16,-0.23,1500,1700,0.00,5.704,-5.153,-47.11,0.441,-0.029,9.826,0.011,-0.025,0.064,-10.093,-0.190,0.744,-0.045,-0.028,0.005,0.000,0.000,0.000,0.00,15.2,OK
1787113710.178,ROTATING,0,92.00,21.61,-1.16,-0.23,1500,1700,0.00,5.704,-5.153,-47.11,0.441,-0.029,9.826,0.011,-0.025,0.064,-10.074,-0.242,0.771,-0.027,-0.029,0.001,0.000,0.000,0.000,0.00,14.3,OK
1787113710.227,ROTATING,0,92.00,21.61,-1.16,-0.23,1500,1700,0.00,5.709,-5.155,-47.26,0.441,-0.029,9.826,0.011,-0.025,0.064,-9.907,-0.369,0.783,0.005,-0.024,0.008,0.000,0.000,0.000,0.00,14.3,OK
1787113710.277,ROTATING,0,92.00,21.61,-1.16,-0.23,1500,1700,0.00,5.717,-5.158,-48.77,0.441,-0.029,9.826,0.011,-0.025,0.064,-9.943,-0.446,0.792,0.035,-0.025,0.002,0.000,0.000,0.000,0.00,14.3,OK
1787113710.327,ROTATING,0,92.00,21.61,-1.16,-0.23,1500,1700,0.00,5.717,-5.158,-48.77,0.441,-0.029,9.826,0.011,-0.025,0.064,-9.962,-0.451,0.852,0.095,-0.016,0.017,0.000,0.000,0.000,0.00,14.3,OK
1787113710.377,ROTATING,0,93.00,21.61,-1.24,-0.23,1500,1700,0.00,5.721,-5.159,-48.90,0.608,-0.029,9.993,0.028,-0.014,-0.127,-9.912,-0.709,0.769,0.161,-0.004,0.023,0.000,0.000,0.000,0.00,14.3,OK
1787113710.427,ROTATING,0,93.00,21.61,-1.24,-0.23,1500,1700,0.00,5.721,-5.161,-48.21,0.608,-0.029,9.993,0.028,-0.014,-0.127,-9.885,-1.400,0.802,0.333,0.000,0.018,0.000,0.000,0.000,0.00,14.3,OK
1787113710.477,ROTATING,0,93.00,21.61,-1.24,-0.23,1500,1700,0.00,5.723,-5.166,-47.71,0.608,-0.029,9.993,0.028,-0.014,-0.127,-9.957,-0.709,0.785,0.446,0.004,0.012,0.000,0.000,0.000,0.00,14.3,OK
1787113710.527,ROTATING,0,93.00,21.61,-1.24,-0.23,1500,1700,0.00,5.733,-5.179,-49.45,0.608,-0.029,9.993,0.028,-0.014,-0.127,-10.038,-0.591,0.763,0.526,0.003,0.028,0.000,0.000,0.000,0.00,14.3,OK
1787113710.577,ROTATING,0,93.00,21.61,-1.24,-0.23,1500,1700,0.00,5.733,-5.179,-49.45,0.608,-0.029,9.993,0.028,-0.014,-0.127,-9.931,-0.412,0.589,0.587,0.002,0.009,0.000,0.000,0.000,0.00,14.3,OK
1787113710.627,ROTATING,0,99.00,21.61,-1.29,-0.23,1500,1700,0.00,5.737,-5.188,-52.23,0.628,0.059,9.944,0.011,-0.011,-0.624,-9.919,-0.345,0.596,0.644,-0.001,-0.019,0.000,0.000,0.000,0.00,14.3,OK
1787113710.677,ROTATING,0,99.00,21.61,-1.29,-0.23,1500,1700,0.00,5.736,-5.189,-52.93,0.628,0.059,9.944,0.011,-0.011,-0.624,-9.993,-0.186,0.677,0.676,-0.002,-0.028,0.000,0.000,0.000,0.00,14.3,OK
1787113710.727,ROTATING,0,99.00,21.61,-1.29,-0.23,1500,1700,0.00,5.736,-5.189,-52.93,0.628,0.059,9.944,0.011,-0.011,-0.624,-9.983,-0.095,0.697,0.699,-0.000,-0.058,0.000,0.000,0.000,0.00,14.3,OK
1787113710.777,ROTATING,0,99.00,21.61,-1.29,-0.23,1500,1700,0.00,5.720,-5.207,-49.32,0.628,0.059,9.944,0.011,-0.011,-0.624,-9.907,-0.352,0.603,0.732,0.003,-0.053,0.000,0.000,0.000,0.00,14.3,OK
1787113710.827,ROTATING,0,99.00,21.61,-1.29,-0.23,1500,1700,0.00,5.719,-5.220,-52.21,0.628,0.059,9.944,0.011,-0.011,-0.624,-9.947,-0.164,0.536,0.756,0.009,-0.088,0.000,0.000,0.000,0.00,14.3,OK
1787113710.877,ROTATING,0,110.00,21.61,-1.32,-0.23,1500,1700,0.00,5.689,-5.242,-46.13,0.735,0.029,9.944,-0.060,0.004,-0.781,-9.986,-0.195,0.496,0.778,0.020,-0.091,0.000,0.000,0.000,0.00,14.3,OK
1787113710.927,ROTATING,0,110.00,21.61,-1.32,-0.23,1500,1700,0.00,5.689,-5.242,-46.13,0.735,0.029,9.944,-0.060,0.004,-0.781,-9.971,-0.097,0.627,0.797,0.028,-0.096,0.000,0.000,0.000,0.00,14.3,OK
1787113710.977,ROTATING,0,110.00,21.61,-1.32,-0.23,1500,1700,0.00,5.682,-5.243,-49.12,0.735,0.029,9.944,-0.060,0.004,-0.781,-9.995,-0.210,0.546,0.815,0.035,-0.099,0.000,0.000,0.000,0.00,14.3,OK
1787113711.027,ROTATING,0,110.00,21.61,-1.32,-0.23,1500,1700,0.00,5.659,-5.267,-52.26,0.735,0.029,9.944,-0.060,0.004,-0.781,-9.904,-0.202,0.573,0.829,0.044,-0.112,0.000,0.000,0.000,0.00,14.3,OK
1787113711.077,ROTATING,0,110.00,21.61,-1.32,-0.23,1500,1700,0.00,5.658,-5.264,-56.55,0.735,0.029,9.944,-0.060,0.004,-0.781,-9.854,-0.249,0.295,0.842,0.051,-0.097,0.000,0.000,0.000,0.00,14.3,OK
1787113711.127,ROTATING,0,124.00,21.61,-1.35,-0.23,1500,1700,0.00,5.658,-5.264,-56.55,0.735,0.088,9.973,-0.084,0.045,-0.866,-9.990,-0.188,0.321,0.853,0.057,-0.106,0.000,0.000,0.000,0.00,14.3,OK
1787113711.177,ROTATING,0,124.00,21.61,-1.35,-0.23,1500,1700,0.00,5.634,-5.287,-62.46,0.735,0.088,9.973,-0.084,0.045,-0.866,-10.052,-0.215,0.426,0.863,0.060,-0.097,0.000,0.000,0.000,0.00,14.3,OK
1787113711.227,ROTATING,0,124.00,21.61,-1.35,-0.23,1500,1700,0.00,5.642,-5.299,-67.27,0.735,0.088,9.973,-0.084,0.045,-0.866,-9.890,-0.168,0.505,0.865,0.074,-0.093,0.000,0.000,0.000,0.00,15.3,OK
1787113711.277,ROTATING,0,124.00,21.61,-1.35,-0.23,1500,1700,0.00,5.617,-5.315,-75.32,0.735,0.088,9.973,-0.084,0.045,-0.866,-9.895,-0.340,0.233,0.880,0.080,-0.096,0.000,0.000,0.000,0.00,15.3,OK
1787113711.327,ROTATING,0,124.00,21.61,-1.35,-0.23,1500,1700,0.00,5.617,-5.315,-75.32,0.735,0.088,9.973,-0.084,0.045,-0.866,-10.043,-0.304,0.318,0.894,0.076,-0.082,0.000,0.000,0.000,0.00,15.3,OK
1787113711.377,ROTATING,0,141.00,21.61,-1.36,-0.23,1500,1700,0.00,5.618,-5.317,-81.15,0.647,0.000,9.993,-0.061,0.070,-0.915,-10.038,-0.375,0.244,0.904,0.078,-0.062,0.000,0.000,0.000,0.00,15.3,OK
1787113711.427,ROTATING,0,141.00,21.61,-1.36,-0.23,1500,1700,0.00,5.582,-5.326,-76.54,0.647,0.000,9.993,-0.061,0.070,-0.915,-9.902,-0.257,0.278,0.912,0.077,-0.059,0.000,0.000,0.000,0.00,15.3,OK
1787113711.477,ROTATING,0,141.00,21.61,-1.36,-0.23,1500,1700,0.00,5.569,-5.327,-79.31,0.647,0.000,9.993,-0.061,0.070,-0.915,-9.854,-0.416,0.017,0.918,0.079,-0.019,0.000,0.000,0.000,0.00,15.3,OK
1787113711.527,ROTATING,0,141.00,21.61,-1.36,-0.23,1500,1700,0.00,5.487,-5.278,-51.97,0.647,0.000,9.993,-0.061,0.070,-0.915,-10.052,-0.048,0.148,0.928,0.076,-0.021,0.000,0.000,0.000,0.00,15.3,OK
1787113711.577,ROTATING,0,141.00,21.61,-1.36,-0.23,1500,1700,0.00,5.487,-5.278,-51.97,0.647,0.000,9.993,-0.061,0.070,-0.915,-9.723,-0.247,0.192,0.928,0.085,-0.042,0.000,0.000,0.000,0.00,15.3,OK
1787113711.627,ROTATING,0,160.00,21.61,-1.37,-0.23,1500,1700,0.00,5.449,-5.283,-56.35,0.333,-0.226,9.924,-0.017,0.074,-0.946,-9.756,-0.130,-0.105,0.925,0.097,-0.067,0.000,0.000,0.000,0.00,15.3,OK
1787113711.677,ROTATING,0,160.00,21.61,-1.37,-0.23,1500,1700,0.00,5.416,-5.295,-59.14,0.333,-0.226,9.924,-0.017,0.074,-0.946,-9.847,-0.210,-0.033,0.929,0.104,-0.051,0.000,0.000,0.000,0.00,15.3,OK
1787113711.727,ROTATING,0,160.00,21.61,-1.37,-0.23,1500,1700,0.00,5.416,-5.295,-59.14,0.333,-0.226,9.924,-0.017,0.074,-0.946,-9.916,-0.077,-0.012,0.931,0.109,-0.062,0.000,0.000,0.000,0.00,15.3,OK
1787113711.777,ROTATING,0,160.00,21.61,-1.37,-0.23,1500,1700,0.00,5.422,-5.300,-59.20,0.333,-0.226,9.924,-0.017,0.074,-0.946,-9.771,-0.257,-0.150,0.935,0.128,-0.063,0.000,0.000,0.000,0.00,15.3,OK
1787113711.827,ROTATING,0,160.00,21.61,-1.37,-0.23,1500,1700,0.00,5.410,-5.268,-72.93,0.333,-0.226,9.924,-0.017,0.074,-0.946,-9.947,-0.255,-0.270,0.932,0.129,-0.055,0.000,0.000,0.000,0.00,15.3,OK
1787113711.877,ROTATING,0,179.00,21.61,-1.38,-0.23,1500,1700,0.00,5.411,-5.268,-75.52,0.294,0.000,9.924,-0.023,0.118,-0.952,-9.880,-0.108,-0.205,0.933,0.129,-0.018,0.000,0.000,0.000,0.00,15.3,OK
1787113711.927,ROTATING,0,179.00,21.61,-1.38,-0.23,1500,1700,0.00,5.389,-5.248,-82.37,0.294,0.000,9.924,-0.023,0.118,-0.952,-9.909,-0.132,-0.270,0.941,0.136,-0.051,0.000,0.000,0.000,0.00,15.3,OK
1787113711.977,ROTATING,0,179.00,21.61,-1.38,-0.23,1500,1700,0.00,5.389,-5.248,-82.37,0.294,0.000,9.924,-0.023,0.118,-0.952,-9.737,-0.336,-0.482,0.938,0.145,-0.036,0.000,0.000,0.000,0.00,15.3,OK
1787113712.028,ROTATING,0,179.00,21.61,-1.38,-0.23,1500,1700,0.00,5.390,-5.241,-83.32,0.294,0.000,9.924,-0.023,0.118,-0.952,-10.055,-0.247,-0.443,0.934,0.136,-0.011,0.000,0.000,0.000,0.00,15.3,OK
1787113712.077,ROTATING,0,179.00,21.61,-1.38,-0.23,1500,1700,0.00,5.346,-5.243,-85.83,0.294,0.000,9.924,-0.023,0.118,-0.952,-9.785,-0.195,-0.356,0.937,0.133,-0.025,0.000,0.000,0.000,0.00,15.3,OK
1787113712.127,ROTATING,0,197.00,21.61,-1.36,-0.23,1500,1700,0.00,5.355,-5.242,-84.29,0.020,-0.186,9.807,0.011,0.127,-0.954,-9.859,-0.340,-0.629,0.931,0.141,0.000,0.000,0.000,0.000,0.00,15.3,OK
1787113712.177,ROTATING,0,197.00,21.61,-1.36,-0.23,1500,1700,0.00,5.355,-5.242,-84.29,0.020,-0.186,9.807,0.011,0.127,-0.954,-9.809,-0.339,-0.531,0.924,0.153,0.025,0.000,0.000,0.000,0.00,15.3,OK
1787113712.227,ROTATING,0,197.00,21.61,-1.36,-0.23,1500,1700,0.00,5.302,-5.254,-82.71,0.020,-0.186,9.807,0.011,0.127,-0.954,-9.818,-0.299,-0.578,0.923,0.150,0.053,0.000,0.000,0.000,0.00,15.0,OK
1787113712.277,ROTATING,0,197.00,21.61,-1.36,-0.23,1500,1700,0.00,5.312,-5.253,-78.63,0.020,-0.186,9.807,0.011,0.127,-0.954,-9.673,-0.112,-0.796,0.927,0.159,0.040,0.000,0.000,0.000,0.00,15.0,OK
1787113712.327,ROTATING,0,197.00,21.61,-1.36,-0.23,1500,1700,0.00,5.312,-5.253,-78.63,0.020,-0.186,9.807,0.011,0.127,-0.954,-9.773,-0.418,-0.906,0.933,0.155,0.048,0.000,0.000,0.000,0.00,15.0,OK
1787113712.377,ROTATING,0,214.00,21.61,-1.33,-0.23,1500,1700,0.00,5.273,-5.220,-77.45,-0.206,-0.167,9.738,0.058,0.141,-0.949,-9.840,-0.074,-0.890,0.933,0.150,0.049,0.000,0.000,0.000,0.00,15.0,OK
1787113712.427,ROTATING,0,214.00,21.61,-1.33,-0.23,1500,1300,0.00,5.239,-5.206,-73.00,-0.206,-0.167,9.738,0.058,0.141,-0.949,-9.668,-0.108,-0.982,0.924,0.151,0.055,0.000,0.000,0.000,0.00,15.0,OK
1787113712.477,ROTATING,0,214.00,21.61,-1.33,-0.23,1500,1300,0.00,5.248,-5.204,-68.38,-0.206,-0.167,9.738,0.058,0.141,-0.949,-9.725,0.384,-1.136,0.873,0.145,0.051,0.000,0.000,0.000,0.00,15.0,OK
1787113712.527,ROTATING,0,214.00,21.61,-1.33,-0.23,1500,1300,0.00,5.248,-5.204,-68.38,-0.206,-0.167,9.738,0.058,0.141,-0.949,-9.756,0.858,-1.256,0.744,0.127,0.040,0.000,0.000,0.000,0.00,15.0,OK
1787113712.577,ROTATING,0,214.00,21.61,-1.33,-0.23,1500,1300,0.00,5.218,-5.208,-77.08,-0.206,-0.167,9.738,0.058,0.141,-0.949,-9.921,0.815,-1.186,0.580,0.099,0.036,0.000,0.000,0.000,0.00,15.0,OK
1787113712.627,ROTATING,0,228.00,21.61,-1.33,-0.23,1500,1300,0.00,5.217,-5.197,-96.34,-0.686,-0.177,9.748,0.053,0.076,-0.527,-9.845,0.471,-1.105,0.471,0.073,0.025,0.000,0.000,0.000,0.00,15.0,OK
1787113712.677,ROTATING,0,228.00,21.61,-1.33,-0.23,1500,1300,0.00,5.262,-5.214,-82.09,-0.686,-0.177,9.748,0.053,0.076,-0.527,-9.869,0.373,-1.069,0.396,0.049,0.033,0.000,0.000,0.000,0.00,15.0,OK
1787113712.727,ROTATING,0,228.00,21.61,-1.33,-0.23,1500,1300,0.00,5.216,-5.195,-72.57,-0.686,-0.177,9.748,0.053,0.076,-0.527,-9.809,0.254,-1.088,0.329,0.029,0.038,0.000,0.000,0.000,0.00,15.0,OK
1787113712.777,ROTATING,0,228.00,21.61,-1.33,-0.23,1500,1300,0.00,5.216,-5.195,-72.57,-0.686,-0.177,9.748,0.053,0.076,-0.527,-9.792,0.195,-1.064,0.285,0.007,0.031,0.000,0.000,0.000,0.00,15.0,OK
1787113712.827,ROTATING,0,228.00,21.61,-1.33,-0.23,1500,1300,0.00,5.210,-5.188,-72.12,-0.686,-0.177,9.748,0.053,0.076,-0.527,-9.830,0.175,-1.141,0.238,-0.009,0.026,0.000,0.000,0.000,0.00,15.0,OK
1787113712.877,ROTATING,0,236.00,21.61,-1.33,-0.23,1500,1300,0.00,5.210,-5.190,-74.31,-1.030,-0.098,9.669,0.035,-0.020,-0.206,-9.843,0.215,-1.124,0.182,-0.029,0.032,0.000,0.000,0.000,0.00,15.0,OK
1787113712.927,ROTATING,0,236.00,21.61,-1.33,-0.23,1500,1300,0.00,5.210,-5.190,-74.31,-1.030,-0.098,9.669,0.035,-0.020,-0.206,-9.761,0.384,-0.968,0.118,-0.044,0.014,0.000,0.000,0.000,0.00,15.0,OK
1787113712.977,ROTATING,0,236.00,21.61,-1.33,-0.23,1500,1300,0.00,5.198,-5.186,-72.40,-1.030,-0.098,9.669,0.035,-0.020,-0.206,-9.807,0.345,-0.925,0.046,-0.066,0.026,0.000,0.000,0.000,0.00,15.0,OK
1787113713.027,ROTATING,0,236.00,21.61,-1.33,-0.23,1500,1300,0.00,5.196,-5.180,-70.31,-1.030,-0.098,9.669,0.035,-0.020,-0.206,-9.740,0.884,-0.791,-0.054,-0.084,-0.004,0.000,0.000,0.000,0.00,15.0,OK
1787113713.077,ROTATING,0,236.00,21.61,-1.33,-0.23,1500,1300,0.00,5.194,-5.179,-69.30,-1.030,-0.098,9.669,0.035,-0.020,-0.206,-9.742,0.575,-0.712,-0.162,-0.092,0.011,0.000,0.000,0.000,0.00,15.0,OK
1787113713.127,ROTATING,0,238.00,21.61,-1.33,-0.23,1500,1300,0.00,5.194,-5.179,-69.30,-1.187,-0.137,9.640,-0.004,-0.098,0.224,-9.737,0.475,-0.734,-0.256,-0.107,-0.009,0.000,0.000,0.000,0.00,15.0,OK
1787113713.178,ROTATING,0,238.00,21.61,-1.33,-0.23,1500,1300,0.00,5.197,-5.184,-68.20,-1.187,-0.137,9.640,-0.004,-0.098,0.224,-9.835,0.357,-0.712,-0.335,-0.118,-0.016,0.000,0.000,0.000,0.00,15.0,OK
1787113713.227,ROTATING,0,238.00,21.61,-1.33,-0.23,1500,1300,0.00,5.201,-5.189,-72.51,-1.187,-0.137,9.640,-0.004,-0.098,0.224,-9.761,0.365,-0.698,-0.392,-0.122,-0.013,0.000,0.000,0.000,0.00,15.0,OK
1787113713.277,ROTATING,0,238.00,21.61,-1.33,-0.23,1500,1300,0.00,5.212,-5.190,-76.87,-1.187,-0.137,9.640,-0.004,-0.098,0.224,-9.768,0.236,-0.598,-0.441,-0.133,-0.011,0.000,0.000,0.000,0.00,15.2,OK
1787113713.327,ROTATING,0,238.00,21.61,-1.33,-0.23,1500,1300,0.00,5.212,-5.190,-76.87,-1.187,-0.137,9.640,-0.004,-0.098,0.224,-9.747,0.214,-0.533,-0.485,-0.134,-0.004,0.000,0.000,0.000,0.00,15.2,OK
1787113713.377,ROTATING,0,233.00,21.61,-1.35,-0.23,1500,1300,0.00,5.214,-5.206,-75.97,-0.804,-0.010,9.738,-0.003,-0.127,0.516,-9.754,0.260,-0.485,-0.511,-0.139,0.005,0.000,0.000,0.000,0.00,15.2,OK
1787113713.427,ROTATING,0,233.00,21.61,-1.35,-0.23,1500,1300,0.00,5.212,-5.220,-76.95,-0.804,-0.010,9.738,-0.003,-0.127,0.516,-9.783,0.156,-0.473,-0.536,-0.137,0.012,0.000,0.000,0.000,0.00,15.2,OK
1787113713.477,ROTATING,0,233.00,21.61,-1.35,-0.23,1500,1300,0.00,5.230,-5.222,-91.24,-0.804,-0.010,9.738,-0.003,-0.127,0.516,-9.845,0.256,-0.387,-0.561,-0.144,0.014,0.000,0.000,0.000,0.00,15.2,OK
1787113713.527,ROTATING,0,233.00,21.61,-1.35,-0.23,1500,1300,0.00,5.230,-5.222,-91.24,-0.804,-0.010,9.738,-0.003,-0.127,0.516,-9.780,0.195,-0.339,-0.587,-0.155,0.008,0.000,0.000,0.000,0.00,15.2,OK
1787113713.577,ROTATING,0,233.00,21.61,-1.35,-0.23,1500,1300,0.00,5.233,-5.214,-93.80,-0.804,-0.010,9.738,-0.003,-0.127,0.516,-9.802,0.084,-0.258,-0.607,-0.152,0.025,0.000,0.000,0.000,0.00,15.2,OK
1787113713.627,ROTATING,0,225.00,21.61,-1.36,-0.23,1500,1300,0.00,5.215,-5.250,-88.63,-0.431,0.088,9.738,0.020,-0.141,0.635,-9.764,0.126,-0.207,-0.626,-0.150,0.035,0.000,0.000,0.000,0.00,15.2,OK
1787113713.677,ROTATING,0,225.00,21.61,-1.36,-0.23,1500,1300,0.00,5.221,-5.255,-86.25,-0.431,0.088,9.738,0.020,-0.141,0.635,-9.680,0.093,-0.018,-0.631,-0.149,0.044,0.000,0.000,0.000,0.00,15.2,OK
1787113713.727,ROTATING,0,225.00,21.61,-1.36,-0.23,1500,1300,0.00,5.221,-5.255,-86.25,-0.431,0.088,9.738,0.020,-0.141,0.635,-9.797,0.073,0.027,-0.642,-0.149,0.043,0.000,0.000,0.000,0.00,15.2,OK
1787113713.777,ROTATING,0,225.00,21.61,-1.36,-0.23,1500,1300,0.00,5.248,-5.283,-98.51,-0.431,0.088,9.738,0.020,-0.141,0.635,-9.735,0.124,0.144,-0.652,-0.148,0.060,0.000,0.000,0.000,0.00,15.2,OK
1787113713.828,ROTATING,0,225.00,21.61,-1.36,-0.23,1500,1300,0.00,5.250,-5.283,-99.07,-0.431,0.088,9.738,0.020,-0.141,0.635,-9.842,0.177,0.166,-0.664,-0.138,0.058,0.000,0.000,0.000,0.00,15.2,OK
1787113713.877,ROTATING,0,215.00,21.61,-1.38,-0.23,1500,1300,0.00,5.257,-5.313,-96.13,-0.088,0.069,9.689,0.047,-0.130,0.689,-9.809,0.154,0.173,-0.670,-0.137,0.055,0.000,0.000,0.000,0.00,15.2,OK
1787113713.927,ROTATING,0,215.00,21.61,-1.38,-0.23,1500,1300,0.00,5.257,-5.313,-96.13,-0.088,0.069,9.689,0.047,-0.130,0.689,-9.823,0.168,0.237,-0.676,-0.135,0.059,0.000,0.000,0.000,0.00,15.2,OK
1787113713.977,ROTATING,0,215.00,21.61,-1.38,-0.23,1500,1300,0.00,5.255,-5.309,-94.84,-0.088,0.069,9.689,0.047,-0.130,0.689,-9.794,0.190,0.319,-0.685,-0.130,0.055,0.000,0.000,0.000,0.00,15.2,OK
1787113714.027,ROTATING,0,215.00,21.61,-1.38,-0.23,1500,1300,0.00,5.269,-5.349,-98.16,-0.088,0.069,9.689,0.047,-0.130,0.689,-9.737,0.155,0.381,-0.693,-0.125,0.052,0.000,0.000,0.000,0.00,15.2,OK
1787113714.077,ROTATING,0,215.00,21.61,-1.38,-0.23,1500,1300,0.00,5.275,-5.357,-96.97,-0.088,0.069,9.689,0.047,-0.130,0.689,-9.687,0.134,0.441,-0.697,-0.117,0.044,0.000,0.000,0.000,0.00,15.2,OK
1787113714.127,ROTATING,0,205.00,21.61,-1.41,-0.23,1500,1300,0.00,5.275,-5.357,-96.97,0.206,0.157,9.767,0.039,-0.099,0.719,-9.771,0.149,0.492,-0.702,-0.102,0.047,0.000,0.000,0.000,0.00,15.2,OK
1787113714.178,ROTATING,0,205.00,21.61,-1.41,-0.23,1500,1300,0.00,5.388,-5.362,-116.21,0.206,0.157,9.767,0.039,-0.099,0.719,-9.716,0.143,0.563,-0.707,-0.091,0.036,0.000,0.000,0.000,0.00,15.2,OK
1787113714.227,ROTATING,0,205.00,21.61,-1.41,-0.23,1500,1300,0.00,5.373,-5.358,-119.11,0.206,0.157,9.767,0.039,-0.099,0.719,-9.728,0.085,0.587,-0.706,-0.073,0.030,0.000,0.000,0.000,0.00,15.2,OK
1787113714.278,ROTATING,0,205.00,21.61,-1.41,-0.23,1500,1300,0.00,5.411,-5.395,-125.36,0.206,0.157,9.767,0.039,-0.099,0.719,-9.837,0.108,0.635,-0.703,-0.066,0.030,0.000,0.000,0.000,0.00,15.0,OK
1787113714.327,ROTATING,0,205.00,21.61,-1.41,-0.23,1500,1300,0.00,5.411,-5.395,-125.36,0.206,0.157,9.767,0.039,-0.099,0.719,-9.773,0.035,0.556,-0.704,-0.057,0.021,0.000,0.000,0.000,0.00,15.0,OK
1787113714.377,ROTATING,0,194.00,21.61,-1.43,-0.23,1500,1300,0.00,5.417,-5.398,-125.29,0.579,0.157,9.816,0.004,-0.042,0.724,-9.752,-0.008,0.613,-0.704,-0.045,-0.002,0.000,0.000,0.000,0.00,15.0,OK
1787113714.427,ROTATING,0,194.00,21.61,-1.43,-0.23,1500,1700,0.00,5.314,-5.391,-102.67,0.579,0.157,9.816,0.004,-0.042,0.724,-9.699,-0.082,0.661,-0.706,-0.030,0.006,0.000,0.000,0.000,0.00,15.0,OK
1787113714.477,ROTATING,0,194.00,21.61,-1.43,-0.23,1500,1700,0.00,5.310,-5.413,-93.41,0.579,0.157,9.816,0.004,-0.042,0.724,-9.787,-0.731,0.786,-0.642,-0.020,-0.015,0.000,0.000,0.000,0.00,15.0,OK
1787113714.527,ROTATING,0,194.00,21.61,-1.43,-0.23,1500,1700,0.00,5.310,-5.413,-93.41,0.579,0.157,9.816,0.004,-0.042,0.724,-9.761,-0.958,0.767,-0.530,-0.006,-0.056,0.000,0.000,0.000,0.00,15.0,OK
1787113714.578,ROTATING,0,194.00,21.61,-1.43,-0.23,1500,1700,0.00,5.339,-5.448,-87.22,0.579,0.157,9.816,0.004,-0.042,0.724,-9.761,-0.757,0.740,-0.424,0.004,-0.084,0.000,0.000,0.000,0.00,15.0,OK
1787113714.627,ROTATING,0,185.00,21.61,-1.44,-0.23,1500,1700,0.00,5.338,-5.450,-87.12,0.667,0.137,9.836,-0.097,0.018,0.397,-9.737,-0.695,0.810,-0.349,0.021,-0.093,0.000,0.000,0.000,0.00,15.0,OK
1787113714.677,ROTATING,0,185.00,21.61,-1.44,-0.23,1500,1700,0.00,5.337,-5.452,-87.81,0.667,0.137,9.836,-0.097,0.018,0.397,-9.716,-0.701,0.769,-0.294,0.029,-0.080,0.000,0.000,0.000,0.00,15.0,OK
1787113714.727,ROTATING,0,185.00,21.61,-1.44,-0.23,1500,1700,0.00,5.336,-5.453,-88.91,0.667,0.137,9.836,-0.097,0.018,0.397,-9.874,-0.718,0.740,-0.235,0.033,-0.062,0.000,0.000,0.000,0.00,15.0,OK
1787113714.778,ROTATING,0,185.00,21.61,-1.44,-0.23,1500,1700,0.00,5.336,-5.453,-88.91,0.667,0.137,9.836,-0.097,0.018,0.397,-9.847,-0.705,0.738,-0.195,0.043,-0.057,0.000,0.000,0.000,0.00,15.0,OK
1787113714.827,ROTATING,0,185.00,21.61,-1.44,-0.23,1500,1700,0.00,5.335,-5.454,-89.89,0.667,0.137,9.836,-0.097,0.018,0.397,-9.780,-0.798,0.774,-0.158,0.050,-0.050,0.000,0.000,0.000,0.00,15.0,OK
1787113714.877,ROTATING,0,182.00,21.61,-1.45,-0.23,1500,1700,0.00,5.335,-5.455,-90.67,0.667,-0.127,9.865,-0.043,0.056,0.135,-9.801,-0.839,0.712,-0.103,0.061,-0.037,0.000,0.000,0.000,0.00,15.0,OK
1787113714.927,ROTATING,0,182.00,21.61,-1.45,-0.23,1500,1700,0.00,5.335,-5.455,-90.67,0.667,-0.127,9.865,-0.043,0.056,0.135,-9.816,-0.944,0.743,-0.043,0.067,-0.020,0.000,0.000,0.000,0.00,15.0,OK
1787113714.977,ROTATING,0,182.00,21.61,-1.45,-0.23,1500,1700,0.00,5.348,-5.462,-95.81,0.667,-0.127,9.865,-0.043,0.056,0.135,-9.819,-1.028,0.742,0.020,0.076,-0.021,0.000,0.000,0.000,0.00,15.0,OK
1787113715.027,ROTATING,0,182.00,21.61,-1.45,-0.23,1500,1700,0.00,5.350,-5.465,-95.42,0.667,-0.127,9.865,-0.043,0.056,0.135,-9.880,-1.101,0.663,0.112,0.084,-0.022,0.000,0.000,0.000,0.00,15.0,OK
1787113715.077,ROTATING,0,182.00,21.61,-1.45,-0.23,1500,1700,0.00,5.362,-5.457,-99.08,0.667,-0.127,9.865,-0.043,0.056,0.135,-9.837,-1.342,0.618,0.220,0.093,-0.005,0.000,0.000,0.000,0.00,15.0,OK
1787113715.127,ROTATING,0,182.00,21.61,-1.45,-0.23,1500,1700,0.00,5.366,-5.461,-102.55,0.647,-0.441,9.865,-0.000,0.094,-0.273,-9.823,-1.176,0.678,0.320,0.098,-0.006,0.000,0.000,0.000,0.00,15.0,OK
1787113715.177,ROTATING,0,182.00,21.61,-1.45,-0.23,1500,1700,0.00,5.366,-5.461,-102.55,0.647,-0.441,9.865,-0.000,0.094,-0.273,-9.866,-1.165,0.604,0.420,0.104,-0.014,0.000,0.000,0.000,0.00,15.0,OK
1787113715.227,ROTATING,0,182.00,21.61,-1.45,-0.23,1500,1700,0.00,5.366,-5.460,-102.85,0.647,-0.441,9.865,-0.000,0.094,-0.273,-9.835,-1.090,0.439,0.512,0.113,-0.013,0.000,0.000,0.000,0.00,15.0,OK
1787113715.277,ROTATING,0,182.00,21.61,-1.45,-0.23,1500,1700,0.00,5.367,-5.458,-103.19,0.647,-0.441,9.865,-0.000,0.094,-0.273,-9.823,-1.042,0.388,0.575,0.120,-0.002,0.000,0.000,0.000,0.00,15.0,OK
1787113715.327,ROTATING,0,182.00,21.61,-1.45,-0.23,1500,1700,0.00,5.367,-5.458,-103.19,0.647,-0.441,9.865,-0.000,0.094,-0.273,-9.807,-0.913,0.259,0.634,0.115,0.001,0.000,0.000,0.000,0.00,14.3,OK
1787113715.378,ROTATING,0,190.00,21.61,-1.44,-0.23,1500,1700,0.00,5.368,-5.457,-103.69,0.461,-0.412,9.856,0.023,0.106,-0.673,-9.921,-0.750,0.096,0.688,0.116,0.020,0.000,0.000,0.000,0.00,14.3,OK
1787113715.428,ROTATING,0,190.00,21.61,-1.44,-0.23,1500,1700,0.00,5.369,-5.454,-104.29,0.461,-0.412,9.856,0.023,0.106,-0.673,-9.850,-0.670,0.060,0.722,0.121,0.024,0.000,0.000,0.000,0.00,14.3,OK
1787113715.477,ROTATING,0,190.00,21.61,-1.44,-0.23,1500,1700,0.00,5.371,-5.452,-104.57,0.461,-0.412,9.856,0.023,0.106,-0.673,-9.812,-0.588,0.108,0.747,0.122,0.001,0.000,0.000,0.000,0.00,14.3,OK
1787113715.527,ROTATING,0,190.00,21.61,-1.44,-0.23,1500,1700,0.00,5.355,-5.446,-101.87,0.461,-0.412,9.856,0.023,0.106,-0.673,-9.740,-0.611,-0.061,0.778,0.130,0.014,0.000,0.000,0.000,0.00,14.3,OK
1787113715.577,ROTATING,0,190.00,21.61,-1.44,-0.23,1500,1700,0.00,5.355,-5.446,-101.87,0.461,-0.412,9.856,0.023,0.106,-0.673,-9.766,-0.623,-0.114,0.805,0.130,0.017,0.000,0.000,0.000,0.00,14.3,OK
1787113715.628,ROTATING,0,201.00,21.61,-1.41,-0.23,1500,1700,0.00,5.354,-5.449,-101.92,0.206,-0.382,9.865,0.035,0.123,-0.825,-9.909,-0.489,-0.136,0.823,0.130,0.022,0.000,0.000,0.000,0.00,14.3,OK
1787113715.677,ROTATING,0,201.00,21.61,-1.41,-0.23,1500,1700,0.00,5.245,-5.424,-72.87,0.206,-0.382,9.865,0.035,0.123,-0.825,-9.868,-0.541,-0.253,0.844,0.132,0.019,0.000,0.000,0.000,0.00,14.3,OK
1787113715.727,ROTATING,0,201.00,21.61,-1.41,-0.23,1500,1700,0.00,5.238,-5.502,-42.74,0.206,-0.382,9.865,0.035,0.123,-0.825,-9.749,-0.436,-0.250,0.856,0.136,0.009,0.000,0.000,0.000,0.00,14.3,OK
1787113715.777,ROTATING,0,201.00,21.61,-1.41,-0.23,1500,1700,0.00,5.238,-5.502,-42.74,0.206,-0.382,9.865,0.035,0.123,-0.825,-9.740,-0.513,-0.363,0.872,0.142,-0.007,0.000,0.000,0.000,0.00,14.3,OK
1787113715.827,ROTATING,0,201.00,21.61,-1.41,-0.23,1500,1700,0.00,5.248,-5.484,-50.44,0.206,-0.382,9.865,0.035,0.123,-0.825,-9.876,-0.548,-0.564,0.891,0.139,0.020,0.000,0.000,0.000,0.00,14.3,OK
1787113715.878,ROTATING,0,213.00,21.61,-1.40,-0.23,1500,1700,0.00,5.251,-5.483,-48.91,0.000,-0.314,9.826,0.031,0.123,-0.909,-9.809,-0.416,-0.445,0.900,0.136,0.005,0.000,0.000,0.000,0.00,14.3,OK
1787113715.928,ROTATING,0,213.00,21.61,-1.40,-0.23,1500,1300,0.00,5.215,-5.465,-41.16,0.000,-0.314,9.826,0.031,0.123,-0.909,-9.869,-0.306,-0.564,0.905,0.131,0.012,0.000,0.000,0.000,0.00,14.3,OK
1787113715.977,ROTATING,0,213.00,21.61,-1.40,-0.23,1500,1300,0.00,5.215,-5.465,-41.16,0.000,-0.314,9.826,0.031,0.123,-0.909,-9.792,0.285,-0.701,0.843,0.128,0.015,0.000,0.000,0.000,0.00,14.3,OK
1787113716.027,ROTATING,0,213.00,21.61,-1.40,-0.23,1500,1300,0.00,5.166,-5.467,-30.04,0.000,-0.314,9.826,0.031,0.123,-0.909,-9.905,0.655,-0.727,0.704,0.123,0.015,0.000,0.000,0.000,0.00,14.3,OK
1787113716.077,ROTATING,0,213.00,21.61,-1.40,-0.23,1500,1300,0.00,5.254,-5.439,-74.33,0.000,-0.314,9.826,0.031,0.123,-0.909,-9.807,0.496,-0.703,0.574,0.113,0.018,0.000,0.000,0.000,0.00,14.3,OK
1787113716.128,ROTATING,0,224.00,21.61,-1.36,-0.23,1500,1300,0.00,5.254,-5.439,-74.33,-0.363,-0.333,9.826,0.043,0.098,-0.529,-9.814,0.333,-0.703,0.481,0.099,0.041,0.000,0.000,0.000,0.00,14.3,OK
1787113716.177,ROTATING,0,224.00,21.61,-1.36,-0.23,1500,1300,0.00,5.226,-5.422,-65.28,-0.363,-0.333,9.826,0.043,0.098,-0.529,-9.845,0.201,-0.670,0.407,0.088,0.031,0.000,0.000,0.000,0.00,14.3,OK
1787113716.227,ROTATING,0,224.00,21.61,-1.36,-0.23,1500,1300,0.00,5.204,-5.411,-59.75,-0.363,-0.333,9.826,0.043,0.098,-0.529,-9.828,0.098,-0.705,0.354,0.076,0.025,0.000,0.000,0.000,0.00,14.3,OK
1787113716.277,ROTATING,0,224.00,21.61,-1.36,-0.23,1500,1300,0.00,5.207,-5.411,-57.35,-0.363,-0.333,9.826,0.043,0.098,-0.529,-9.795,0.003,-0.710,0.319,0.062,0.027,0.000,0.000,0.000,0.00,14.3,OK
1787113716.327,ROTATING,0,224.00,21.61,-1.36,-0.23,1500,1300,0.00,5.207,-5.411,-57.35,-0.363,-0.333,9.826,0.043,0.098,-0.529,-9.845,0.110,-0.667,0.277,0.045,0.033,0.000,0.000,0.000,0.00,15.0,OK
1787113716.378,ROTATING,0,230.00,21.61,-1.36,-0.23,1500,1300,0.00,5.189,-5.409,-55.94,-0.598,-0.235,9.767,0.045,0.036,-0.257,-9.840,0.213,-0.775,0.224,0.036,0.034,0.000,0.000,0.000,0.00,15.0,OK
1787113716.428,ROTATING,0,230.00,21.61,-1.36,-0.23,1500,1300,0.00,5.181,-5.392,-57.67,-0.598,-0.235,9.767,0.045,0.036,-0.257,-9.794,0.238,-0.722,0.146,0.018,0.034,0.000,0.000,0.000,0.00,15.0,OK
1787113716.477,ROTATING,0,230.00,21.61,-1.36,-0.23,1500,1300,0.00,5.174,-5.385,-56.21,-0.598,-0.235,9.767,0.045,0.036,-0.257,-9.847,0.629,-0.837,0.060,-0.000,0.025,0.000,0.000,0.000,0.00,15.0,OK
1787113716.527,ROTATING,0,230.00,21.61,-1.36,-0.23,1500,1300,0.00,5.174,-5.385,-56.21,-0.598,-0.235,9.767,0.045,0.036,-0.257,-9.773,0.704,-0.566,-0.104,-0.018,0.040,0.000,0.000,0.000,0.00,15.0,OK
1787113716.577,ROTATING,0,230.00,21.61,-1.36,-0.23,1500,1300,0.00,5.162,-5.388,-53.93,-0.598,-0.235,9.767,0.045,0.036,-0.257,-9.854,0.533,-0.641,-0.212,-0.031,0.044,0.000,0.000,0.000,0.00,15.0,OK
1787113716.627,ROTATING,0,230.00,21.61,-1.34,-0.23,1500,1300,0.00,5.168,-5.379,-53.37,-0.755,-0.186,9.709,0.031,-0.036,0.270,-9.830,0.474,-0.665,-0.304,-0.044,0.033,0.000,0.000,0.000,0.00,15.0,OK
1787113716.677,ROTATING,0,230.00,21.61,-1.34,-0.23,1500,1300,0.00,5.163,-5.386,-52.83,-0.755,-0.186,9.709,0.031,-0.036,0.270,-9.830,0.488,-0.665,-0.378,-0.055,0.022,0.000,0.000,0.000,0.00,15.0,OK
1787113716.727,ROTATING,0,230.00,21.61,-1.34,-0.23,1500,1300,0.00,5.163,-5.386,-52.83,-0.755,-0.186,9.709,0.031,-0.036,0.270,-9.704,0.275,-0.592,-0.441,-0.069,0.012,0.000,0.000,0.000,0.00,15.0,OK
1787113716.777,ROTATING,0,230.00,21.61,-1.34,-0.23,1500,1300,0.00,5.165,-5.394,-53.52,-0.755,-0.186,9.709,0.031,-0.036,0.270,-9.842,0.328,-0.600,-0.491,-0.078,0.015,0.000,0.000,0.000,0.00,15.0,OK
1787113716.827,ROTATING,0,230.00,21.61,-1.34,-0.23,1500,1300,0.00,5.161,-5.402,-51.42,-0.755,-0.186,9.709,0.031,-0.036,0.270,-9.842,0.299,-0.696,-0.529,-0.090,-0.008,0.000,0.000,0.000,0.00,15.0,OK
1787113716.877,ROTATING,0,224.00,21.61,-1.34,-0.23,1500,1300,0.00,5.163,-5.414,-53.32,-0.628,-0.029,9.650,-0.023,-0.089,0.563,-9.787,0.195,-0.588,-0.564,-0.100,-0.016,0.000,0.000,0.000,0.00,15.0,OK
1787113716.927,ROTATING,0,224.00,21.61,-1.34,-0.23,1500,1300,0.00,5.163,-5.414,-53.32,-0.628,-0.029,9.650,-0.023,-0.089,0.563,-9.649,0.117,-0.509,-0.588,-0.100,-0.029,0.000,0.000,0.000,0.00,15.0,OK
1787113716.977,ROTATING,0,224.00,21.61,-1.34,-0.23,1500,1300,0.00,5.161,-5.435,-52.54,-0.628,-0.029,9.650,-0.023,-0.089,0.563,-9.733,0.035,-0.430,-0.603,-0.108,-0.054,0.000,0.000,0.000,0.00,15.0,OK
1787113717.027,ROTATING,0,224.00,21.61,-1.34,-0.23,1500,1300,0.00,5.160,-5.423,-53.95,-0.628,-0.029,9.650,-0.023,-0.089,0.563,-9.830,0.051,-0.361,-0.619,-0.114,-0.045,0.000,0.000,0.000,0.00,15.0,OK
1787113717.077,ROTATING,0,224.00,21.61,-1.34,-0.23,1500,1300,0.00,5.171,-5.441,-56.49,-0.628,-0.029,9.650,-0.023,-0.089,0.563,-9.742,0.052,-0.399,-0.650,-0.113,-0.057,0.000,0.000,0.000,0.00,15.0,OK
1787113717.127,ROTATING,0,215.00,21.61,-1.34,-0.23,1500,1300,0.00,5.171,-5.441,-56.49,-0.500,0.039,9.669,-0.062,-0.105,0.678,-9.764,0.097,-0.294,-0.671,-0.115,-0.046,0.000,0.000,0.000,0.00,15.0,OK
1787113717.177,ROTATING,0,215.00,21.61,-1.34,-0.23,1500,1300,0.00,5.170,-5.441,-58.01,-0.500,0.039,9.669,-0.062,-0.105,0.678,-9.723,-0.039,-0.296,-0.685,-0.111,-0.069,0.000,0.000,0.000,0.00,15.0,OK
1787113717.227,ROTATING,0,215.00,21.61,-1.34,-0.23,1500,1300,0.00,5.193,-5.467,-66.55,-0.500,0.039,9.669,-0.062,-0.105,0.678,-9.761,-0.099,-0.267,-0.700,-0.110,-0.031,0.000,0.000,0.000,0.00,15.0,OK
1787113717.277,ROTATING,0,215.00,21.61,-1.34,-0.23,1500,1300,0.00,5.200,-5.470,-65.98,-0.500,0.039,9.669,-0.062,-0.105,0.678,-9.661,-0.143,-0.085,-0.705,-0.108,-0.038,0.000,0.000,0.000,0.00,15.0,OK
1787113717.327,ROTATING,0,215.00,21.61,-1.34,-0.23,1500,1300,0.00,5.200,-5.470,-65.98,-0.500,0.039,9.669,-0.062,-0.105,0.678,-9.809,-0.102,-0.121,-0.720,-0.105,-0.013,0.000,0.000,0.000,0.00,15.0,OK
1787113717.377,ROTATING,0,204.00,21.61,-1.35,-0.23,1500,1300,0.00,5.215,-5.496,-69.83,-0.137,-0.029,9.679,-0.027,-0.098,0.742,-9.752,-0.200,-0.150,-0.718,-0.105,-0.018,0.000,0.000,0.000,0.00,15.0,OK
1787113717.428,ROTATING,0,204.00,21.61,-1.35,-0.23,1500,1300,0.00,5.220,-5.497,-69.32,-0.137,-0.029,9.679,-0.027,-0.098,0.742,-9.659,-0.174,-0.040,-0.720,-0.100,0.014,0.000,0.000,0.000,0.00,15.0,OK
1787113717.477,ROTATING,0,204.00,21.61,-1.35,-0.23,1500,1300,0.00,5.245,-5.522,-73.91,-0.137,-0.029,9.679,-0.027,-0.098,0.742,-9.701,-0.230,-0.047,-0.725,-0.104,0.015,0.000,0.000,0.000,0.00,15.0,OK
1787113717.527,ROTATING,0,204.00,21.61,-1.35,-0.23,1500,1300,0.00,5.245,-5.522,-73.91,-0.137,-0.029,9.679,-0.027,-0.098,0.742,-9.702,-0.182,-0.021,-0.732,-0.095,0.032,0.000,0.000,0.000,0.00,15.0,OK
1787113717.577,ROTATING,0,204.00,21.61,-1.35,-0.23,1500,1300,0.00,5.248,-5.522,-73.56,-0.137,-0.029,9.679,-0.027,-0.098,0.742,-9.838,-0.146,0.058,-0.734,-0.092,0.032,0.000,0.000,0.000,0.00,15.0,OK
1787113717.628,ROTATING,0,193.00,21.61,-1.37,-0.23,1500,1300,0.00,5.287,-5.542,-81.82,0.029,-0.167,9.748,0.009,-0.086,0.758,-9.647,-0.208,0.035,-0.736,-0.093,0.026,0.000,0.000,0.000,0.00,15.0,OK
1787113717.677,ROTATING,0,193.00,21.61,-1.37,-0.23,1500,1700,0.00,5.291,-5.543,-81.01,0.029,-0.167,9.748,0.009,-0.086,0.758,-9.766,-0.370,0.204,-0.740,-0.090,0.029,0.000,0.000,0.000,0.00,15.0,OK
1787113717.727,ROTATING,0,193.00,21.61,-1.37,-0.23,1500,1700,0.00,5.291,-5.543,-81.01,0.029,-0.167,9.748,0.009,-0.086,0.758,-9.676,-0.880,0.219,-0.682,-0.078,0.003,0.000,0.000,0.000,0.00,15.0,OK
1787113717.777,ROTATING,0,193.00,21.61,-1.37,-0.23,1500,1700,0.00,5.315,-5.563,-83.57,0.029,-0.167,9.748,0.009,-0.086,0.758,-9.771,-1.197,0.298,-0.558,-0.065,-0.016,0.000,0.000,0.000,0.00,15.0,OK
1787113717.828,ROTATING,0,193.00,21.61,-1.37,-0.23,1500,1700,0.00,5.321,-5.562,-81.92,0.029,-0.167,9.748,0.009,-0.086,0.758,-9.723,-0.948,0.379,-0.436,-0.055,-0.038,0.000,0.000,0.000,0.00,15.0,OK
1787113717.877,ROTATING,0,184.00,21.61,-1.37,-0.23,1500,1700,0.00,5.349,-5.576,-84.43,0.226,-0.147,9.767,-0.051,-0.042,0.407,-9.694,-0.857,0.413,-0.359,-0.040,-0.048,0.000,0.000,0.000,0.00,15.0,OK
1787113717.927,ROTATING,0,184.00,21.61,-1.37,-0.23,1500,1700,0.00,5.352,-5.580,-82.59,0.226,-0.147,9.767,-0.051,-0.042,0.407,-9.699,-0.792,0.408,-0.293,-0.032,-0.043,0.000,0.000,0.000,0.00,15.0,OK
1787113717.977,ROTATING,0,184.00,21.61,-1.37,-0.23,1500,1700,0.00,5.352,-5.580,-82.59,0.226,-0.147,9.767,-0.051,-0.042,0.407,-9.732,-0.718,0.403,-0.252,-0.023,-0.049,0.000,0.000,0.000,0.00,15.0,OK
1787113718.027,ROTATING,0,184.00,21.61,-1.37,-0.23,1500,1700,0.00,5.366,-5.584,-85.79,0.226,-0.147,9.767,-0.051,-0.042,0.407,-9.797,-0.741,0.475,-0.209,-0.015,-0.034,0.000,0.000,0.000,0.00,15.0,OK
1787113718.077,ROTATING,0,184.00,21.61,-1.37,-0.23,1500,1700,0.00,5.382,-5.590,-90.50,0.226,-0.147,9.767,-0.051,-0.042,0.407,-9.804,-0.624,0.510,-0.169,-0.005,-0.019,0.000,0.000,0.000,0.00,15.0,OK
1787113718.127,ROTATING,0,180.00,21.61,-1.40,-0.23,1500,1700,0.00,5.398,-5.601,-92.49,0.333,-0.235,9.787,-0.015,0.002,0.155,-9.780,-0.865,0.381,-0.120,0.003,-0.006,0.000,0.000,0.000,0.00,15.0,OK
1787113718.177,ROTATING,0,180.00,21.61,-1.40,-0.23,1500,1700,0.00,5.398,-5.601,-92.49,0.333,-0.235,9.787,-0.015,0.002,0.155,-9.737,-0.793,0.405,-0.078,0.010,-0.003,0.000,0.000,0.000,0.00,15.0,OK
1787113718.227,ROTATING,0,180.00,21.61,-1.40,-0.23,1500,1700,0.00,5.405,-5.603,-93.55,0.333,-0.235,9.787,-0.015,0.002,0.155,-9.794,-0.989,0.508,-0.013,0.016,-0.004,0.000,0.000,0.000,0.00,15.0,OK
1787113718.277,ROTATING,0,180.00,21.61,-1.40,-0.23,1500,1700,0.00,5.414,-5.601,-94.03,0.333,-0.235,9.787,-0.015,0.002,0.155,-9.795,-1.023,0.460,0.062,0.025,0.008,0.000,0.000,0.000,0.00,15.0,OK
1787113718.327,ROTATING,0,180.00,21.61,-1.40,-0.23,1500,1700,0.00,5.414,-5.601,-94.03,0.333,-0.235,9.787,-0.015,0.002,0.155,-9.752,-1.216,0.609,0.165,0.030,0.005,0.000,0.000,0.000,0.00,15.0,OK
1787113718.377,ROTATING,0,181.00,21.61,-1.40,-0.23,1500,1700,0.00,5.427,-5.617,-103.17,0.235,-0.451,9.767,0.022,0.031,-0.213,-9.785,-1.099,0.546,0.261,0.035,0.017,0.000,0.000,0.000,0.00,15.0,OK
1787113718.427,ROTATING,0,181.00,21.61,-1.40,-0.23,1500,1700,0.00,5.448,-5.623,-111.22,0.235,-0.451,9.767,0.022,0.031,-0.213,-9.809,-1.100,0.522,0.353,0.040,0.010,0.000,0.000,0.000,0.00,15.0,OK
1787113718.477,ROTATING,0,181.00,21.61,-1.40,-0.23,1500,1700,0.00,5.451,-5.623,-113.08,0.235,-0.451,9.767,0.022,0.031,-0.213,-9.835,-1.023,0.472,0.434,0.046,0.016,0.000,0.000,0.000,0.00,15.0,OK
1787113718.527,ROTATING,0,181.00,21.61,-1.40,-0.23,1500,1700,0.00,5.456,-5.621,-114.60,0.235,-0.451,9.767,0.022,0.031,-0.213,-9.845,-0.909,0.376,0.509,0.053,0.002,0.000,0.000,0.000,0.00,15.0,OK
1787113718.577,ROTATING,0,181.00,21.61,-1.40,-0.23,1500,1700,0.00,5.456,-5.621,-114.60,0.235,-0.451,9.767,0.022,0.031,-0.213,-9.728,-0.936,0.312,0.565,0.054,0.002,0.000,0.000,0.000,0.00,15.0,OK
1787113718.627,ROTATING,0,187.00,21.61,-1.41,-0.23,1500,1700,0.00,5.446,-5.623,-112.24,0.294,-0.343,9.836,0.027,0.050,-0.604,-9.792,-0.765,0.221,0.622,0.061,0.016,0.000,0.000,0.000,0.00,15.0,OK
1787113718.677,ROTATING,0,187.00,21.61,-1.41,-0.23,1500,1700,0.00,5.428,-5.630,-116.54,0.294,-0.343,9.836,0.027,0.050,-0.604,-9.895,-0.744,0.082,0.660,0.059,0.017,0.000,0.000,0.000,0.00,15.0,OK
1787113718.727,ROTATING,0,187.00,21.61,-1.41,-0.23,1500,1700,0.00,5.428,-5.630,-116.54,0.294,-0.343,9.836,0.027,0.050,-0.604,-10.014,-0.588,0.165,0.692,0.060,0.015,0.000,0.000,0.000,0.00,15.0,OK
1787113718.777,ROTATING,0,187.00,21.61,-1.41,-0.23,1500,1700,0.00,5.429,-5.646,-118.05,0.294,-0.343,9.836,0.027,0.050,-0.604,-9.852,-0.557,0.235,0.727,0.059,0.004,0.000,0.000,0.000,0.00,15.0,OK
1787113718.827,ROTATING,0,187.00,21.61,-1.41,-0.23,1500,1700,0.00,5.280,-5.521,-75.74,0.294,-0.343,9.836,0.027,0.050,-0.604,-9.854,-0.564,0.146,0.751,0.060,0.014,0.000,0.000,0.000,0.00,15.0,OK
1787113718.877,ROTATING,0,197.00,21.61,-1.40,-0.23,1500,1700,0.00,5.282,-5.518,-75.59,0.294,-0.373,9.826,0.037,0.047,-0.776,-9.718,-0.462,0.061,0.772,0.065,0.010,0.000,0.000,0.000,0.00,15.0,OK
1787113718.927,ROTATING,0,197.00,21.61,-1.40,-0.23,1500,1700,0.00,5.282,-5.518,-75.59,0.294,-0.373,9.826,0.037,0.047,-0.776,-9.802,-0.492,-0.093,0.797,0.070,0.014,0.000,0.000,0.000,0.00,15.0,OK
1787113718.977,ROTATING,0,197.00,21.61,-1.40,-0.23,1500,1700,0.00,5.281,-5.502,-78.25,0.294,-0.373,9.826,0.037,0.047,-0.776,-9.871,-0.471,-0.110,0.814,0.071,0.003,0.000,0.000,0.000,0.00,15.0,OK
1787113719.027,ROTATING,0,197.00,21.61,-1.40,-0.23,1500,1700,0.00,5.269,-5.506,-79.42,0.294,-0.373,9.826,0.037,0.047,-0.776,-9.964,-0.413,-0.033,0.828,0.075,0.007,0.000,0.000,0.000,0.00,15.0,OK
1787113719.077,ROTATING,0,197.00,21.61,-1.40,-0.23,1500,1700,0.00,5.101,-5.660,-25.09,0.294,-0.373,9.826,0.037,0.047,-0.776,-9.907,-0.309,0.046,0.838,0.082,0.001,0.000,0.000,0.000,0.00,15.0,OK
1787113719.128,ROTATING,0,209.00,21.61,-1.40,-0.23,1500,1700,0.00,5.101,-5.660,-25.09,0.118,-0.255,9.787,0.010,0.073,-0.859,-9.759,-0.396,-0.119,0.849,0.089,-0.016,0.000,0.000,0.000,0.00,15.0,OK
1787113719.177,ROTATING,0,209.00,21.61,-1.40,-0.23,1500,1300,0.00,5.103,-5.657,-24.09,0.118,-0.255,9.787,0.010,0.073,-0.859,-9.723,-0.245,-0.313,0.862,0.091,0.000,0.000,0.000,0.000,0.00,15.0,OK
1787113719.228,ROTATING,0,209.00,21.61,-1.40,-0.23,1500,1300,0.00,5.168,-5.649,-32.00,0.118,-0.255,9.787,0.010,0.073,-0.859,-9.826,0.285,-0.531,0.797,0.090,-0.008,0.000,0.000,0.000,0.00,15.0,OK
1787113719.277,ROTATING,0,209.00,21.61,-1.40,-0.23,1500,1300,0.00,5.157,-5.644,-37.01,0.118,-0.255,9.787,0.010,0.073,-0.859,-9.833,0.735,-0.413,0.674,0.081,0.012,0.000,0.000,0.000,0.00,15.0,OK
1787113719.327,ROTATING,0,209.00,21.61,-1.40,-0.23,1500,1300,0.00,5.157,-5.644,-37.01,0.118,-0.255,9.787,0.010,0.073,-0.859,-9.935,0.580,-0.335,0.549,0.073,0.013,0.000,0.000,0.000,0.00,15.0,OK
1787113719.377,ROTATING,0,219.00,21.61,-1.40,-0.23,1500,1300,0.00,5.123,-5.648,-21.56,-0.029,-0.245,9.767,0.027,0.064,-0.507,-9.881,0.306,-0.284,0.460,0.064,0.028,0.000,0.000,0.000,0.00,15.2,OK
1787113719.427,ROTATING,0,219.00,21.61,-1.40,-0.23,1500,1300,0.00,5.123,-5.656,-21.09,-0.029,-0.245,9.767,0.027,0.064,-0.507,-9.804,0.266,-0.234,0.401,0.057,0.033,0.000,0.000,0.000,0.00,15.2,OK
1787113719.477,ROTATING,0,219.00,21.61,-1.40,-0.23,1500,1300,0.00,5.068,-5.636,-13.80,-0.029,-0.245,9.767,0.027,0.064,-0.507,-9.907,0.308,-0.327,0.339,0.045,0.031,0.000,0.000,0.000,0.00,15.2,OK
1787113719.527,ROTATING,0,219.00,21.61,-1.40,-0.23,1500,1300,0.00,5.068,-5.636,-13.80,-0.029,-0.245,9.767,0.027,0.064,-0.507,-9.842,0.254,-0.377,0.291,0.039,0.019,0.000,0.000,0.000,0.00,15.2,OK
1787113719.577,ROTATING,0,219.00,21.61,-1.40,-0.23,1500,1300,0.00,5.065,-5.641,-15.63,-0.029,-0.245,9.767,0.027,0.064,-0.507,-9.914,0.253,-0.409,0.247,0.028,0.015,0.000,0.000,0.000,0.00,15.2,OK
1787113719.627,ROTATING,0,224.00,21.61,-1.39,-0.23,1500,1300,0.00,5.191,-5.612,-101.23,-0.235,-0.137,9.846,0.022,0.020,-0.211,-9.909,0.427,-0.311,0.169,0.017,0.019,0.000,0.000,0.000,0.00,15.2,OK
1787113719.677,ROTATING,0,224.00,21.61,-1.39,-0.23,1500,1300,0.00,5.189,-5.610,-102.11,-0.235,-0.137,9.846,0.022,0.020,-0.211,-9.788,0.439,-0.365,0.095,0.006,0.011,0.000,0.000,0.000,0.00,15.2,OK
1787113719.727,ROTATING,0,224.00,21.61,-1.39,-0.23,1500,1300,0.00,5.189,-5.610,-102.11,-0.235,-0.137,9.846,0.022,0.020,-0.211,-9.895,0.624,-0.148,-0.006,-0.006,0.023,0.000,0.000,0.000,0.00,15.2,OK
1787113719.777,ROTATING,0,224.00,21.61,-1.39,-0.23,1500,1300,0.00,5.188,-5.582,-61.41,-0.235,-0.137,9.846,0.022,0.020,-0.211,-9.897,0.822,-0.143,-0.118,-0.017,0.008,0.000,0.000,0.000,0.00,15.2,OK
1787113719.827,ROTATING,0,224.00,21.61,-1.39,-0.23,1500,1300,0.00,5.153,-5.587,-64.74,-0.235,-0.137,9.846,0.022,0.020,-0.211,-9.888,0.533,-0.169,-0.232,-0.030,-0.003,0.000,0.000,0.000,0.00,15.2,OK
1787113719.877,ROTATING,0,224.00,21.61,-1.39,-0.23,1500,1300,0.00,5.153,-5.587,-64.74,-0.363,-0.049,9.797,0.000,-0.028,0.283,-9.952,0.463,-0.141,-0.311,-0.040,0.011,0.000,0.000,0.000,0.00,15.2,OK
1787113719.928,ROTATING,0,224.00,21.61,-1.39,-0.23,1500,1300,0.00,5.145,-5.589,-69.78,-0.363,-0.049,9.797,0.000,-0.028,0.283,-9.911,0.415,-0.184,-0.391,-0.048,0.005,0.000,0.000,0.000,0.00,15.2,OK
1787113719.977,ROTATING,0,224.00,21.61,-1.39,-0.23,1500,1300,0.00,5.148,-5.591,-74.80,-0.363,-0.049,9.797,0.000,-0.028,0.283,-9.735,0.332,-0.126,-0.449,-0.055,-0.009,0.000,0.000,0.000,0.00,15.2,OK
1787113720.027,ROTATING,0,224.00,21.61,-1.39,-0.23,1500,1300,0.00,5.134,-5.609,-72.57,-0.363,-0.049,9.797,0.000,-0.028,0.283,-9.907,0.251,-0.222,-0.489,-0.060,-0.012,0.000,0.000,0.000,0.00,15.2,OK
1787113720.077,ROTATING,0,224.00,21.61,-1.39,-0.23,1500,1300,0.00,5.149,-5.613,-86.68,-0.363,-0.049,9.797,0.000,-0.028,0.283,-9.809,0.194,-0.157,-0.523,-0.069,-0.032,0.000,0.000,0.000,0.00,15.2,OK
1787113720.127,ROTATING,0,217.00,21.61,-1.38,-0.23,1500,1300,0.00,5.088,-5.654,-84.46,-0.255,0.069,9.738,-0.041,-0.066,0.556,-9.799,0.120,-0.138,-0.549,-0.073,-0.038,0.000,0.000,0.000,0.00,15.2,OK
1787113720.177,ROTATING,0,217.00,21.61,-1.38,-0.23,1500,1300,0.00,5.088,-5.654,-84.46,-0.255,0.069,9.738,-0.041,-0.066,0.556,-9.773,0.058,-0.181,-0.572,-0.075,-0.034,0.000,0.000,0.000,0.00,15.2,OK
1787113720.227,ROTATING,0,217.00,21.61,-1.38,-0.23,1500,1300,0.00,5.089,-5.652,-93.64,-0.255,0.069,9.738,-0.041,-0.066,0.556,-9.780,0.173,-0.059,-0.598,-0.074,-0.045,0.000,0.000,0.000,0.00,15.2,OK
1787113720.277,ROTATING,0,217.00,21.61,-1.38,-0.23,1500,1300,0.00,5.055,-5.679,-97.70,-0.255,0.069,9.738,-0.041,-0.066,0.556,-9.718,-0.099,-0.073,-0.619,-0.070,-0.049,0.000,0.000,0.000,0.00,15.2,OK
1787113720.328,ROTATING,0,217.00,21.61,-1.38,-0.23,1500,1300,0.00,5.055,-5.679,-97.70,-0.255,0.069,9.738,-0.041,-0.066,0.556,-9.752,-0.020,-0.018,-0.636,-0.069,-0.047,0.000,0.000,0.000,0.00,15.2,OK
1787113720.377,ROTATING,0,208.00,21.61,-1.37,-0.23,1500,1300,0.00,5.142,-5.661,-66.65,-0.029,0.020,9.738,-0.060,-0.056,0.669,-9.776,-0.064,-0.061,-0.660,-0.062,-0.042,0.000,0.000,0.000,0.00,15.0,OK
1787113720.427,ROTATING,0,208.00,21.61,-1.37,-0.23,1500,1300,0.00,5.185,-5.697,-98.27,-0.029,0.020,9.738,-0.060,-0.056,0.669,-9.766,-0.001,-0.057,-0.682,-0.059,-0.035,0.000,0.000,0.000,0.00,15.0,OK
1787113720.477,ROTATING,0,208.00,21.61,-1.37,-0.23,1500,1300,0.00,5.189,-5.698,-100.68,-0.029,0.020,9.738,-0.060,-0.056,0.669,-9.744,-0.209,-0.037,-0.693,-0.060,-0.047,0.000,0.000,0.000,0.00,15.0,OK
1787113720.527,ROTATING,0,208.00,21.61,-1.37,-0.23,1500,1300,0.00,5.189,-5.698,-100.68,-0.029,0.020,9.738,-0.060,-0.056,0.669,-9.854,-0.201,0.008,-0.714,-0.054,-0.025,0.000,0.000,0.000,0.00,15.0,OK
1787113720.578,ROTATING,0,208.00,21.61,-1.37,-0.23,1500,1300,0.00,5.203,-5.715,-104.37,-0.029,0.020,9.738,-0.060,-0.056,0.669,-9.823,-0.222,0.008,-0.728,-0.057,-0.010,0.000,0.000,0.000,0.00,15.0,OK
1787113720.627,ROTATING,0,198.00,21.61,-1.38,-0.23,1500,1300,0.00,5.207,-5.713,-102.47,0.098,-0.157,9.816,-0.030,-0.045,0.753,-9.804,-0.164,-0.038,-0.746,-0.055,-0.006,0.000,0.000,0.000,0.00,15.0,OK
1787113720.677,ROTATING,0,198.00,21.61,-1.38,-0.23,1500,1700,0.00,5.173,-5.764,-96.57,0.098,-0.157,9.816,-0.030,-0.045,0.753,-9.918,-0.429,0.106,-0.742,-0.052,0.016,0.000,0.000,0.000,0.00,15.0,OK
1787113720.728,ROTATING,0,198.00,21.61,-1.38,-0.23,1500,1700,0.00,5.203,-5.776,-71.16,0.098,-0.157,9.816,-0.030,-0.045,0.753,-9.699,-1.017,0.054,-0.685,-0.047,-0.006,0.000,0.000,0.000,0.00,15.0,OK
1787113720.777,ROTATING,0,198.00,21.61,-1.38,-0.23,1500,1700,0.00,5.203,-5.776,-71.16,0.098,-0.157,9.816,-0.030,-0.045,0.753,-9.666,-1.256,0.164,-0.567,-0.036,-0.004,0.000,0.000,0.000,0.00,15.0,OK
1787113720.827,ROTATING,0,198.00,21.61,-1.38,-0.23,1500,1700,0.00,5.199,-5.808,-48.69,0.098,-0.157,9.816,-0.030,-0.045,0.753,-9.673,-1.153,0.231,-0.452,-0.028,-0.029,0.000,0.000,0.000,0.00,15.0,OK
1787113720.877,ROTATING,0,189.00,21.61,-1.37,-0.23,1500,1700,0.00,5.209,-5.809,-30.56,0.147,-0.226,9.767,-0.028,-0.021,0.414,-9.740,-0.979,0.219,-0.363,-0.025,-0.014,0.000,0.000,0.000,0.00,15.0,OK
1787113720.927,ROTATING,0,189.00,21.61,-1.37,-0.23,1500,1700,0.00,5.209,-5.809,-30.56,0.147,-0.226,9.767,-0.028,-0.021,0.414,-9.764,-0.877,0.216,-0.298,-0.020,0.002,0.000,0.000,0.000,0.00,15.0,OK
1787113720.977,ROTATING,0,189.00,21.61,-1.37,-0.23,1500,1700,0.00,5.225,-5.826,-51.65,0.147,-0.226,9.767,-0.028,-0.021,0.414,-9.730,-0.821,0.286,-0.256,-0.014,0.016,0.000,0.000,0.000,0.00,15.0,OK
1787113721.027,ROTATING,0,189.00,21.61,-1.37,-0.23,1500,1700,0.00,5.265,-5.828,-104.09,0.147,-0.226,9.767,-0.028,-0.021,0.414,-9.756,-0.757,0.235,-0.206,-0.010,0.009,0.000,0.000,0.000,0.00,15.0,OK
1787113721.077,ROTATING,0,189.00,21.61,-1.37,-0.23,1500,1700,0.00,5.265,-5.828,-104.09,0.147,-0.226,9.767,-0.028,-0.021,0.414,-9.764,-0.642,0.230,-0.170,-0.008,0.025,0.000,0.000,0.000,0.00,15.0,OK
1787113721.127,ROTATING,0,185.00,21.61,-1.39,-0.23,1500,1700,0.00,5.282,-5.835,-128.76,0.147,-0.333,9.777,0.026,-0.003,0.159,-9.733,-0.778,0.271,-0.129,-0.006,0.020,0.000,0.000,0.000,0.00,15.0,OK
1787113721.177,ROTATING,0,185.00,21.61,-1.39,-0.23,1500,1700,0.00,5.290,-5.838,-136.01,0.147,-0.333,9.777,0.026,-0.003,0.159,-9.732,-0.718,0.290,-0.070,0.001,0.018,0.000,0.000,0.000,0.00,15.0,OK
1787113721.227,ROTATING,0,185.00,21.61,-1.39,-0.23,1500,1700,0.00,5.295,-5.841,-138.49,0.147,-0.333,9.777,0.026,-0.003,0.159,-9.695,-0.921,0.341,-0.021,0.002,0.021,0.000,0.000,0.000,0.00,15.0,OK
1787113721.277,ROTATING,0,185.00,21.61,-1.39,-0.23,1500,1700,0.00,5.292,-5.847,-131.05,0.147,-0.333,9.777,0.026,-0.003,0.159,-9.742,-0.922,0.283,0.068,0.014,0.029,0.000,0.000,0.000,0.00,15.0,OK
1787113721.327,ROTATING,0,185.00,21.61,-1.39,-0.23,1500,1700,0.00,5.290,-5.845,-108.64,0.147,-0.333,9.777,0.026,-0.003,0.159,-9.718,-1.163,0.429,0.162,0.021,0.030,0.000,0.000,0.000,0.00,15.0,OK
1787113721.378,ROTATING,0,185.00,21.61,-1.39,-0.23,1500,1700,0.00,5.290,-5.845,-108.64,0.088,-0.392,9.777,0.019,0.022,-0.218,-9.763,-1.035,0.324,0.264,0.026,0.015,0.000,0.000,0.000,0.00,15.0,OK
1787113721.427,ROTATING,0,185.00,21.61,-1.39,-0.23,1500,1700,0.00,5.288,-5.842,-98.26,0.088,-0.392,9.777,0.019,0.022,-0.218,-9.871,-1.017,0.347,0.354,0.030,-0.004,0.000,0.000,0.000,0.00,15.0,OK
1787113721.477,ROTATING,0,185.00,21.61,-1.39,-0.23,1500,1700,0.00,5.275,-5.850,-59.28,0.088,-0.392,9.777,0.019,0.022,-0.218,-9.776,-0.939,0.228,0.435,0.037,-0.007,0.000,0.000,0.000,0.00,15.0,OK
1787113721.527,ROTATING,0,185.00,21.61,-1.39,-0.23,1500,1700,0.00,5.275,-5.850,-59.28,0.088,-0.392,9.777,0.019,0.022,-0.218,-9.766,-0.733,0.207,0.492,0.040,-0.001,0.000,0.000,0.000,0.00,15.0,OK
1787113721.577,ROTATING,0,185.00,21.61,-1.39,-0.23,1500,1700,0.00,5.265,-5.848,-40.88,0.088,-0.392,9.777,0.019,0.022,-0.218,-9.788,-0.693,0.178,0.546,0.049,-0.012,0.000,0.000,0.000,0.00,15.0,OK
1787113721.627,ROTATING,0,191.00,21.61,-1.38,-0.23,1500,1700,0.00,5.255,-5.850,-42.33,0.226,-0.284,9.758,0.009,0.044,-0.584,-9.864,-0.660,0.156,0.603,0.050,-0.008,0.000,0.000,0.000,0.00,15.0,OK
1787113721.677,ROTATING,0,191.00,21.61,-1.38,-0.23,1500,1700,0.00,5.246,-5.846,-64.04,0.226,-0.284,9.758,0.009,0.044,-0.584,-9.912,-0.639,0.113,0.630,0.052,0.001,0.000,0.000,0.000,0.00,15.0,OK
1787113721.727,ROTATING,0,191.00,21.61,-1.38,-0.23,1500,1700,0.00,5.246,-5.846,-105.13,0.226,-0.284,9.758,0.009,0.044,-0.584,-9.852,-0.552,0.070,0.668,0.050,0.013,0.000,0.000,0.000,0.00,15.0,OK
1787113721.777,ROTATING,0,191.00,21.61,-1.38,-0.23,1500,1700,0.00,5.246,-5.846,-105.13,0.226,-0.284,9.758,0.009,0.044,-0.584,-9.740,-0.491,0.092,0.697,0.050,-0.002,0.000,0.000,0.000,0.00,15.0,OK
1787113721.827,ROTATING,0,191.00,21.61,-1.38,-0.23,1500,1700,0.00,5.257,-5.839,-167.58,0.226,-0.284,9.758,0.009,0.044,-0.584,-9.773,-0.606,-0.021,0.728,0.057,0.009,0.000,0.000,0.000,0.00,15.0,OK
1787113721.877,ROTATING,0,201.00,21.61,-1.38,-0.23,1500,1700,0.00,5.259,-5.839,-176.32,0.029,-0.304,9.836,0.025,0.041,-0.750,-9.835,-0.555,-0.112,0.749,0.060,0.005,0.000,0.000,0.000,0.00,15.0,OK
1787113721.927,ROTATING,0,201.00,21.61,-1.38,-0.23,1500,1700,0.00,5.210,-5.828,127.33,0.029,-0.304,9.836,0.025,0.041,-0.750,-9.869,-0.474,-0.091,0.772,0.068,-0.013,0.000,0.000,0.000,0.00,15.0,OK
1787113721.977,ROTATING,0,201.00,21.61,-1.38,-0.23,1500,1700,0.00,5.210,-5.828,127.33,0.029,-0.304,9.836,0.025,0.041,-0.750,-9.945,-0.463,-0.141,0.784,0.065,-0.004,0.000,0.000,0.000,0.00,15.0,OK
1787113722.027,ROTATING,0,201.00,21.61,-1.38,-0.23,1500,1700,0.00,5.202,-5.832,158.62,0.029,-0.304,9.836,0.025,0.041,-0.750,-9.830,-0.528,-0.083,0.809,0.064,-0.009,0.000,0.000,0.000,0.00,15.0,OK
1787113722.077,ROTATING,0,201.00,21.61,-1.38,-0.23,1500,1700,0.00,5.170,-5.797,2.05,0.029,-0.304,9.836,0.025,0.041,-0.750,-9.764,-0.453,-0.085,0.820,0.067,-0.005,0.000,0.000,0.000,0.00,15.0,OK
1787113722.127,ROTATING,0,212.00,21.61,-1.38,-0.23,1500,1700,0.00,5.155,-5.796,-70.30,0.206,-0.255,9.836,0.017,0.054,-0.842,-9.847,-0.380,-0.184,0.833,0.066,0.006,0.000,0.000,0.000,0.00,15.0,OK
1787113722.177,ROTATING,0,212.00,21.61,-1.38,-0.23,1500,1300,0.00,5.155,-5.796,-70.30,0.206,-0.255,9.836,0.017,0.054,-0.842,-9.704,-0.326,-0.248,0.846,0.068,-0.012,0.000,0.000,0.000,0.00,15.0,OK
1787113722.228,ROTATING,0,212.00,21.61,-1.38,-0.23,1500,1300,0.00,5.124,-5.777,-74.62,0.206,-0.255,9.836,0.017,0.054,-0.842,-9.912,0.296,-0.428,0.780,0.059,-0.001,0.000,0.000,0.000,0.00,15.0,OK
1787113722.277,ROTATING,0,212.00,21.61,-1.38,-0.23,1500,1300,0.00,5.126,-5.775,-72.78,0.206,-0.255,9.836,0.017,0.054,-0.842,-9.938,0.709,-0.406,0.656,0.048,0.018,0.000,0.000,0.000,0.00,15.0,OK
1787113722.328,ROTATING,0,212.00,21.61,-1.38,-0.23,1500,1300,0.00,5.126,-5.775,-72.78,0.206,-0.255,9.836,0.017,0.054,-0.842,-9.849,0.414,-0.286,0.527,0.040,0.030,0.000,0.000,0.000,0.00,15.0,OK
1787113722.378,ROTATING,0,223.00,21.61,-1.37,-0.23,1500,1300,0.00,5.117,-5.763,170.11,-0.118,-0.324,9.738,0.045,0.030,-0.493,-9.914,0.303,-0.270,0.448,0.031,0.042,0.000,0.000,0.000,0.00,15.0,OK
1787113722.427,ROTATING,0,223.00,21.61,-1.37,-0.23,1500,1300,0.00,5.119,-5.765,162.21,-0.118,-0.324,9.738,0.045,0.030,-0.493,-9.785,0.233,-0.210,0.375,0.023,0.040,0.000,0.000,0.000,0.00,15.0,OK
1787113722.477,ROTATING,0,223.00,21.61,-1.37,-0.23,1500,1300,0.00,5.075,-5.727,-91.39,-0.118,-0.324,9.738,0.045,0.030,-0.493,-9.788,0.156,-0.219,0.327,0.017,0.045,0.000,0.000,0.000,0.00,15.0,OK
1787113722.527,ROTATING,0,223.00,21.61,-1.37,-0.23,1500,1300,0.00,5.075,-5.727,-91.39,-0.118,-0.324,9.738,0.045,0.030,-0.493,-9.878,0.208,-0.181,0.287,0.014,0.043,0.000,0.000,0.000,0.00,15.0,OK
1787113722.577,ROTATING,0,223.00,21.61,-1.37,-0.23,1500,1300,0.00,5.058,-5.701,-81.21,-0.118,-0.324,9.738,0.045,0.030,-0.493,-9.790,0.130,-0.102,0.232,0.011,0.036,0.000,0.000,0.000,0.00,15.0,OK
1787113722.627,ROTATING,0,228.00,21.61,-1.38,-0.23,1500,1300,0.00,5.057,-5.695,-91.71,-0.177,-0.186,9.816,0.043,0.004,-0.209,-9.802,0.460,-0.174,0.175,0.002,0.028,0.000,0.000,0.000,0.00,15.0,OK
1787113722.678,ROTATING,0,228.00,21.61,-1.38,-0.23,1500,1300,0.00,5.043,-5.701,-94.86,-0.177,-0.186,9.816,0.043,0.004,-0.209,-9.809,0.398,-0.105,0.091,-0.003,0.029,0.000,0.000,0.000,0.00,15.0,OK
1787113722.727,ROTATING,0,228.00,21.61,-1.38,-0.23,1500,1300,0.00,5.043,-5.701,-94.86,-0.177,-0.186,9.816,0.043,0.004,-0.209,-9.838,0.868,-0.141,-0.010,-0.012,0.030,0.000,0.000,0.000,0.00,15.0,OK
1787113722.777,ROTATING,0,228.00,21.61,-1.38,-0.23,1500,1300,0.00,5.039,-5.694,-81.73,-0.177,-0.186,9.816,0.043,0.004,-0.209,-9.804,0.661,-0.114,-0.130,-0.021,0.015,0.000,0.000,0.000,0.00,15.0,OK
1787113722.827,ROTATING,0,228.00,21.61,-1.38,-0.23,1500,1300,0.00,5.034,-5.690,-68.88,-0.177,-0.186,9.816,0.043,0.004,-0.209,-9.859,0.612,-0.114,-0.221,-0.028,-0.006,0.000,0.000,0.000,0.00,15.0,OK
1787113722.877,ROTATING,0,227.00,21.61,-1.37,-0.23,1500,1300,0.00,5.032,-5.692,-63.44,-0.304,-0.039,9.787,-0.003,-0.026,0.276,-9.799,0.493,-0.160,-0.304,-0.033,0.002,0.000,0.000,0.000,0.00,15.0,OK
1787113722.927,ROTATING,0,227.00,21.61,-1.37,-0.23,1500,1300,0.00,5.032,-5.692,-63.44,-0.304,-0.039,9.787,-0.003,-0.026,0.276,-9.821,0.467,-0.136,-0.377,-0.041,-0.019,0.000,0.000,0.000,0.00,15.0,OK
1787113722.977,ROTATING,0,227.00,21.61,-1.37,-0.23,1500,1300,0.00,5.030,-5.704,-68.89,-0.304,-0.039,9.787,-0.003,-0.026,0.276,-9.888,0.325,-0.153,-0.436,-0.050,-0.017,0.000,0.000,0.000,0.00,15.0,OK
1787113723.027,ROTATING,0,227.00,21.61,-1.37,-0.23,1500,1300,0.00,5.029,-5.707,-69.50,-0.304,-0.039,9.787,-0.003,-0.026,0.276,-9.797,0.218,-0.114,-0.481,-0.053,-0.036,0.000,0.000,0.000,0.00,15.0,OK
1787113723.077,ROTATING,0,227.00,21.61,-1.37,-0.23,1500,1300,0.00,5.033,-5.722,-74.52,-0.304,-0.039,9.787,-0.003,-0.026,0.276,-9.790,0.159,-0.054,-0.512,-0.059,-0.062,0.000,0.000,0.000,0.00,15.0,OK
1787113723.127,ROTATING,0,221.00,21.61,-1.38,-0.23,1500,1300,0.00,5.033,-5.722,-74.52,-0.186,0.000,9.826,-0.074,-0.058,0.547,-9.861,-0.002,-0.098,-0.539,-0.066,-0.063,0.000,0.000,0.000,0.00,15.0,OK
1787113723.177,ROTATING,0,221.00,21.61,-1.38,-0.23,1500,1300,0.00,5.045,-5.729,-79.84,-0.186,0.000,9.826,-0.074,-0.058,0.547,-9.847,0.012,-0.047,-0.571,-0.065,-0.073,0.000,0.000,0.000,0.00,15.0,OK
1787113723.227,ROTATING,0,221.00,21.61,-1.38,-0.23,1500,1300,0.00,5.058,-5.748,-108.27,-0.186,0.000,9.826,-0.074,-0.058,0.547,-9.792,-0.002,-0.088,-0.602,-0.067,-0.071,0.000,0.000,0.000,0.00,15.0,OK
1787113723.277,ROTATING,0,221.00,21.61,-1.38,-0.23,1500,1300,0.00,5.059,-5.759,-117.30,-0.186,0.000,9.826,-0.074,-0.058,0.547,-9.854,-0.026,-0.057,-0.634,-0.069,-0.055,0.000,0.000,0.000,0.00,15.0,OK
1787113723.327,ROTATING,0,221.00,21.61,-1.38,-0.23,1500,1300,0.00,5.059,-5.755,-119.54,-0.186,0.000,9.826,-0.074,-0.058,0.547,-9.780,-0.133,-0.047,-0.655,-0.071,-0.043,0.000,0.000,0.000,0.00,15.0,OK
1787113723.377,ROTATING,0,212.00,21.61,-1.38,-0.23,1500,1300,0.00,5.059,-5.755,-119.54,0.010,-0.010,9.777,-0.043,-0.060,0.687,-9.833,-0.213,0.046,-0.680,-0.067,-0.031,0.000,0.000,0.000,0.00,15.0,OK
1787113723.427,ROTATING,0,212.00,21.61,-1.38,-0.23,1500,1300,0.00,5.044,-5.784,-79.45,0.010,-0.010,9.777,-0.043,-0.060,0.687,-9.864,-0.213,-0.026,-0.703,-0.069,-0.008,0.000,0.000,0.000,0.00,15.2,OK
1787113723.477,ROTATING,0,212.00,21.61,-1.38,-0.23,1500,1300,0.00,5.044,-5.785,-76.79,0.010,-0.010,9.777,-0.043,-0.060,0.687,-9.854,-0.098,-0.026,-0.725,-0.066,0.007,0.000,0.000,0.000,0.00,15.2,OK
1787113723.527,ROTATING,0,212.00,21.61,-1.38,-0.23,1500,1300,0.00,5.044,-5.785,-76.79,0.010,-0.010,9.777,-0.043,-0.060,0.687,-9.735,-0.317,0.082,-0.736,-0.062,0.005,0.000,0.000,0.000,0.00,15.2,OK
1787113723.577,ROTATING,0,212.00,21.61,-1.38,-0.23,1500,1300,0.00,4.994,-5.802,-25.68,0.010,-0.010,9.777,-0.043,-0.060,0.687,-9.926,-0.243,0.005,-0.747,-0.067,0.043,0.000,0.000,0.000,0.00,15.2,OK
1787113723.627,ROTATING,0,201.00,21.61,-1.38,-0.23,1500,1300,0.00,4.989,-5.803,-29.40,0.020,-0.216,9.797,0.028,-0.054,0.781,-9.828,-0.246,0.115,-0.760,-0.066,0.034,0.000,0.000,0.000,0.00,15.2,OK
1787113723.677,ROTATING,0,201.00,21.61,-1.38,-0.23,1500,1700,0.00,4.994,-5.828,-32.09,0.020,-0.216,9.797,0.028,-0.054,0.781,-9.780,-0.394,0.039,-0.770,-0.064,0.037,0.000,0.000,0.000,0.00,15.2,OK
1787113723.727,ROTATING,0,201.00,21.61,-1.38,-0.23,1500,1700,0.00,4.994,-5.828,-32.09,0.020,-0.216,9.797,0.028,-0.054,0.781,-9.857,-1.002,0.156,-0.710,-0.052,0.037,0.000,0.000,0.000,0.00,15.2,OK
1787113723.777,ROTATING,0,201.00,21.61,-1.38,-0.23,1500,1700,0.00,4.999,-5.825,-29.98,0.020,-0.216,9.797,0.028,-0.054,0.781,-9.683,-1.184,0.216,-0.593,-0.042,-0.003,0.000,0.000,0.000,0.00,15.2,OK
1787113723.828,ROTATING,0,201.00,21.61,-1.38,-0.23,1500,1700,0.00,5.028,-5.833,-38.68,0.020,-0.216,9.797,0.028,-0.054,0.781,-9.706,-1.077,0.324,-0.463,-0.030,-0.005,0.000,0.000,0.000,0.00,15.2,OK
1787113723.878,ROTATING,0,191.00,21.61,-1.38,-0.23,1500,1700,0.00,5.024,-5.828,-40.96,0.157,-0.206,9.787,-0.017,-0.024,0.437,-9.723,-0.936,0.331,-0.376,-0.025,-0.021,0.000,0.000,0.000,0.00,15.2,OK
1787113723.927,ROTATING,0,191.00,21.61,-1.38,-0.23,1500,1700,0.00,5.024,-5.828,-40.96,0.157,-0.206,9.787,-0.017,-0.024,0.437,-9.759,-0.807,0.307,-0.313,-0.019,-0.009,0.000,0.000,0.000,0.00,15.2,OK
1787113723.977,ROTATING,0,191.00,21.61,-1.38,-0.23,1500,1700,0.00,5.054,-5.839,-51.31,0.157,-0.206,9.787,-0.017,-0.024,0.437,-9.780,-0.752,0.300,-0.266,-0.012,0.000,0.000,0.000,0.000,0.00,15.2,OK
1787113724.027,ROTATING,0,191.00,21.61,-1.38,-0.23,1500,1700,0.00,5.089,-5.834,-64.89,0.157,-0.206,9.787,-0.017,-0.024,0.437,-9.749,-0.716,0.341,-0.220,-0.004,0.013,0.000,0.000,0.000,0.00,15.2,OK
1787113724.077,ROTATING,0,191.00,21.61,-1.38,-0.23,1500,1700,0.00,5.111,-5.848,-62.31,0.157,-0.206,9.787,-0.017,-0.024,0.437,-9.744,-0.697,0.374,-0.177,-0.003,0.017,0.000,0.000,0.000,0.00,15.2,OK
1787113724.127,ROTATING,0,187.00,21.61,-1.39,-0.23,1500,1700,0.00,5.127,-5.867,-76.77,0.196,-0.255,9.777,0.015,0.006,0.163,-9.768,-0.760,0.302,-0.129,0.009,0.020,0.000,0.000,0.000,0.00,15.2,OK
1787113724.177,ROTATING,0,187.00,21.61,-1.39,-0.23,1500,1700,0.00,5.127,-5.867,-76.77,0.196,-0.255,9.777,0.015,0.006,0.163,-9.721,-0.814,0.334,-0.076,0.012,0.006,0.000,0.000,0.000,0.00,15.2,OK
1787113724.227,ROTATING,0,187.00,21.61,-1.39,-0.23,1500,1700,0.00,5.134,-5.875,-79.11,0.196,-0.255,9.777,0.015,0.006,0.163,-9.749,-0.989,0.324,-0.025,0.017,0.020,0.000,0.000,0.000,0.00,15.2,OK
1787113724.277,ROTATING,0,187.00,21.61,-1.39,-0.23,1500,1700,0.00,5.141,-5.878,-79.78,0.196,-0.255,9.777,0.015,0.006,0.163,-9.797,-0.956,0.288,0.057,0.028,0.015,0.000,0.000,0.000,0.00,15.2,OK
1787113724.327,ROTATING,0,187.00,21.61,-1.39,-0.23,1500,1700,0.00,5.141,-5.878,-79.78,0.196,-0.255,9.777,0.015,0.006,0.163,-9.740,-1.096,0.369,0.143,0.036,0.004,0.000,0.000,0.000,0.00,15.2,OK
1787113724.377,ROTATING,0,188.00,21.61,-1.40,-0.23,1500,1700,0.00,5.140,-5.881,-79.36,0.147,-0.382,9.787,0.010,0.033,-0.201,-9.795,-1.028,0.336,0.246,0.036,-0.001,0.000,0.000,0.000,0.00,15.2,OK
1787113724.427,ROTATING,0,188.00,21.61,-1.40,-0.23,1500,1700,0.00,5.138,-5.882,-75.14,0.147,-0.382,9.787,0.010,0.033,-0.201,-9.766,-1.006,0.331,0.344,0.042,-0.009,0.000,0.000,0.000,0.00,15.2,OK
1787113724.477,ROTATING,0,188.00,21.61,-1.40,-0.23,1500,1700,0.00,5.141,-5.870,-70.17,0.147,-0.382,9.787,0.010,0.033,-0.201,-9.821,-0.897,0.312,0.425,0.047,-0.013,0.000,0.000,0.000,0.00,15.2,OK
1787113724.528,ROTATING,0,188.00,21.61,-1.40,-0.23,1500,1700,0.00,5.141,-5.870,-70.17,0.147,-0.382,9.787,0.010,0.033,-0.201,-9.811,-0.707,0.261,0.493,0.053,-0.023,0.000,0.000,0.000,0.00,15.2,OK
1787113724.578,ROTATING,0,188.00,21.61,-1.40,-0.23,1500,1700,0.00,5.137,-5.850,-73.63,0.147,-0.382,9.787,0.010,0.033,-0.201,-9.885,-0.818,0.151,0.549,0.059,-0.018,0.000,0.000,0.000,0.00,15.2,OK
1787113724.627,ROTATING,0,194.00,21.61,-1.39,-0.23,1500,1700,0.00,5.114,-5.836,-72.43,0.294,-0.284,9.816,-0.004,0.061,-0.585,-9.830,-0.760,0.113,0.599,0.065,-0.016,0.000,0.000,0.000,0.00,15.2,OK
1787113724.677,ROTATING,0,194.00,21.61,-1.39,-0.23,1500,1700,0.00,5.105,-5.841,-75.07,0.294,-0.284,9.816,-0.004,0.061,-0.585,-9.814,-0.650,0.111,0.636,0.066,0.011,0.000,0.000,0.000,0.00,15.2,OK
1787113724.727,ROTATING,0,194.00,21.61,-1.39,-0.23,1500,1700,0.00,5.105,-5.841,-75.07,0.294,-0.284,9.816,-0.004,0.061,-0.585,-9.857,-0.658,0.096,0.669,0.068,0.003,0.000,0.000,0.000,0.00,15.2,OK
1787113724.777,ROTATING,0,194.00,21.61,-1.39,-0.23,1500,1700,0.00,5.042,-5.831,-52.05,0.294,-0.284,9.816,-0.004,0.061,-0.585,-9.859,-0.655,-0.081,0.695,0.072,0.009,0.000,0.000,0.000,0.00,15.2,OK
1787113724.828,ROTATING,0,194.00,21.61,-1.39,-0.23,1500,1700,0.00,5.042,-5.844,-50.56,0.294,-0.284,9.816,-0.004,0.061,-0.585,-9.795,-0.557,-0.121,0.724,0.068,0.005,0.000,0.000,0.000,0.00,15.2,OK
1787113724.877,ROTATING,0,203.00,21.61,-1.39,-0.23,1500,1700,0.00,5.048,-5.805,-79.90,0.010,-0.324,9.846,0.012,0.060,-0.749,-9.840,-0.540,-0.117,0.744,0.072,0.004,0.000,0.000,0.000,0.00,15.2,OK
1787113724.927,ROTATING,0,203.00,21.61,-1.39,-0.23,1500,1300,0.00,5.064,-5.810,-80.25,0.010,-0.324,9.846,0.012,0.060,-0.749,-9.966,-0.375,-0.134,0.757,0.071,-0.001,0.000,0.000,0.000,0.00,15.2,OK
1787113724.977,ROTATING,0,203.00,21.61,-1.39,-0.23,1500,1300,0.00,5.064,-5.810,-80.25,0.010,-0.324,9.846,0.012,0.060,-0.749,-9.838,0.251,-0.339,0.708,0.065,-0.018,0.000,0.000,0.000,0.00,15.2,OK
1787113725.028,ROTATING,0,203.00,21.61,-1.39,-0.23,1500,1300,0.00,5.025,-5.804,-83.72,0.010,-0.324,9.846,0.012,0.060,-0.749,-9.938,0.463,-0.313,0.584,0.055,-0.002,0.000,0.000,0.000,0.00,15.2,OK
1787113725.077,ROTATING,0,203.00,21.61,-1.39,-0.23,1500,1300,0.00,5.036,-5.818,-78.50,0.010,-0.324,9.846,0.012,0.060,-0.749,-9.864,0.261,-0.167,0.480,0.043,-0.004,0.000,0.000,0.000,0.00,15.2,OK
1787113725.127,ROTATING,0,213.00,21.61,-1.38,-0.23,1500,1300,0.00,5.036,-5.818,-78.50,0.020,-0.284,9.846,0.011,0.033,-0.442,-9.847,0.103,-0.165,0.402,0.033,-0.001,0.000,0.000,0.000,0.00,15.2,OK
1787113725.178,ROTATING,0,213.00,21.61,-1.38,-0.23,1500,1300,0.00,5.052,-5.657,-51.28,0.020,-0.284,9.846,0.011,0.033,-0.442,-9.871,0.127,-0.203,0.334,0.024,0.002,0.000,0.000,0.000,0.00,15.2,OK
1787113725.227,ROTATING,0,213.00,21.61,-1.38,-0.23,1500,1300,0.00,4.974,-5.688,-71.98,0.020,-0.284,9.846,0.011,0.033,-0.442,-9.907,0.203,-0.090,0.261,0.016,0.007,0.000,0.000,0.000,0.00,15.2,OK
1787113725.277,ROTATING,0,213.00,21.61,-1.38,-0.23,1500,1300,0.00,4.945,-5.661,-72.33,0.020,-0.284,9.846,0.011,0.033,-0.442,-9.838,0.213,-0.121,0.201,0.011,0.001,0.000,0.000,0.000,0.00,15.2,OK
1787113725.327,ROTATING,0,213.00,21.61,-1.38,-0.23,1500,1300,0.00,4.945,-5.661,-72.33,0.020,-0.284,9.846,0.011,0.033,-0.442,-9.821,0.354,-0.026,0.109,-0.000,0.016,0.000,0.000,0.000,0.00,15.2,OK
1787113725.377,ROTATING,0,216.00,21.61,-1.38,-0.23,1500,1300,0.00,4.942,-5.686,-67.01,-0.137,-0.363,9.777,0.027,-0.004,-0.062,-9.928,0.437,-0.083,0.013,-0.005,0.024,0.000,0.000,0.000,0.00,15.2,OK
1787113725.427,ROTATING,0,216.00,21.61,-1.38,-0.23,1500,1300,0.00,4.934,-5.681,-69.05,-0.137,-0.363,9.777,0.027,-0.004,-0.062,-9.916,0.418,-0.047,-0.081,-0.015,0.024,0.000,0.000,0.000,0.00,15.2,OK
1787113725.477,ROTATING,0,216.00,21.61,-1.38,-0.23,1500,1300,0.00,4.934,-5.681,-69.05,-0.137,-0.363,9.777,0.027,-0.004,-0.062,-9.804,0.398,-0.100,-0.182,-0.020,0.030,0.000,0.000,0.000,0.00,14.0,OK
1787113725.527,ROTATING,0,216.00,21.61,-1.38,-0.23,1500,1300,0.00,4.912,-5.692,-66.91,-0.137,-0.363,9.777,0.027,-0.004,-0.062,-9.811,0.323,-0.052,-0.280,-0.027,0.026,0.000,0.000,0.000,0.00,14.0,OK
1787113725.577,ROTATING,0,216.00,21.61,-1.38,-0.23,1500,1300,0.00,4.912,-5.692,-66.91,-0.137,-0.363,9.777,0.027,-0.004,-0.062,-9.868,0.256,-0.045,-0.356,-0.030,0.018,0.000,0.000,0.000,0.00,14.0,OK
1787113725.627,ROTATING,0,213.00,21.61,-1.38,-0.23,1500,1300,0.00,4.908,-5.706,-63.50,-0.069,-0.226,9.787,0.015,-0.032,0.411,-9.802,0.123,-0.074,-0.427,-0.042,0.016,0.000,0.000,0.000,0.00,14.0,OK
1787113725.677,ROTATING,0,213.00,21.61,-1.38,-0.23,1500,1300,0.00,4.896,-5.732,-60.50,-0.069,-0.226,9.787,0.015,-0.032,0.411,-9.869,0.177,-0.023,-0.485,-0.054,0.019,0.000,0.000,0.000,0.00,14.0,OK
1787113725.728,ROTATING,0,213.00,21.61,-1.38,-0.23,1500,1300,0.00,4.901,-5.747,-59.63,-0.069,-0.226,9.787,0.015,-0.032,0.411,-9.769,0.090,-0.057,-0.518,-0.057,-0.005,0.000,0.000,0.000,0.00,14.0,OK
1787113725.777,ROTATING,0,213.00,21.61,-1.38,-0.23,1500,1300,0.00,4.901,-5.747,-59.63,-0.069,-0.226,9.787,0.015,-0.032,0.411,-9.842,-0.036,-0.064,-0.549,-0.065,-0.020,0.000,0.000,0.000,0.00,14.0,OK
1787113725.827,ROTATING,0,213.00,21.61,-1.38,-0.23,1500,1300,0.00,4.923,-5.753,-65.92,-0.069,-0.226,9.787,0.015,-0.032,0.411,-9.833,0.015,-0.085,-0.586,-0.067,-0.020,0.000,0.000,0.000,0.00,14.0,OK
1787113725.878,ROTATING,0,205.00,21.61,-1.38,-0.23,1500,1300,0.00,4.923,-5.778,-65.88,0.000,-0.206,9.748,-0.025,-0.060,0.616,-9.783,-0.054,-0.045,-0.604,-0.065,-0.020,0.000,0.000,0.000,0.00,14.0,OK
1787113725.927,ROTATING,0,205.00,21.61,-1.38,-0.23,1500,1300,0.00,4.923,-5.778,-65.88,0.000,-0.206,9.748,-0.025,-0.060,0.616,-9.756,0.001,-0.107,-0.629,-0.061,-0.013,0.000,0.000,0.000,0.00,14.0,OK
1787113725.977,ROTATING,0,205.00,21.61,-1.38,-0.23,1500,1300,0.00,4.936,-5.780,-66.23,0.000,-0.206,9.748,-0.025,-0.060,0.616,-9.857,-0.122,-0.004,-0.652,-0.063,-0.017,0.000,0.000,0.000,0.00,14.0,OK
1787113726.027,ROTATING,0,205.00,21.61,-1.38,-0.23,1500,1300,0.00,4.950,-5.782,-64.67,0.000,-0.206,9.748,-0.025,-0.060,0.616,-9.737,-0.266,0.027,-0.666,-0.053,-0.012,0.000,0.000,0.000,0.00,14.0,OK
1787113726.077,ROTATING,0,205.00,21.61,-1.38,-0.23,1500,1300,0.00,4.935,-5.759,-67.54,0.000,-0.206,9.748,-0.025,-0.060,0.616,-9.754,-0.152,0.080,-0.683,-0.048,-0.008,0.000,0.000,0.000,0.00,14.0,OK
1787113726.127,ROTATING,0,196.00,21.61,-1.38,-0.23,1500,1300,0.00,4.961,-5.797,-79.42,0.039,-0.177,9.807,-0.024,-0.037,0.717,-9.790,-0.124,-0.073,-0.709,-0.045,0.003,0.000,0.000,0.000,0.00,14.0,OK
1787113726.178,ROTATING,0,196.00,21.61,-1.38,-0.23,1500,1700,0.00,4.961,-5.797,-79.42,0.039,-0.177,9.807,-0.024,-0.037,0.717,-9.807,-0.413,0.001,-0.714,-0.047,0.010,0.000,0.000,0.000,0.00,14.0,OK
1787113726.227,ROTATING,0,196.00,21.61,-1.38,-0.23,1500,1700,0.00,4.985,-5.821,-74.95,0.039,-0.177,9.807,-0.024,-0.037,0.717,-9.671,-0.928,0.123,-0.663,-0.040,-0.009,0.000,0.000,0.000,0.00,14.0,OK
1787113726.277,ROTATING,0,196.00,21.61,-1.38,-0.23,1500,1700,0.00,5.003,-5.833,-73.27,0.039,-0.177,9.807,-0.024,-0.037,0.717,-9.759,-1.288,0.164,-0.544,-0.038,-0.010,0.000,0.000,0.000,0.00,14.0,OK
1787113726.328,ROTATING,0,196.00,21.61,-1.38,-0.23,1500,1700,0.00,5.003,-5.833,-73.27,0.039,-0.177,9.807,-0.024,-0.037,0.717,-9.809,-1.049,0.216,-0.418,-0.028,-0.008,0.000,0.000,0.000,0.00,14.0,OK
1787113726.377,ROTATING,0,187.00,21.61,-1.38,-0.23,1500,1700,0.00,4.998,-5.834,-73.18,0.108,-0.206,9.777,-0.014,-0.021,0.389,-9.792,-0.922,0.245,-0.331,-0.025,-0.008,0.000,0.000,0.000,0.00,14.0,OK
1787113726.427,ROTATING,0,187.00,21.61,-1.38,-0.23,1500,1700,0.00,5.056,-5.841,-87.47,0.108,-0.206,9.777,-0.014,-0.021,0.389,-9.766,-0.853,0.266,-0.277,-0.021,-0.001,0.000,0.000,0.000,0.00,14.0,OK
1787113726.477,ROTATING,0,187.00,21.61,-1.38,-0.23,1500,1700,0.00,5.056,-5.841,-87.47,0.108,-0.206,9.777,-0.014,-0.021,0.389,-9.754,-0.790,0.216,-0.234,-0.019,0.009,0.000,0.000,0.000,0.00,15.0,OK
1787113726.527,ROTATING,0,187.00,21.61,-1.38,-0.23,1500,1700,0.00,5.067,-5.857,-88.31,0.108,-0.206,9.777,-0.014,-0.021,0.389,-9.764,-0.743,0.269,-0.187,-0.011,0.002,0.000,0.000,0.000,0.00,15.0,OK
1787113726.577,ROTATING,0,187.00,21.61,-1.38,-0.23,1500,1700,0.00,5.082,-5.859,-92.17,0.108,-0.206,9.777,-0.014,-0.021,0.389,-9.811,-0.724,0.235,-0.141,-0.007,0.020,0.000,0.000,0.000,0.00,15.0,OK
1787113726.627,ROTATING,0,184.00,21.61,-1.39,-0.23,1500,1700,0.00,5.083,-5.866,-92.49,0.088,-0.363,9.787,0.021,-0.006,0.131,-9.778,-0.858,0.295,-0.091,-0.004,0.026,0.000,0.000,0.000,0.00,15.0,OK
1787113726.677,ROTATING,0,184.00,21.61,-1.39,-0.23,1500,1700,0.00,5.092,-5.864,-93.64,0.088,-0.363,9.787,0.021,-0.006,0.131,-9.785,-0.659,0.166,-0.037,0.004,0.015,0.000,0.000,0.000,0.00,15.0,OK
1787113726.727,ROTATING,0,184.00,21.61,-1.39,-0.23,1500,1700,0.00,5.092,-5.864,-93.64,0.088,-0.363,9.787,0.021,-0.006,0.131,-9.673,-1.203,0.422,0.045,0.010,-0.004,0.000,0.000,0.000,0.00,15.0,OK
1787113726.777,ROTATING,0,184.00,21.61,-1.39,-0.23,1500,1700,0.00,5.092,-5.880,-94.73,0.088,-0.363,9.787,0.021,-0.006,0.131,-9.735,-1.101,0.362,0.131,0.020,0.004,0.000,0.000,0.000,0.00,15.0,OK
1787113726.828,ROTATING,0,184.00,21.61,-1.39,-0.23,1500,1700,0.00,5.097,-5.888,-96.19,0.088,-0.363,9.787,0.021,-0.006,0.131,-9.790,-1.044,0.360,0.243,0.026,-0.002,0.000,0.000,0.000,0.00,15.0,OK
1787113726.877,ROTATING,0,185.00,21.61,-1.38,-0.23,1500,1700,0.00,5.095,-5.893,-96.82,0.186,-0.373,9.748,-0.004,0.031,-0.295,-9.788,-1.049,0.348,0.334,0.033,-0.013,0.000,0.000,0.000,0.00,15.0,OK
1787113726.927,ROTATING,0,185.00,21.61,-1.38,-0.23,1500,1700,0.00,5.097,-5.886,-98.36,0.186,-0.373,9.748,-0.004,0.031,-0.295,-9.857,-1.033,0.302,0.412,0.038,-0.023,0.000,0.000,0.000,0.00,15.0,OK
1787113726.977,ROTATING,0,185.00,21.61,-1.38,-0.23,1500,1700,0.00,5.097,-5.886,-98.36,0.186,-0.373,9.748,-0.004,0.031,-0.295,-9.823,-0.815,0.211,0.479,0.040,-0.012,0.000,0.000,0.000,0.00,15.0,OK
1787113727.027,ROTATING,0,185.00,21.61,-1.38,-0.23,1500,1700,0.00,5.084,-5.888,-96.96,0.186,-0.373,9.748,-0.004,0.031,-0.295,-9.723,-0.809,0.264,0.544,0.048,-0.005,0.000,0.000,0.000,0.00,15.0,OK
1787113727.077,ROTATING,0,185.00,21.61,-1.38,-0.23,1500,1700,0.00,5.061,-5.887,-92.71,0.186,-0.373,9.748,-0.004,0.031,-0.295,-9.783,-0.721,0.216,0.587,0.051,0.004,0.000,0.000,0.000,0.00,15.0,OK
1787113727.128,ROTATING,0,192.00,21.61,-1.39,-0.23,1500,1700,0.00,5.061,-5.887,-92.71,0.167,-0.353,9.797,0.024,0.042,-0.617,-9.790,-0.643,0.123,0.628,0.059,0.018,0.000,0.000,0.000,0.00,15.0,OK
1787113727.177,ROTATING,0,192.00,21.61,-1.39,-0.23,1500,1700,0.00,5.059,-5.887,-92.17,0.167,-0.353,9.797,0.024,0.042,-0.617,-9.744,-0.711,0.046,0.663,0.058,0.003,0.000,0.000,0.000,0.00,15.0,OK
1787113727.227,ROTATING,0,192.00,21.61,-1.39,-0.23,1500,1700,0.00,5.043,-5.889,-101.02,0.167,-0.353,9.797,0.024,0.042,-0.617,-9.763,-0.673,-0.030,0.690,0.055,0.005,0.000,0.000,0.000,0.00,15.0,OK
1787113727.277,ROTATING,0,192.00,21.61,-1.39,-0.23,1500,1700,0.00,5.052,-5.900,-102.31,0.167,-0.353,9.797,0.024,0.042,-0.617,-9.759,-0.518,-0.018,0.713,0.059,-0.000,0.000,0.000,0.000,0.00,15.0,OK
1787113727.328,ROTATING,0,192.00,21.61,-1.39,-0.23,1500,1700,0.00,5.023,-5.871,-94.40,0.167,-0.353,9.797,0.024,0.042,-0.617,-9.893,-0.567,-0.079,0.739,0.060,-0.003,0.000,0.000,0.000,0.00,15.0,OK
1787113727.377,ROTATING,0,202.00,21.61,-1.38,-0.23,1500,1700,0.00,5.023,-5.871,-94.40,0.196,-0.382,9.787,-0.013,0.055,-0.762,-9.912,-0.560,-0.136,0.757,0.063,-0.014,0.000,0.000,0.000,0.00,15.0,OK
1787113727.427,ROTATING,0,202.00,21.61,-1.38,-0.23,1500,1300,0.00,5.015,-5.869,-95.59,0.196,-0.382,9.787,-0.013,0.055,-0.762,-9.797,-0.320,-0.059,0.772,0.067,-0.017,0.000,0.000,0.000,0.00,15.0,OK
1787113727.477,ROTATING,0,202.00,21.61,-1.38,-0.23,1500,1300,0.00,4.986,-5.857,-99.66,0.196,-0.382,9.787,-0.013,0.055,-0.762,-9.840,0.204,-0.248,0.719,0.065,-0.014,0.000,0.000,0.000,0.00,15.0,OK
1787113727.527,ROTATING,0,202.00,21.61,-1.38,-0.23,1500,1300,0.00,4.986,-5.857,-99.66,0.196,-0.382,9.787,-0.013,0.055,-0.762,-9.881,0.457,-0.275,0.617,0.060,-0.003,0.000,0.000,0.000,0.00,15.2,OK
1787113727.578,ROTATING,0,202.00,21.61,-1.38,-0.23,1500,1300,0.00,4.992,-5.862,-100.50,0.196,-0.382,9.787,-0.013,0.055,-0.762,-9.899,0.270,-0.191,0.494,0.051,0.009,0.000,0.000,0.000,0.00,15.2,OK
1787113727.627,ROTATING,0,211.00,21.61,-1.38,-0.23,1500,1300,0.00,4.926,-5.850,-85.07,0.010,-0.343,9.826,0.015,0.039,-0.463,-9.816,0.137,-0.167,0.420,0.043,0.006,0.000,0.000,0.000,0.00,15.2,OK
1787113727.677,ROTATING,0,211.00,21.61,-1.38,-0.23,1500,1300,0.00,4.930,-5.855,-80.68,0.010,-0.343,9.826,0.015,0.039,-0.463,-9.881,0.119,-0.112,0.356,0.031,0.011,0.000,0.000,0.000,0.00,15.2,OK
1787113727.727,ROTATING,0,211.00,21.61,-1.38,-0.23,1500,1300,0.00,4.914,-5.853,-88.71,0.010,-0.343,9.826,0.015,0.039,-0.463,-9.838,0.110,-0.086,0.285,0.024,0.008,0.000,0.000,0.000,0.00,15.2,OK
1787113727.777,ROTATING,0,211.00,21.61,-1.38,-0.23,1500,1300,0.00,4.914,-5.853,-88.71,0.010,-0.343,9.826,0.015,0.039,-0.463,-9.840,0.115,-0.122,0.221,0.016,0.016,0.000,0.000,0.000,0.00,15.2,OK
1787113727.827,ROTATING,0,211.00,21.61,-1.38,-0.23,1500,1300,0.00,4.905,-5.845,-88.40,0.010,-0.343,9.826,0.015,0.039,-0.463,-9.895,0.203,-0.050,0.155,0.005,0.026,0.000,0.000,0.000,0.00,15.2,OK
1787113727.877,ROTATING,0,215.00,21.61,-1.38,-0.23,1500,1300,0.00,4.903,-5.838,-89.86,-0.118,-0.314,9.777,0.028,0.003,-0.104,-9.916,0.415,-0.031,0.048,-0.001,0.018,0.000,0.000,0.000,0.00,15.2,OK
1787113727.927,ROTATING,0,215.00,21.61,-1.38,-0.23,1500,1300,0.00,4.887,-5.841,-83.42,-0.118,-0.314,9.777,0.028,0.003,-0.104,-9.902,0.423,-0.019,-0.041,-0.010,0.019,0.000,0.000,0.000,0.00,15.2,OK
1787113727.977,ROTATING,0,215.00,21.61,-1.38,-0.23,1500,1300,0.00,4.887,-5.841,-83.42,-0.118,-0.314,9.777,0.028,0.003,-0.104,-9.919,0.621,-0.136,-0.151,-0.018,0.034,0.000,0.000,0.000,0.00,15.2,OK
1787113728.027,ROTATING,0,215.00,21.61,-1.38,-0.23,1500,1300,0.00,4.887,-5.841,-83.42,-0.118,-0.314,9.777,0.028,0.003,-0.104,-9.849,0.433,-0.150,-0.257,-0.023,0.023,0.000,0.000,0.000,0.00,15.2,OK
1787113728.077,ROTATING,0,215.00,21.61,-1.38,-0.23,1500,1300,0.00,4.872,-5.841,-77.85,-0.118,-0.314,9.777,0.028,0.003,-0.104,-9.859,0.289,-0.105,-0.336,-0.030,0.005,0.000,0.000,0.000,0.00,15.2,OK
1787113728.127,ROTATING,0,212.00,21.61,-1.39,-0.23,1500,1300,0.00,4.872,-5.841,-77.85,-0.098,-0.245,9.797,-0.005,-0.027,0.386,-9.838,0.235,-0.030,-0.407,-0.036,-0.005,0.000,0.000,0.000,0.00,15.2,OK
1787113728.177,ROTATING,0,212.00,21.61,-1.39,-0.23,1500,1300,0.00,4.868,-5.844,-75.49,-0.098,-0.245,9.797,-0.005,-0.027,0.386,-9.835,0.122,-0.105,-0.462,-0.042,-0.008,0.000,0.000,0.000,0.00,15.2,OK
1787113728.227,ROTATING,0,212.00,21.61,-1.39,-0.23,1500,1300,0.00,4.873,-5.851,-77.49,-0.098,-0.245,9.797,-0.005,-0.027,0.386,-9.890,0.038,-0.095,-0.517,-0.047,-0.020,0.000,0.000,0.000,0.00,15.2,OK
1787113728.277,ROTATING,0,212.00,21.61,-1.39,-0.23,1500,1300,0.00,4.890,-5.863,-87.97,-0.098,-0.245,9.797,-0.005,-0.027,0.386,-9.787,0.022,-0.140,-0.548,-0.053,-0.017,0.000,0.000,0.000,0.00,15.2,OK
1787113728.327,ROTATING,0,212.00,21.61,-1.39,-0.23,1500,1300,0.00,4.890,-5.863,-87.97,-0.098,-0.245,9.797,-0.005,-0.027,0.386,-9.825,-0.069,-0.011,-0.578,-0.059,-0.013,0.000,0.000,0.000,0.00,15.2,OK
1787113728.378,ROTATING,0,205.00,21.61,-1.38,-0.23,1500,1300,0.00,4.896,-5.865,-91.85,-0.078,-0.186,9.787,-0.033,-0.054,0.609,-9.780,-0.121,-0.078,-0.604,-0.062,-0.022,0.000,0.000,0.000,0.00,15.2,OK
1787113728.427,ROTATING,0,205.00,21.61,-1.38,-0.23,1500,1300,0.00,4.900,-5.876,-91.74,-0.078,-0.186,9.787,-0.033,-0.054,0.609,-9.852,-0.117,-0.052,-0.633,-0.064,-0.007,0.000,0.000,0.000,0.00,15.2,OK
1787113728.477,ROTATING,0,205.00,21.61,-1.38,-0.23,1500,1300,0.00,4.907,-5.881,-92.59,-0.078,-0.186,9.787,-0.033,-0.054,0.609,-9.711,-0.187,-0.052,-0.658,-0.060,-0.020,0.000,0.000,0.000,0.00,15.2,OK
1787113728.528,ROTATING,0,205.00,21.61,-1.38,-0.23,1500,1300,0.00,4.907,-5.881,-92.59,-0.078,-0.186,9.787,-0.033,-0.054,0.609,-9.880,-0.151,-0.030,-0.685,-0.057,-0.022,0.000,0.000,0.000,0.00,14.0,OK
1787113728.577,ROTATING,0,205.00,21.61,-1.38,-0.23,1500,1300,0.00,4.911,-5.873,-91.40,-0.078,-0.186,9.787,-0.033,-0.054,0.609,-9.773,-0.171,-0.054,-0.700,-0.054,-0.027,0.000,0.000,0.000,0.00,14.0,OK
1787113728.627,ROTATING,0,195.00,21.61,-1.38,-0.23,1500,1300,0.00,4.927,-5.898,-94.95,0.000,-0.177,9.816,-0.034,-0.042,0.736,-9.795,-0.289,0.044,-0.715,-0.050,-0.015,0.000,0.000,0.000,0.00,14.0,OK
1787113728.677,ROTATING,0,195.00,21.61,-1.38,-0.23,1500,1700,0.00,4.927,-5.898,-94.95,0.000,-0.177,9.816,-0.034,-0.042,0.736,-9.694,-0.390,-0.097,-0.723,-0.045,-0.011,0.000,0.000,0.000,0.00,14.0,OK
1787113728.727,ROTATING,0,195.00,21.61,-1.38,-0.23,1500,1700,0.00,4.930,-5.900,-94.43,0.000,-0.177,9.816,-0.034,-0.042,0.736,-9.778,-0.984,0.068,-0.678,-0.043,-0.006,0.000,0.000,0.000,0.00,14.0,OK
1787113728.777,ROTATING,0,195.00,21.61,-1.38,-0.23,1500,1700,0.00,4.948,-5.911,-93.34,0.000,-0.177,9.816,-0.034,-0.042,0.736,-9.733,-1.314,0.135,-0.561,-0.042,-0.025,0.000,0.000,0.000,0.00,14.0,OK
1787113728.827,ROTATING,0,195.00,21.61,-1.38,-0.23,1500,1700,0.00,4.947,-5.911,-92.70,0.000,-0.177,9.816,-0.034,-0.042,0.736,-9.768,-1.185,0.226,-0.439,-0.035,-0.002,0.000,0.000,0.000,0.00,14.0,OK
1787113728.877,ROTATING,0,186.00,21.61,-1.38,-0.23,1500,1700,0.00,4.979,-5.934,-101.19,0.029,-0.275,9.807,-0.012,-0.032,0.406,-9.811,-0.983,0.218,-0.354,-0.035,-0.005,0.000,0.000,0.000,0.00,14.0,OK
1787113728.927,ROTATING,0,186.00,21.61,-1.38,-0.23,1500,1700,0.00,4.979,-5.934,-101.19,0.029,-0.275,9.807,-0.012,-0.032,0.406,-9.747,-0.951,0.209,-0.285,-0.031,0.011,0.000,0.000,0.000,0.00,14.0,OK
1787113728.978,ROTATING,0,186.00,21.61,-1.38,-0.23,1500,1700,0.00,5.005,-5.951,-105.83,0.029,-0.275,9.807,-0.012,-0.032,0.406,-9.682,-0.868,0.250,-0.230,-0.024,0.012,0.000,0.000,0.000,0.00,14.0,OK
1787113729.027,ROTATING,0,186.00,21.61,-1.38,-0.23,1500,1700,0.00,5.016,-5.962,-109.59,0.029,-0.275,9.807,-0.012,-0.032,0.406,-9.728,-0.826,0.269,-0.182,-0.017,0.026,0.000,0.000,0.000,0.00,14.0,OK
1787113729.077,ROTATING,0,186.00,21.61,-1.38,-0.23,1500,1700,0.00,5.033,-5.966,-114.13,0.029,-0.275,9.807,-0.012,-0.032,0.406,-9.759,-0.680,0.230,-0.154,-0.012,0.028,0.000,0.000,0.000,0.00,14.0,OK
1787113729.127,ROTATING,0,182.00,21.61,-1.39,-0.23,1500,1700,0.00,5.033,-5.966,-114.13,0.127,-0.363,9.787,0.028,-0.010,0.132,-9.721,-0.816,0.204,-0.100,-0.009,0.024,0.000,0.000,0.000,0.00,14.0,OK
1787113729.178,ROTATING,0,182.00,21.61,-1.39,-0.23,1500,1700,0.00,5.037,-5.973,-115.10,0.127,-0.363,9.787,0.028,-0.010,0.132,-9.687,-0.857,0.317,-0.045,-0.004,0.022,0.000,0.000,0.000,0.00,14.0,OK
1787113729.227,ROTATING,0,182.00,21.61,-1.39,-0.23,1500,1700,0.00,5.039,-5.964,-108.15,0.127,-0.363,9.787,0.028,-0.010,0.132,-9.733,-1.077,0.355,0.046,0.001,0.011,0.000,0.000,0.000,0.00,14.0,OK
1787113729.277,ROTATING,0,182.00,21.61,-1.39,-0.23,1500,1700,0.00,5.026,-5.966,-102.76,0.127,-0.363,9.787,0.028,-0.010,0.132,-9.771,-1.085,0.302,0.125,0.011,0.016,0.000,0.000,0.000,0.00,14.0,OK
1787113729.327,ROTATING,0,182.00,21.61,-1.39,-0.23,1500,1700,0.00,5.026,-5.966,-102.76,0.127,-0.363,9.787,0.028,-0.010,0.132,-9.773,-1.161,0.353,0.235,0.018,0.009,0.000,0.000,0.000,0.00,14.0,OK
1787113729.377,ROTATING,0,183.00,21.61,-1.38,-0.23,1500,1700,0.00,5.025,-5.969,-104.53,0.069,-0.441,9.826,0.005,0.018,-0.283,-9.716,-1.101,0.341,0.327,0.027,-0.014,0.000,0.000,0.000,0.00,14.0,OK
1787113729.427,ROTATING,0,183.00,21.61,-1.38,-0.23,1500,1700,0.00,5.021,-5.974,-106.42,0.069,-0.441,9.826,0.005,0.018,-0.283,-9.775,-1.042,0.197,0.410,0.033,-0.010,0.000,0.000,0.000,0.00,14.0,OK
1787113729.478,ROTATING,0,183.00,21.61,-1.38,-0.23,1500,1700,0.00,5.020,-5.972,-108.73,0.069,-0.441,9.826,0.005,0.018,-0.283,-9.704,-0.830,0.192,0.480,0.039,-0.030,0.000,0.000,0.000,0.00,14.0,OK
1787113729.527,ROTATING,0,183.00,21.61,-1.38,-0.23,1500,1700,0.00,5.020,-5.972,-108.73,0.069,-0.441,9.826,0.005,0.018,-0.283,-9.847,-0.811,0.149,0.528,0.043,-0.029,0.000,0.000,0.000,0.00,14.0,OK
1787113729.577,ROTATING,0,183.00,21.61,-1.38,-0.23,1500,1700,0.00,5.014,-5.965,-111.34,0.069,-0.441,9.826,0.005,0.018,-0.283,-9.899,-0.697,0.068,0.577,0.043,-0.027,0.000,0.000,0.000,0.00,15.3,OK
1787113729.627,ROTATING,0,190.00,21.61,-1.38,-0.23,1500,1700,0.00,5.005,-5.958,-108.60,0.284,-0.392,9.777,0.008,0.036,-0.608,-9.895,-0.759,0.053,0.620,0.047,-0.006,0.000,0.000,0.000,0.00,15.3,OK
1787113729.677,ROTATING,0,190.00,21.61,-1.38,-0.23,1500,1700,0.00,5.000,-5.962,-108.59,0.284,-0.392,9.777,0.008,0.036,-0.608,-9.794,-0.719,0.106,0.654,0.049,0.015,0.000,0.000,0.000,0.00,15.3,OK
1787113729.727,ROTATING,0,190.00,21.61,-1.38,-0.23,1500,1700,0.00,5.000,-5.962,-108.59,0.284,-0.392,9.777,0.008,0.036,-0.608,-9.745,-0.637,0.037,0.683,0.053,0.006,0.000,0.000,0.000,0.00,15.3,OK
1787113729.777,ROTATING,0,190.00,21.61,-1.38,-0.23,1500,1700,0.00,4.917,-5.839,-86.62,0.284,-0.392,9.777,0.008,0.036,-0.608,-9.852,-0.529,0.034,0.703,0.046,-0.008,0.000,0.000,0.000,0.00,15.3,OK
1787113729.827,ROTATING,0,190.00,21.61,-1.38,-0.23,1500,1700,0.00,4.919,-5.837,-86.62,0.284,-0.392,9.777,0.008,0.036,-0.608,-9.799,-0.633,0.039,0.732,0.051,-0.006,0.000,0.000,0.000,0.00,15.3,OK
1787113729.878,ROTATING,0,200.00,21.61,-1.38,-0.23,1500,1700,0.00,4.915,-5.817,-90.45,0.078,-0.363,9.807,0.017,0.037,-0.753,-9.625,-0.617,-0.042,0.754,0.051,-0.019,0.000,0.000,0.000,0.00,15.3,OK
1787113729.927,ROTATING,0,200.00,21.61,-1.38,-0.23,1500,1700,0.00,4.915,-5.817,-90.45,0.078,-0.363,9.807,0.017,0.037,-0.753,-9.742,-0.594,0.011,0.775,0.057,-0.024,0.000,0.000,0.000,0.00,15.3,OK
1787113729.977,ROTATING,0,200.00,21.61,-1.38,-0.23,1500,1700,0.00,4.912,-5.815,-91.27,0.078,-0.363,9.807,0.017,0.037,-0.753,-9.862,-0.598,-0.141,0.796,0.057,-0.028,0.000,0.000,0.000,0.00,15.3,OK
1787113730.027,ROTATING,0,200.00,21.61,-1.38,-0.23,1500,1700,0.00,4.881,-5.823,-96.21,0.078,-0.363,9.807,0.017,0.037,-0.753,-9.835,-0.550,-0.054,0.817,0.057,-0.029,0.000,0.000,0.000,0.00,15.3,OK
1787113730.077,ROTATING,0,200.00,21.61,-1.38,-0.23,1500,1700,0.00,4.894,-5.842,-95.72,0.078,-0.363,9.807,0.017,0.037,-0.753,-9.811,-0.523,-0.021,0.827,0.057,-0.037,0.000,0.000,0.000,0.00,15.3,OK
1787113730.127,ROTATING,0,212.00,21.61,-1.38,-0.23,1500,1700,0.00,4.894,-5.842,-95.72,0.118,-0.373,9.836,-0.013,0.050,-0.852,-9.775,-0.587,-0.090,0.846,0.062,-0.024,0.000,0.000,0.000,0.00,15.3,OK
1787113730.178,ROTATING,0,212.00,21.61,-1.38,-0.23,1500,1300,0.00,4.866,-5.856,-102.80,0.118,-0.373,9.836,-0.013,0.050,-0.852,-9.630,-0.421,-0.133,0.860,0.068,-0.028,0.000,0.000,0.000,0.00,15.3,OK
1787113730.227,ROTATING,0,212.00,21.61,-1.38,-0.23,1500,1300,0.00,4.876,-5.867,-102.73,0.118,-0.373,9.836,-0.013,0.050,-0.852,-9.775,0.178,-0.248,0.798,0.068,-0.024,0.000,0.000,0.000,0.00,15.3,OK
1787113730.277,ROTATING,0,212.00,21.61,-1.38,-0.23,1500,1300,0.00,4.870,-5.875,-119.84,0.118,-0.373,9.836,-0.013,0.050,-0.852,-9.938,0.463,-0.239,0.665,0.052,0.018,0.000,0.000,0.000,0.00,15.3,OK
1787113730.327,ROTATING,0,212.00,21.61,-1.38,-0.23,1500,1300,0.00,4.870,-5.875,-119.84,0.118,-0.373,9.836,-0.013,0.050,-0.852,-9.804,0.278,-0.191,0.553,0.046,0.034,0.000,0.000,0.000,0.00,15.3,OK
1787113730.377,ROTATING,0,222.00,21.61,-1.36,-0.23,1500,1300,0.00,4.876,-5.880,-121.35,0.000,-0.402,9.748,0.043,0.038,-0.512,-9.850,0.189,-0.203,0.468,0.040,0.034,0.000,0.000,0.000,0.00,15.3,OK
1787113730.428,ROTATING,0,222.00,21.61,-1.36,-0.23,1500,1300,0.00,4.790,-5.909,-128.51,0.000,-0.402,9.748,0.043,0.038,-0.512,-9.842,0.074,-0.090,0.390,0.034,0.038,0.000,0.000,0.000,0.00,15.3,OK
1787113730.478,ROTATING,0,222.00,21.61,-1.36,-0.23,1500,1300,0.00,4.796,-5.935,-111.59,0.000,-0.402,9.748,0.043,0.038,-0.512,-9.804,0.063,-0.112,0.342,0.030,0.034,0.000,0.000,0.000,0.00,15.3,OK
1787113730.527,ROTATING,0,222.00,21.61,-1.36,-0.23,1500,1300,0.00,4.796,-5.935,-111.59,0.000,-0.402,9.748,0.043,0.038,-0.512,-9.790,0.046,-0.114,0.298,0.028,0.022,0.000,0.000,0.000,0.00,15.3,OK
1787113730.578,ROTATING,0,222.00,21.61,-1.36,-0.23,1500,1300,0.00,4.781,-5.957,162.71,0.000,-0.402,9.748,0.043,0.038,-0.512,-9.752,0.078,-0.145,0.249,0.025,0.021,0.000,0.000,0.000,0.00,15.0,OK
1787113730.627,ROTATING,0,227.00,21.61,-1.38,-0.23,1500,1300,0.00,4.776,-5.968,160.21,-0.098,-0.284,9.807,0.015,0.020,-0.230,-9.835,0.282,-0.035,0.198,0.022,0.009,0.000,0.000,0.000,0.00,15.0,OK
1787113730.677,ROTATING,0,227.00,21.61,-1.38,-0.23,1500,1300,0.00,4.784,-5.954,135.53,-0.098,-0.284,9.807,0.015,0.020,-0.230,-9.830,0.261,-0.102,0.119,0.014,0.011,0.000,0.000,0.000,0.00,15.0,OK
1787113730.727,ROTATING,0,227.00,21.61,-1.38,-0.23,1500,1300,0.00,4.784,-5.954,135.53,-0.098,-0.284,9.807,0.015,0.020,-0.230,-9.802,0.678,0.015,0.018,0.008,0.002,0.000,0.000,0.000,0.00,15.0,OK
1787113730.777,ROTATING,0,227.00,21.61,-1.38,-0.23,1500,1300,0.00,4.778,-5.948,167.54,-0.098,-0.284,9.807,0.015,0.020,-0.230,-9.864,0.524,-0.059,-0.102,-0.002,0.026,0.000,0.000,0.000,0.00,15.0,OK
1787113730.827,ROTATING,0,227.00,21.61,-1.38,-0.23,1500,1300,0.00,4.778,-5.948,167.54,-0.098,-0.284,9.807,0.015,0.020,-0.230,-9.864,0.454,-0.141,-0.213,-0.014,0.015,0.000,0.000,0.000,0.00,15.0,OK
1787113730.877,ROTATING,0,227.00,21.61,-1.38,-0.23,1500,1300,0.00,4.767,-5.942,178.67,-0.088,-0.167,9.777,0.004,-0.014,0.265,-9.864,0.435,-0.117,-0.301,-0.020,0.001,0.000,0.000,0.000,0.00,15.0,OK
1787113730.928,ROTATING,0,227.00,21.61,-1.38,-0.23,1500,1300,0.00,4.755,-5.943,-169.78,-0.088,-0.167,9.777,0.004,-0.014,0.265,-9.845,0.187,-0.198,-0.374,-0.027,-0.015,0.000,0.000,0.000,0.00,15.0,OK
1787113730.977,ROTATING,0,227.00,21.61,-1.38,-0.23,1500,1300,0.00,4.749,-5.954,-176.56,-0.088,-0.167,9.777,0.004,-0.014,0.265,-9.892,0.148,-0.100,-0.438,-0.035,-0.017,0.000,0.000,0.000,0.00,15.0,OK
1787113731.027,ROTATING,0,227.00,21.61,-1.38,-0.23,1500,1300,0.00,4.747,-5.961,-170.28,-0.088,-0.167,9.777,0.004,-0.014,0.265,-9.771,0.111,-0.116,-0.493,-0.037,-0.043,0.000,0.000,0.000,0.00,15.0,OK
1787113731.077,ROTATING,0,227.00,21.61,-1.38,-0.23,1500,1300,0.00,4.744,-5.969,-146.58,-0.088,-0.167,9.777,0.004,-0.014,0.265,-9.795,-0.030,-0.160,-0.526,-0.043,-0.041,0.000,0.000,0.000,0.00,15.0,OK
1787113731.127,ROTATING,0,221.00,21.61,-1.38,-0.23,1500,1300,0.00,4.744,-5.969,-146.58,-0.167,-0.137,9.826,-0.064,-0.040,0.567,-9.845,-0.100,-0.153,-0.564,-0.045,-0.051,0.000,0.000,0.000,0.00,15.0,OK
1787113731.177,ROTATING,0,221.00,21.61,-1.38,-0.23,1500,1300,0.00,4.743,-5.977,-120.91,-0.167,-0.137,9.826,-0.064,-0.040,0.567,-9.816,-0.114,-0.102,-0.594,-0.049,-0.056,0.000,0.000,0.000,0.00,15.0,OK
1787113731.227,ROTATING,0,221.00,21.61,-1.38,-0.23,1500,1300,0.00,4.752,-5.979,-126.04,-0.167,-0.137,9.826,-0.064,-0.040,0.567,-9.797,-0.071,-0.085,-0.617,-0.047,-0.040,0.000,0.000,0.000,0.00,15.0,OK
1787113731.277,ROTATING,0,221.00,21.61,-1.38,-0.23,1500,1300,0.00,4.752,-5.984,-125.83,-0.167,-0.137,9.826,-0.064,-0.040,0.567,-9.833,-0.174,-0.160,-0.646,-0.054,-0.046,0.000,0.000,0.000,0.00,15.0,OK
1787113731.327,ROTATING,0,221.00,21.61,-1.38,-0.23,1500,1300,0.00,4.752,-5.984,-125.83,-0.167,-0.137,9.826,-0.064,-0.040,0.567,-9.744,-0.300,-0.133,-0.668,-0.054,-0.032,0.000,0.000,0.000,0.00,15.0,OK
1787113731.377,ROTATING,0,211.00,21.61,-1.37,-0.23,1500,1300,0.00,4.737,-5.980,-60.83,-0.029,-0.157,9.777,-0.030,-0.045,0.702,-9.754,-0.293,-0.093,-0.688,-0.051,-0.028,0.000,0.000,0.000,0.00,15.0,OK
1787113731.427,ROTATING,0,211.00,21.61,-1.37,-0.23,1500,1300,0.00,4.730,-5.979,-65.40,-0.029,-0.157,9.777,-0.030,-0.045,0.702,-9.835,-0.208,-0.208,-0.708,-0.054,0.000,0.000,0.000,0.000,0.00,15.0,OK
1787113731.477,ROTATING,0,211.00,21.61,-1.37,-0.23,1500,1300,0.00,4.754,-5.980,-88.65,-0.029,-0.157,9.777,-0.030,-0.045,0.702,-9.771,-0.319,-0.057,-0.732,-0.049,0.010,0.000,0.000,0.000,0.00,15.0,OK
1787113731.527,ROTATING,0,211.00,21.61,-1.37,-0.23,1500,1300,0.00,4.754,-5.980,-88.65,-0.029,-0.157,9.777,-0.030,-0.045,0.702,-9.690,-0.412,-0.116,-0.741,-0.050,0.018,0.000,0.000,0.000,0.00,15.0,OK
1787113731.577,ROTATING,0,211.00,21.61,-1.37,-0.23,1500,1300,0.00,4.752,-5.981,-89.61,-0.029,-0.157,9.777,-0.030,-0.045,0.702,-9.905,-0.331,-0.177,-0.756,-0.049,0.035,0.000,0.000,0.000,0.00,15.0,OK
1787113731.627,ROTATING,0,201.00,21.61,-1.38,-0.23,1500,1300,0.00,4.756,-5.989,-79.57,-0.078,-0.353,9.777,0.024,-0.042,0.782,-9.797,-0.358,-0.105,-0.766,-0.051,0.040,0.000,0.000,0.000,0.00,15.2,OK
1787113731.677,ROTATING,0,201.00,21.61,-1.38,-0.23,1500,1700,0.00,4.754,-5.991,-77.89,-0.078,-0.353,9.777,0.024,-0.042,0.782,-9.845,-0.481,-0.148,-0.773,-0.063,0.058,0.000,0.000,0.000,0.00,15.2,OK
1787113731.727,ROTATING,0,201.00,21.61,-1.38,-0.23,1500,1700,0.00,4.754,-5.991,-77.89,-0.078,-0.353,9.777,0.024,-0.042,0.782,-9.892,-0.988,0.044,-0.707,-0.061,0.041,0.000,0.000,0.000,0.00,15.2,OK
1787113731.778,ROTATING,0,201.00,21.61,-1.38,-0.23,1500,1700,0.00,4.706,-6.044,-35.97,-0.078,-0.353,9.777,0.024,-0.042,0.782,-9.723,-1.347,0.030,-0.594,-0.052,0.013,0.000,0.000,0.000,0.00,15.2,OK
1787113731.827,ROTATING,0,201.00,21.61,-1.38,-0.23,1500,1700,0.00,4.722,-6.065,-25.09,-0.078,-0.353,9.777,0.024,-0.042,0.782,-9.756,-1.140,0.185,-0.472,-0.040,0.018,0.000,0.000,0.000,0.00,15.2,OK
1787113731.877,ROTATING,0,191.00,21.61,-1.38,-0.23,1500,1700,0.00,4.739,-6.082,-36.59,-0.108,-0.333,9.836,0.004,-0.035,0.439,-9.752,-1.042,0.168,-0.385,-0.038,0.014,0.000,0.000,0.000,0.00,15.2,OK
1787113731.927,ROTATING,0,191.00,21.61,-1.38,-0.23,1500,1700,0.00,4.739,-6.082,-36.59,-0.108,-0.333,9.836,0.004,-0.035,0.439,-9.764,-0.834,0.142,-0.316,-0.028,0.013,0.000,0.000,0.000,0.00,15.2,OK
1787113731.977,ROTATING,0,191.00,21.61,-1.38,-0.23,1500,1700,0.00,4.769,-6.081,-35.30,-0.108,-0.333,9.836,0.004,-0.035,0.439,-9.730,-0.795,0.161,-0.263,-0.025,0.002,0.000,0.000,0.000,0.00,15.2,OK
1787113732.028,ROTATING,0,191.00,21.61,-1.38,-0.23,1500,1700,0.00,4.783,-6.080,-47.60,-0.108,-0.333,9.836,0.004,-0.035,0.439,-9.740,-0.735,0.197,-0.215,-0.021,-0.003,0.000,0.000,0.000,0.00,15.2,OK
1787113732.077,ROTATING,0,191.00,21.61,-1.38,-0.23,1500,1700,0.00,4.791,-6.085,-49.28,-0.108,-0.333,9.836,0.004,-0.035,0.439,-9.759,-0.680,0.156,-0.180,-0.013,0.000,0.000,0.000,0.000,0.00,15.2,OK
1787113732.127,ROTATING,0,187.00,21.61,-1.38,-0.23,1500,1700,0.00,4.796,-6.106,-44.49,0.059,-0.363,9.777,-0.001,-0.012,0.171,-9.785,-0.805,0.164,-0.138,-0.008,0.004,0.000,0.000,0.000,0.00,15.2,OK
1787113732.177,ROTATING,0,187.00,21.61,-1.38,-0.23,1500,1700,0.00,4.796,-6.106,-44.49,0.059,-0.363,9.777,-0.001,-0.012,0.171,-9.747,-0.905,0.173,-0.084,-0.003,-0.015,0.000,0.000,0.000,0.00,15.2,OK
1787113732.227,ROTATING,0,187.00,21.61,-1.38,-0.23,1500,1700,0.00,4.808,-6.103,-47.99,0.059,-0.363,9.777,-0.001,-0.012,0.171,-9.804,-0.789,0.159,-0.040,0.002,-0.009,0.000,0.000,0.000,0.00,15.2,OK
1787113732.277,ROTATING,0,187.00,21.61,-1.38,-0.23,1500,1700,0.00,4.807,-6.111,-43.03,0.059,-0.363,9.777,-0.001,-0.012,0.171,-9.723,-1.070,0.276,0.032,0.009,-0.013,0.000,0.000,0.000,0.00,15.2,OK
1787113732.327,ROTATING,0,187.00,21.61,-1.38,-0.23,1500,1700,0.00,4.871,-6.087,-105.41,0.059,-0.363,9.777,-0.001,-0.012,0.171,-9.718,-1.091,0.281,0.130,0.018,-0.019,0.000,0.000,0.000,0.00,15.2,OK
1787113732.377,ROTATING,0,187.00,21.61,-1.38,-0.23,1500,1700,0.00,4.871,-6.087,-105.41,0.098,-0.402,9.777,-0.012,0.018,-0.177,-9.830,-1.138,0.314,0.229,0.023,-0.014,0.000,0.000,0.000,0.00,15.2,OK
1787113732.427,ROTATING,0,187.00,21.61,-1.38,-0.23,1500,1700,0.00,4.881,-6.093,-127.25,0.098,-0.402,9.777,-0.012,0.018,-0.177,-9.797,-1.064,0.240,0.313,0.026,-0.018,0.000,0.000,0.000,0.00,15.2,OK
1787113732.477,ROTATING,0,187.00,21.61,-1.38,-0.23,1500,1700,0.00,4.880,-6.090,-133.85,0.098,-0.402,9.777,-0.012,0.018,-0.177,-9.797,-1.021,0.166,0.392,0.033,-0.025,0.000,0.000,0.000,0.00,15.2,OK
1787113732.527,ROTATING,0,187.00,21.61,-1.38,-0.23,1500,1700,0.00,4.880,-6.090,-133.85,0.098,-0.402,9.777,-0.012,0.018,-0.177,-9.771,-0.994,0.173,0.462,0.037,-0.019,0.000,0.000,0.000,0.00,15.2,OK
1787113732.577,ROTATING,0,187.00,21.61,-1.38,-0.23,1500,1700,0.00,4.913,-6.074,-140.46,0.098,-0.402,9.777,-0.012,0.018,-0.177,-9.785,-0.863,0.195,0.516,0.040,-0.021,0.000,0.000,0.000,0.00,15.2,OK
1787113732.627,ROTATING,0,193.00,21.61,-1.39,-0.23,1500,1700,0.00,4.919,-6.090,-147.73,0.108,-0.402,9.797,-0.010,0.040,-0.549,-9.778,-0.812,0.128,0.566,0.048,-0.024,0.000,0.000,0.000,0.00,15.2,OK
1787113732.678,ROTATING,0,193.00,21.61,-1.39,-0.23,1500,1700,0.00,4.924,-6.093,-151.59,0.108,-0.402,9.797,-0.010,0.040,-0.549,-9.749,-0.857,0.128,0.608,0.052,-0.011,0.000,0.000,0.000,0.00,15.2,OK
1787113732.727,ROTATING,0,193.00,21.61,-1.39,-0.23,1500,1700,0.00,4.924,-6.093,-151.59,0.108,-0.402,9.797,-0.010,0.040,-0.549,-9.845,-0.806,0.017,0.641,0.054,-0.009,0.000,0.000,0.000,0.00,15.2,OK
1787113732.777,ROTATING,0,193.00,21.61,-1.39,-0.23,1500,1700,0.00,4.911,-6.090,-160.38,0.108,-0.402,9.797,-0.010,0.040,-0.549,-9.706,-0.859,-0.001,0.675,0.061,-0.007,0.000,0.000,0.000,0.00,15.2,OK
1787113732.827,ROTATING,0,193.00,21.61,-1.39,-0.23,1500,1700,0.00,4.908,-6.096,-160.41,0.108,-0.402,9.797,-0.010,0.040,-0.549,-9.721,-0.771,-0.030,0.709,0.070,-0.013,0.000,0.000,0.000,0.00,15.2,OK
1787113732.878,ROTATING,0,202.00,21.61,-1.39,-0.23,1500,1700,0.00,4.884,-6.104,-174.44,0.029,-0.500,9.797,0.008,0.056,-0.727,-9.809,-0.719,-0.143,0.726,0.072,-0.005,0.000,0.000,0.000,0.00,15.2,OK
1787113732.927,ROTATING,0,202.00,21.61,-1.39,-0.23,1500,1300,0.00,4.884,-6.104,-174.44,0.029,-0.500,9.797,0.008,0.056,-0.727,-9.835,-0.739,-0.220,0.747,0.076,0.001,0.000,0.000,0.000,0.00,15.2,OK
1787113732.977,ROTATING,0,202.00,21.61,-1.39,-0.23,1500,1300,0.00,4.889,-6.113,-177.07,0.029,-0.500,9.797,0.008,0.056,-0.727,-9.854,-0.050,-0.311,0.705,0.072,-0.013,0.000,0.000,0.000,0.00,15.2,OK
1787113733.027,ROTATING,0,202.00,21.61,-1.39,-0.23,1500,1300,0.00,4.867,-6.094,177.62,0.029,-0.500,9.797,0.008,0.056,-0.727,-9.897,0.289,-0.263,0.603,0.063,0.006,0.000,0.000,0.000,0.00,15.2,OK
1787113733.077,ROTATING,0,202.00,21.61,-1.39,-0.23,1500,1300,0.00,4.861,-6.098,179.92,0.029,-0.500,9.797,0.008,0.056,-0.727,-9.828,0.086,-0.102,0.497,0.053,0.017,0.000,0.000,0.000,0.00,15.2,OK
1787113733.127,ROTATING,0,211.00,21.61,-1.38,-0.23,1500,1300,0.00,4.861,-6.098,179.92,-0.010,-0.431,9.836,0.025,0.042,-0.459,-9.849,0.091,-0.215,0.419,0.047,0.020,0.000,0.000,0.000,0.00,15.2,OK
1787113733.177,ROTATING,0,211.00,21.61,-1.38,-0.23,1500,1300,0.00,4.819,-6.061,-174.45,-0.010,-0.431,9.836,0.025,0.042,-0.459,-9.868,0.067,-0.145,0.339,0.039,0.026,0.000,0.000,0.000,0.00,15.2,OK
1787113733.228,ROTATING,0,211.00,21.61,-1.38,-0.23,1500,1300,0.00,4.809,-6.059,-169.75,-0.010,-0.431,9.836,0.025,0.042,-0.459,-9.787,0.075,-0.088,0.260,0.033,0.013,0.000,0.000,0.000,0.00,15.2,OK
1787113733.277,ROTATING,0,211.00,21.61,-1.38,-0.23,1500,1300,0.00,4.774,-6.047,-167.34,-0.010,-0.431,9.836,0.025,0.042,-0.459,-9.837,0.074,-0.119,0.203,0.030,0.024,0.000,0.000,0.000,0.00,15.2,OK
1787113733.327,ROTATING,0,211.00,21.61,-1.38,-0.23,1500,1300,0.00,4.774,-6.047,-167.34,-0.010,-0.431,9.836,0.025,0.042,-0.459,-9.792,0.139,-0.071,0.137,0.024,0.027,0.000,0.000,0.000,0.00,15.2,OK
1787113733.377,ROTATING,0,215.00,21.61,-1.38,-0.23,1500,1300,0.00,4.751,-6.032,-157.79,-0.177,-0.392,9.758,0.026,0.019,-0.077,-9.878,0.354,-0.117,0.035,0.014,0.015,0.000,0.000,0.000,0.00,15.2,OK
1787113733.427,ROTATING,0,215.00,21.61,-1.38,-0.23,1500,1300,0.00,4.745,-6.031,-155.49,-0.177,-0.392,9.758,0.026,0.019,-0.077,-9.873,0.344,-0.026,-0.070,0.008,0.013,0.000,0.000,0.000,0.00,15.2,OK
1787113733.477,ROTATING,0,215.00,21.61,-1.38,-0.23,1500,1300,0.00,4.736,-6.032,-153.25,-0.177,-0.392,9.758,0.026,0.019,-0.077,-9.766,0.291,-0.107,-0.170,-0.000,0.008,0.000,0.000,0.000,0.00,15.2,OK
1787113733.527,ROTATING,0,215.00,21.61,-1.38,-0.23,1500,1300,0.00,4.736,-6.032,-153.25,-0.177,-0.392,9.758,0.026,0.019,-0.077,-9.830,0.287,-0.141,-0.272,-0.004,0.013,0.000,0.000,0.000,0.00,15.2,OK
1787113733.578,ROTATING,0,215.00,21.61,-1.38,-0.23,1500,1300,0.00,4.733,-6.032,-151.66,-0.177,-0.392,9.758,0.026,0.019,-0.077,-9.871,0.177,-0.150,-0.358,-0.009,0.005,0.000,0.000,0.000,0.00,15.2,OK
1787113733.627,ROTATING,0,212.00,21.61,-1.39,-0.23,1500,1300,0.00,4.722,-6.049,-155.49,-0.108,-0.265,9.767,-0.000,-0.008,0.405,-9.780,0.063,-0.162,-0.422,-0.016,0.011,0.000,0.000,0.000,0.00,15.2,OK
1787113733.677,ROTATING,0,212.00,21.61,-1.39,-0.23,1500,1300,0.00,4.722,-6.049,-155.49,-0.108,-0.265,9.767,-0.000,-0.008,0.405,-9.930,0.056,-0.174,-0.481,-0.023,0.012,0.000,0.000,0.000,0.00,15.2,OK
1787113733.727,ROTATING,0,212.00,21.61,-1.39,-0.23,1500,1300,0.00,4.736,-6.050,-159.01,-0.108,-0.265,9.767,-0.000,-0.008,0.405,-9.866,-0.067,-0.179,-0.515,-0.034,-0.009,0.000,0.000,0.000,0.00,14.3,OK
1787113733.777,ROTATING,0,212.00,21.61,-1.39,-0.23,1500,1300,0.00,4.736,-6.056,-152.79,-0.108,-0.265,9.767,-0.000,-0.008,0.405,-9.837,-0.067,-0.203,-0.557,-0.038,-0.000,0.000,0.000,0.000,0.00,14.3,OK
1787113733.827,ROTATING,0,212.00,21.61,-1.39,-0.23,1500,1300,0.00,4.731,-6.066,-147.47,-0.108,-0.265,9.767,-0.000,-0.008,0.405,-9.766,-0.157,-0.267,-0.586,-0.043,-0.000,0.000,0.000,0.000,0.00,14.3,OK
1787113733.877,ROTATING,0,204.00,21.61,-1.39,-0.23,1500,1300,0.00,4.762,-6.082,-163.63,-0.167,-0.294,9.816,-0.011,-0.037,0.618,-9.845,-0.213,-0.184,-0.608,-0.043,0.012,0.000,0.000,0.000,0.00,14.3,OK
1787113733.927,ROTATING,0,204.00,21.61,-1.39,-0.23,1500,1300,0.00,4.762,-6.082,-163.63,-0.167,-0.294,9.816,-0.011,-0.037,0.618,-9.723,-0.144,-0.176,-0.633,-0.049,0.002,0.000,0.000,0.000,0.00,14.3,OK
1787113733.977,ROTATING,0,204.00,21.61,-1.39,-0.23,1500,1300,0.00,4.766,-6.102,-173.03,-0.167,-0.294,9.816,-0.011,-0.037,0.618,-9.878,-0.228,-0.217,-0.651,-0.048,0.001,0.000,0.000,0.000,0.00,14.3,OK
1787113734.027,ROTATING,0,204.00,21.61,-1.39,-0.23,1500,1300,0.00,4.783,-6.108,179.04,-0.167,-0.294,9.816,-0.011,-0.037,0.618,-9.658,-0.249,-0.229,-0.667,-0.049,-0.017,0.000,0.000,0.000,0.00,14.3,OK
1787113734.077,ROTATING,0,204.00,21.61,-1.39,-0.23,1500,1300,0.00,4.789,-6.140,174.86,-0.167,-0.294,9.816,-0.011,-0.037,0.618,-9.825,-0.246,-0.164,-0.685,-0.045,0.008,0.000,0.000,0.000,0.00,14.3,OK
1787113734.127,ROTATING,0,195.00,21.61,-1.38,-0.23,1500,1300,0.00,4.799,-6.147,171.22,-0.186,-0.255,9.826,-0.011,-0.034,0.717,-9.835,-0.210,-0.172,-0.705,-0.044,-0.006,0.000,0.000,0.000,0.00,14.3,OK
1787113734.177,ROTATING,0,195.00,21.61,-1.38,-0.23,1500,1700,0.00,4.799,-6.147,171.22,-0.186,-0.255,9.826,-0.011,-0.034,0.717,-9.804,-0.289,-0.205,-0.720,-0.041,0.006,0.000,0.000,0.000,0.00,14.3,OK
1787113734.227,ROTATING,0,195.00,21.61,-1.38,-0.23,1500,1700,0.00,4.806,-6.165,173.27,-0.186,-0.255,9.826,-0.011,-0.034,0.717,-9.835,-0.887,-0.150,-0.673,-0.039,-0.000,0.000,0.000,0.000,0.00,14.3,OK
1787113734.277,ROTATING,0,195.00,21.61,-1.38,-0.23,1500,1700,0.00,4.807,-6.168,174.03,-0.186,-0.255,9.826,-0.011,-0.034,0.717,-9.730,-1.278,-0.052,-0.542,-0.027,-0.021,0.000,0.000,0.000,0.00,14.3,OK
1787113734.327,ROTATING,0,195.00,21.61,-1.38,-0.23,1500,1700,0.00,4.807,-6.168,174.03,-0.186,-0.255,9.826,-0.011,-0.034,0.717,-9.787,-1.154,0.020,-0.428,-0.020,-0.015,0.000,0.000,0.000,0.00,14.3,OK
1787113734.377,ROTATING,0,186.00,21.61,-1.38,-0.23,1500,1700,0.00,4.831,-6.192,174.48,-0.108,-0.333,9.826,-0.020,-0.014,0.393,-9.735,-0.994,0.046,-0.341,-0.016,-0.018,0.000,0.000,0.000,0.00,14.3,OK
1787113734.427,ROTATING,0,186.00,21.61,-1.38,-0.23,1500,1700,0.00,4.836,-6.195,171.52,-0.108,-0.333,9.826,-0.020,-0.014,0.393,-9.744,-0.864,0.003,-0.274,-0.010,-0.004,0.000,0.000,0.000,0.00,14.3,OK
1787113734.477,ROTATING,0,186.00,21.61,-1.38,-0.23,1500,1700,0.00,4.827,-6.203,168.01,-0.108,-0.333,9.826,-0.020,-0.014,0.393,-9.754,-0.850,-0.002,-0.220,-0.006,0.003,0.000,0.000,0.000,0.00,14.3,OK
1787113734.527,ROTATING,0,186.00,21.61,-1.38,-0.23,1500,1700,0.00,4.827,-6.203,168.01,-0.108,-0.333,9.826,-0.020,-0.014,0.393,-9.730,-0.778,0.025,-0.183,-0.008,0.002,0.000,0.000,0.000,0.00,14.3,OK
1787113734.577,ROTATING,0,186.00,21.61,-1.38,-0.23,1500,1700,0.00,4.837,-6.215,166.15,-0.108,-0.333,9.826,-0.020,-0.014,0.393,-9.823,-0.715,0.029,-0.143,-0.002,0.004,0.000,0.000,0.000,0.00,14.3,OK
1787113734.627,ROTATING,0,182.00,21.61,-1.39,-0.23,1500,1700,0.00,4.839,-6.216,167.10,-0.088,-0.343,9.807,0.006,0.000,0.127,-9.790,-0.903,-0.011,-0.088,0.001,0.009,0.000,0.000,0.000,0.00,14.3,OK
1787113734.677,ROTATING,0,182.00,21.61,-1.39,-0.23,1500,1700,0.00,4.853,-6.208,174.85,-0.088,-0.343,9.807,0.006,0.000,0.127,-9.720,-0.883,0.068,-0.024,0.002,-0.006,0.000,0.000,0.000,0.00,14.3,OK
1787113734.727,ROTATING,0,182.00,21.61,-1.39,-0.23,1500,1700,0.00,4.856,-6.208,176.97,-0.088,-0.343,9.807,0.006,0.000,0.127,-9.713,-1.271,0.123,0.048,0.009,-0.000,0.000,0.000,0.000,0.00,14.3,OK
1787113734.777,ROTATING,0,182.00,21.61,-1.39,-0.23,1500,1700,0.00,4.856,-6.208,176.97,-0.088,-0.343,9.807,0.006,0.000,0.127,-9.785,-1.061,0.022,0.137,0.012,0.001,0.000,0.000,0.000,0.00,15.2,OK
1787113734.827,ROTATING,0,182.00,21.61,-1.39,-0.23,1500,1700,0.00,4.855,-6.212,174.68,-0.088,-0.343,9.807,0.006,0.000,0.127,-9.823,-1.193,0.192,0.232,0.020,-0.002,0.000,0.000,0.000,0.00,15.2,OK
1787113734.877,ROTATING,0,184.00,21.61,-1.39,-0.23,1500,1700,0.00,4.858,-6.210,175.34,-0.137,-0.392,9.797,-0.003,0.016,-0.291,-9.802,-1.078,0.032,0.326,0.017,-0.002,0.000,0.000,0.000,0.00,15.2,OK
1787113734.927,ROTATING,0,184.00,21.61,-1.39,-0.23,1500,1700,0.00,4.858,-6.210,175.34,-0.137,-0.392,9.797,-0.003,0.016,-0.291,-9.744,-1.046,0.092,0.415,0.024,-0.020,0.000,0.000,0.000,0.00,15.2,OK
1787113734.978,ROTATING,0,184.00,21.61,-1.39,-0.23,1500,1700,0.00,4.860,-6.206,179.38,-0.137,-0.392,9.797,-0.003,0.016,-0.291,-9.771,-0.886,0.080,0.485,0.026,-0.009,0.000,0.000,0.000,0.00,15.2,OK
1787113735.028,ROTATING,0,184.00,21.61,-1.39,-0.23,1500,1700,0.00,4.844,-6.202,171.39,-0.137,-0.392,9.797,-0.003,0.016,-0.291,-9.754,-0.824,0.037,0.535,0.034,-0.007,0.000,0.000,0.000,0.00,15.2,OK
1787113735.077,ROTATING,0,184.00,21.61,-1.39,-0.23,1500,1700,0.00,4.844,-6.202,171.39,-0.137,-0.392,9.797,-0.003,0.016,-0.291,-9.766,-0.738,-0.059,0.580,0.043,-0.010,0.000,0.000,0.000,0.00,15.2,OK
1787113735.127,ROTATING,0,191.00,21.61,-1.39,-0.23,1500,1700,0.00,4.831,-6.194,168.64,-0.088,-0.402,9.758,-0.000,0.038,-0.613,-9.902,-0.804,-0.062,0.624,0.046,-0.016,0.000,0.000,0.000,0.00,15.2,OK
1787113735.177,ROTATING,0,191.00,21.61,-1.39,-0.23,1500,1700,0.00,4.832,-6.215,168.27,-0.088,-0.402,9.758,-0.000,0.038,-0.613,-9.849,-0.830,-0.126,0.661,0.043,-0.013,0.000,0.000,0.000,0.00,15.2,OK
1787113735.227,ROTATING,0,191.00,21.61,-1.39,-0.23,1500,1700,0.00,4.817,-6.216,160.35,-0.088,-0.402,9.758,-0.000,0.038,-0.613,-9.742,-0.742,-0.114,0.689,0.045,-0.000,0.000,0.000,0.000,0.00,15.2,OK
1787113735.277,ROTATING,0,191.00,21.61,-1.39,-0.23,1500,1700,0.00,4.822,-6.225,157.57,-0.088,-0.402,9.758,-0.000,0.038,-0.613,-9.792,-0.726,-0.186,0.716,0.050,-0.011,0.000,0.000,0.000,0.00,15.2,OK
1787113735.327,ROTATING,0,191.00,21.61,-1.39,-0.23,1500,1700,0.00,4.822,-6.225,157.57,-0.088,-0.402,9.758,-0.000,0.038,-0.613,-9.806,-0.746,-0.267,0.736,0.048,-0.020,0.000,0.000,0.000,0.00,15.2,OK
1787113735.377,ROTATING,0,201.00,21.61,-1.38,-0.23,1500,1700,0.00,4.792,-6.171,135.69,-0.235,-0.441,9.807,-0.015,0.039,-0.765,-9.900,-0.780,-0.282,0.771,0.055,-0.023,0.000,0.000,0.000,0.00,15.2,OK
1787113735.427,ROTATING,0,201.00,21.61,-1.38,-0.23,1500,1700,0.00,4.753,-6.172,176.18,-0.235,-0.441,9.807,-0.015,0.039,-0.765,-9.818,-0.693,-0.164,0.791,0.057,-0.017,0.000,0.000,0.000,0.00,15.2,OK
1787113735.477,ROTATING,0,201.00,21.61,-1.38,-0.23,1500,1700,0.00,4.748,-6.147,174.16,-0.235,-0.441,9.807,-0.015,0.039,-0.765,-9.845,-0.694,-0.243,0.804,0.056,-0.004,0.000,0.000,0.000,0.00,15.2,OK
1787113735.527,ROTATING,0,201.00,21.61,-1.38,-0.23,1500,1700,0.00,4.748,-6.154,172.21,-0.235,-0.441,9.807,-0.015,0.039,-0.765,-9.873,-0.656,-0.265,0.822,0.055,-0.009,0.000,0.000,0.000,0.00,15.2,OK
1787113735.577,ROTATING,0,201.00,21.61,-1.38,-0.23,1500,1700,0.00,4.748,-6.154,172.21,-0.235,-0.441,9.807,-0.015,0.039,-0.765,-9.723,-0.661,-0.214,0.837,0.062,-0.006,0.000,0.000,0.000,0.00,15.2,OK
1787113735.627,ROTATING,0,212.00,21.61,-1.38,-0.23,1500,1700,0.00,4.719,-6.140,159.39,-0.010,-0.422,9.836,0.023,0.047,-0.859,-9.725,-0.670,-0.253,0.856,0.067,-0.002,0.000,0.000,0.000,0.00,15.2,OK
1787113735.677,ROTATING,0,212.00,21.61,-1.38,-0.23,1500,1300,0.00,4.721,-6.148,157.44,-0.010,-0.422,9.836,0.023,0.047,-0.859,-9.723,-0.594,-0.389,0.854,0.066,-0.014,0.000,0.000,0.000,0.00,15.2,OK
1787113735.727,ROTATING,0,212.00,21.61,-1.38,-0.23,1500,1300,0.00,4.721,-6.148,157.44,-0.010,-0.422,9.836,0.023,0.047,-0.859,-9.780,0.018,-0.480,0.798,0.065,0.006,0.000,0.000,0.000,0.00,15.2,OK
1787113735.778,ROTATING,0,212.00,21.61,-1.38,-0.23,1500,1300,0.00,4.708,-6.103,161.87,-0.010,-0.422,9.836,0.023,0.047,-0.859,-9.885,0.389,-0.404,0.671,0.054,0.040,0.000,0.000,0.000,0.00,15.0,OK
1787113735.827,ROTATING,0,212.00,21.61,-1.38,-0.23,1500,1300,0.00,4.702,-6.104,164.97,-0.010,-0.422,9.836,0.023,0.047,-0.859,-9.869,0.158,-0.315,0.560,0.039,0.044,0.000,0.000,0.000,0.00,15.0,OK
1787113735.877,ROTATING,0,223.00,21.61,-1.38,-0.23,1500,1300,0.00,4.676,-6.087,154.92,-0.088,-0.510,9.777,0.058,0.027,-0.522,-9.873,0.110,-0.346,0.477,0.025,0.058,0.000,0.000,0.000,0.00,15.0,OK
1787113735.927,ROTATING,0,223.00,21.61,-1.38,-0.23,1500,1300,0.00,4.676,-6.087,154.92,-0.088,-0.510,9.777,0.058,0.027,-0.522,-9.842,0.029,-0.287,0.409,0.017,0.041,0.000,0.000,0.000,0.00,15.0,OK
1787113735.978,ROTATING,0,223.00,21.61,-1.38,-0.23,1500,1300,0.00,4.655,-6.078,156.28,-0.088,-0.510,9.777,0.058,0.027,-0.522,-9.776,0.032,-0.217,0.344,0.010,0.034,0.000,0.000,0.000,0.00,15.0,OK
1787113736.027,ROTATING,0,223.00,21.61,-1.38,-0.23,1500,1300,0.00,4.662,-6.080,154.76,-0.088,-0.510,9.777,0.058,0.027,-0.522,-9.842,0.010,-0.188,0.291,0.002,0.038,0.000,0.000,0.000,0.00,15.0,OK
1787113736.077,ROTATING,0,223.00,21.61,-1.38,-0.23,1500,1300,0.00,4.652,-6.073,155.41,-0.088,-0.510,9.777,0.058,0.027,-0.522,-9.821,0.015,-0.231,0.253,-0.003,0.031,0.000,0.000,0.000,0.00,15.0,OK
1787113736.127,ROTATING,0,228.00,21.61,-1.38,-0.23,1500,1300,0.00,4.652,-6.073,155.41,-0.226,-0.402,9.767,0.029,-0.010,-0.223,-9.768,0.276,-0.092,0.184,-0.009,0.024,0.000,0.000,0.000,0.00,15.0,OK
1787113736.177,ROTATING,0,228.00,21.61,-1.38,-0.23,1500,1300,0.00,4.636,-6.063,155.88,-0.226,-0.402,9.767,0.029,-0.010,-0.223,-9.871,0.172,-0.098,0.105,-0.018,0.030,0.000,0.000,0.000,0.00,15.0,OK
1787113736.227,ROTATING,0,228.00,21.61,-1.38,-0.23,1500,1300,0.00,4.632,-6.056,155.46,-0.226,-0.402,9.767,0.029,-0.010,-0.223,-9.850,0.612,-0.090,0.001,-0.022,0.027,0.000,0.000,0.000,0.00,15.0,OK
1787113736.277,ROTATING,0,228.00,21.61,-1.38,-0.23,1500,1300,0.00,4.626,-6.047,158.44,-0.226,-0.402,9.767,0.029,-0.010,-0.223,-9.799,0.424,-0.097,-0.120,-0.032,0.033,0.000,0.000,0.000,0.00,15.0,OK
1787113736.327,ROTATING,0,228.00,21.61,-1.38,-0.23,1500,1300,0.00,4.614,-6.049,157.29,-0.226,-0.402,9.767,0.029,-0.010,-0.223,-9.785,0.412,-0.090,-0.217,-0.038,0.027,0.000,0.000,0.000,0.00,15.0,OK
1787113736.377,ROTATING,0,228.00,21.61,-1.39,-0.23,1500,1300,0.00,4.614,-6.049,157.29,-0.177,-0.314,9.758,0.013,-0.036,0.283,-9.806,0.300,-0.162,-0.314,-0.041,0.013,0.000,0.000,0.000,0.00,15.0,OK
1787113736.427,ROTATING,0,228.00,21.61,-1.39,-0.23,1500,1300,0.00,4.611,-6.049,161.01,-0.177,-0.314,9.758,0.013,-0.036,0.283,-9.742,0.198,-0.047,-0.389,-0.045,-0.003,0.000,0.000,0.000,0.00,15.0,OK
1787113736.478,ROTATING,0,228.00,21.61,-1.39,-0.23,1500,1300,0.00,4.614,-6.049,169.20,-0.177,-0.314,9.758,0.013,-0.036,0.283,-9.811,0.087,-0.107,-0.450,-0.041,-0.014,0.000,0.000,0.000,0.00,15.0,OK
1787113736.527,ROTATING,0,228.00,21.61,-1.39,-0.23,1500,1300,0.00,4.614,-6.049,169.20,-0.177,-0.314,9.758,0.013,-0.036,0.283,-9.787,-0.047,-0.097,-0.495,-0.053,-0.057,0.000,0.000,0.000,0.00,15.0,OK
1787113736.577,ROTATING,0,228.00,21.61,-1.39,-0.23,1500,1300,0.00,4.601,-6.063,169.41,-0.177,-0.314,9.758,0.013,-0.036,0.283,-9.833,-0.069,-0.059,-0.540,-0.054,-0.050,0.000,0.000,0.000,0.00,15.0,OK
1787113736.627,ROTATING,0,221.00,21.61,-1.39,-0.23,1500,1300,0.00,4.599,-6.076,161.91,-0.059,-0.226,9.797,-0.068,-0.043,0.576,-9.821,-0.040,-0.088,-0.572,-0.048,-0.055,0.000,0.000,0.000,0.00,15.0,OK
1787113736.677,ROTATING,0,221.00,21.61,-1.39,-0.23,1500,1300,0.00,4.600,-6.090,156.47,-0.059,-0.226,9.797,-0.068,-0.043,0.576,-9.830,-0.110,-0.107,-0.595,-0.043,-0.050,0.000,0.000,0.000,0.00,15.0,OK
1787113736.727,ROTATING,0,221.00,21.61,-1.39,-0.23,1500,1300,0.00,4.600,-6.090,156.47,-0.059,-0.226,9.797,-0.068,-0.043,0.576,-9.764,-0.257,-0.076,-0.625,-0.040,-0.056,0.000,0.000,0.000,0.00,15.0,OK
1787113736.777,ROTATING,0,221.00,21.61,-1.39,-0.23,1500,1300,0.00,4.602,-6.089,153.96,-0.059,-0.226,9.797,-0.068,-0.043,0.576,-9.847,-0.237,-0.102,-0.646,-0.038,-0.033,0.000,0.000,0.000,0.00,15.0,OK
1787113736.827,ROTATING,0,221.00,21.61,-1.39,-0.23,1500,1300,0.00,4.618,-6.129,150.25,-0.059,-0.226,9.797,-0.068,-0.043,0.576,-9.797,-0.317,-0.078,-0.670,-0.036,-0.045,0.000,0.000,0.000,0.00,15.3,OK
1787113736.877,ROTATING,0,212.00,21.61,-1.39,-0.23,1500,1300,0.00,4.619,-6.131,148.93,-0.059,-0.186,9.797,-0.046,-0.028,0.705,-9.740,-0.281,-0.124,-0.694,-0.033,-0.032,0.000,0.000,0.000,0.00,15.3,OK
1787113736.928,ROTATING,0,212.00,21.61,-1.39,-0.23,1500,1300,0.00,4.619,-6.131,148.93,-0.059,-0.186,9.797,-0.046,-0.028,0.705,-9.864,-0.409,-0.160,-0.722,-0.033,-0.002,0.000,0.000,0.000,0.00,15.3,OK
1787113736.978,ROTATING,0,212.00,21.61,-1.39,-0.23,1500,1300,0.00,4.575,-6.138,126.14,-0.059,-0.186,9.797,-0.046,-0.028,0.705,-9.766,-0.379,-0.078,-0.738,-0.027,-0.007,0.000,0.000,0.000,0.00,15.3,OK
1787113737.027,ROTATING,0,212.00,21.61,-1.39,-0.23,1500,1300,0.00,4.573,-6.146,126.18,-0.059,-0.186,9.797,-0.046,-0.028,0.705,-9.911,-0.331,-0.181,-0.758,-0.028,0.019,0.000,0.000,0.000,0.00,15.3,OK
1787113737.077,ROTATING,0,212.00,21.61,-1.39,-0.23,1500,1300,0.00,4.574,-6.163,123.99,-0.059,-0.186,9.797,-0.046,-0.028,0.705,-9.831,-0.430,-0.217,-0.773,-0.032,0.010,0.000,0.000,0.000,0.00,15.3,OK
1787113737.127,ROTATING,0,201.00,21.61,-1.38,-0.23,1500,1300,0.00,4.574,-6.163,123.99,0.039,-0.402,9.816,0.005,-0.021,0.806,-9.861,-0.443,-0.198,-0.790,-0.033,0.013,0.000,0.000,0.000,0.00,15.3,OK
1787113737.177,ROTATING,0,201.00,21.61,-1.38,-0.23,1500,1700,0.00,4.575,-6.163,119.04,0.039,-0.402,9.816,0.005,-0.021,0.806,-9.893,-0.414,-0.325,-0.798,-0.033,0.026,0.000,0.000,0.000,0.00,15.3,OK
1787113737.228,ROTATING,0,201.00,21.61,-1.38,-0.23,1500,1700,0.00,4.632,-6.166,175.22,0.039,-0.402,9.816,0.005,-0.021,0.806,-9.826,-1.112,-0.167,-0.745,-0.029,0.015,0.000,0.000,0.000,0.00,15.3,OK
1787113737.277,ROTATING,0,201.00,21.61,-1.38,-0.23,1500,1700,0.00,4.617,-6.158,-171.48,0.039,-0.402,9.816,0.005,-0.021,0.806,-9.639,-1.504,-0.051,-0.628,-0.018,0.019,0.000,0.000,0.000,0.00,15.3,OK
1787113737.327,ROTATING,0,201.00,21.61,-1.38,-0.23,1500,1700,0.00,4.617,-6.158,-171.48,0.039,-0.402,9.816,0.005,-0.021,0.806,-9.758,-1.257,-0.044,-0.492,-0.007,0.026,0.000,0.000,0.000,0.00,15.3,OK
1787113737.377,ROTATING,0,191.00,21.61,-1.39,-0.23,1500,1700,0.00,4.646,-6.176,-163.48,-0.059,-0.422,9.758,0.007,0.000,0.461,-9.752,-1.080,-0.037,-0.408,-0.002,0.011,0.000,0.000,0.000,0.00,15.3,OK
1787113737.427,ROTATING,0,191.00,21.61,-1.39,-0.23,1500,1700,0.00,4.653,-6.179,-167.78,-0.059,-0.422,9.758,0.007,0.000,0.461,-9.785,-0.968,-0.033,-0.339,0.001,0.017,0.000,0.000,0.000,0.00,15.3,OK
1787113737.477,ROTATING,0,191.00,21.61,-1.39,-0.23,1500,1700,0.00,4.668,-6.396,104.43,-0.059,-0.422,9.758,0.007,0.000,0.461,-9.768,-0.829,-0.054,-0.287,0.009,0.021,0.000,0.000,0.000,0.00,15.3,OK
1787113737.527,ROTATING,0,191.00,21.61,-1.39,-0.23,1500,1700,0.00,4.668,-6.396,104.43,-0.059,-0.422,9.758,0.007,0.000,0.461,-9.766,-0.791,-0.054,-0.245,0.008,0.025,0.000,0.000,0.000,0.00,15.3,OK
1787113737.577,ROTATING,0,191.00,21.61,-1.39,-0.23,1500,1700,0.00,4.674,-6.399,103.80,-0.059,-0.422,9.758,0.007,0.000,0.461,-9.771,-0.781,-0.071,-0.207,0.009,0.037,0.000,0.000,0.000,0.00,15.3,OK
1787113737.627,ROTATING,0,187.00,21.61,-1.39,-0.23,1500,1700,0.00,4.677,-6.393,102.60,-0.147,-0.422,9.807,0.034,0.015,0.196,-9.785,-0.726,-0.069,-0.168,0.015,0.038,0.000,0.000,0.000,0.00,15.3,OK
1787113737.677,ROTATING,0,187.00,21.61,-1.39,-0.23,1500,1700,0.00,4.685,-6.392,104.80,-0.147,-0.422,9.807,0.034,0.015,0.196,-9.797,-0.915,-0.057,-0.114,0.017,0.032,0.000,0.000,0.000,0.00,15.3,OK
1787113737.727,ROTATING,0,187.00,21.61,-1.39,-0.23,1500,1700,0.00,4.690,-6.395,105.99,-0.147,-0.422,9.807,0.034,0.015,0.196,-9.749,-0.917,-0.071,-0.058,0.020,0.027,0.000,0.000,0.000,0.00,15.3,OK
1787113737.777,ROTATING,0,187.00,21.61,-1.39,-0.23,1500,1700,0.00,4.690,-6.395,105.99,-0.147,-0.422,9.807,0.034,0.015,0.196,-9.780,-1.102,-0.050,0.014,0.024,0.017,0.000,0.000,0.000,0.00,15.3,OK
1787113737.827,ROTATING,0,187.00,21.61,-1.39,-0.23,1500,1700,0.00,4.696,-6.378,102.43,-0.147,-0.422,9.807,0.034,0.015,0.196,-9.766,-1.118,-0.033,0.109,0.026,0.012,0.000,0.000,0.000,0.00,15.3,OK
1787113737.877,ROTATING,0,186.00,21.61,-1.39,-0.23,1500,1700,0.00,4.692,-6.375,104.23,-0.177,-0.412,9.758,0.012,0.024,-0.154,-9.811,-1.174,0.080,0.211,0.025,-0.006,0.000,0.000,0.000,0.00,15.2,OK
1787113737.927,ROTATING,0,186.00,21.61,-1.39,-0.23,1500,1700,0.00,4.690,-6.352,103.86,-0.177,-0.412,9.758,0.012,0.024,-0.154,-9.852,-1.091,-0.026,0.297,0.028,-0.016,0.000,0.000,0.000,0.00,15.2,OK
1787113737.977,ROTATING,0,186.00,21.61,-1.39,-0.23,1500,1700,0.00,4.690,-6.352,103.86,-0.177,-0.412,9.758,0.012,0.024,-0.154,-9.740,-1.089,0.010,0.382,0.032,-0.023,0.000,0.000,0.000,0.00,15.2,OK
1787113738.027,ROTATING,0,186.00,21.61,-1.39,-0.23,1500,1700,0.00,4.690,-6.338,106.43,-0.177,-0.412,9.758,0.012,0.024,-0.154,-9.768,-0.903,-0.088,0.456,0.036,-0.021,0.000,0.000,0.000,0.00,15.2,OK
1787113738.077,ROTATING,0,186.00,21.61,-1.39,-0.23,1500,1700,0.00,4.679,-6.335,109.76,-0.177,-0.412,9.758,0.012,0.024,-0.154,-9.768,-0.819,-0.179,0.513,0.045,-0.036,0.000,0.000,0.000,0.00,15.2,OK
1787113738.127,ROTATING,0,192.00,21.61,-1.39,-0.23,1500,1700,0.00,4.679,-6.335,109.76,-0.196,-0.314,9.767,-0.014,0.036,-0.542,-9.799,-0.827,-0.226,0.554,0.044,-0.020,0.000,0.000,0.000,0.00,15.2,OK
1787113738.178,ROTATING,0,192.00,21.61,-1.39,-0.23,1500,1700,0.00,4.653,-6.307,96.59,-0.196,-0.314,9.767,-0.014,0.036,-0.542,-9.864,-0.840,-0.315,0.599,0.046,-0.001,0.000,0.000,0.000,0.00,15.2,OK
1787113738.227,ROTATING,0,192.00,21.61,-1.39,-0.23,1500,1700,0.00,4.633,-6.317,92.00,-0.196,-0.314,9.767,-0.014,0.036,-0.542,-9.787,-0.834,-0.243,0.639,0.054,-0.003,0.000,0.000,0.000,0.00,15.2,OK
1787113738.277,ROTATING,0,192.00,21.61,-1.39,-0.23,1500,1700,0.00,4.627,-6.301,97.67,-0.196,-0.314,9.767,-0.014,0.036,-0.542,-9.866,-0.766,-0.332,0.669,0.049,-0.006,0.000,0.000,0.000,0.00,15.2,OK
1787113738.327,ROTATING,0,192.00,21.61,-1.39,-0.23,1500,1700,0.00,4.627,-6.301,97.67,-0.196,-0.314,9.767,-0.014,0.036,-0.542,-9.818,-0.767,-0.394,0.702,0.049,0.005,0.000,0.000,0.000,0.00,15.2,OK
1787113738.377,ROTATING,0,201.00,21.61,-1.38,-0.23,1500,1700,0.00,4.625,-6.304,99.69,-0.216,-0.402,9.826,0.023,0.036,-0.726,-9.933,-0.738,-0.390,0.723,0.049,0.019,0.000,0.000,0.000,0.00,15.2,OK
1787113738.427,ROTATING,0,201.00,21.61,-1.38,-0.23,1500,1700,0.00,4.626,-6.281,113.80,-0.216,-0.402,9.826,0.023,0.036,-0.726,-9.866,-0.758,-0.378,0.751,0.047,0.009,0.000,0.000,0.000,0.00,15.2,OK
1787113738.477,ROTATING,0,201.00,21.61,-1.38,-0.23,1500,1700,0.00,4.632,-6.289,112.92,-0.216,-0.402,9.826,0.023,0.036,-0.726,-9.783,-0.688,-0.313,0.764,0.045,0.021,0.000,0.000,0.000,0.00,15.2,OK
1787113738.527,ROTATING,0,201.00,21.61,-1.38,-0.23,1500,1700,0.00,4.632,-6.289,112.92,-0.216,-0.402,9.826,0.023,0.036,-0.726,-9.804,-0.626,-0.327,0.791,0.048,0.018,0.000,0.000,0.000,0.00,15.2,OK
1787113738.577,ROTATING,0,201.00,21.61,-1.38,-0.23,1500,1700,0.00,4.611,-6.233,113.08,-0.216,-0.402,9.826,0.023,0.036,-0.726,-9.771,-0.685,-0.329,0.803,0.045,-0.002,0.000,0.000,0.000,0.00,15.2,OK
1787113738.627,ROTATING,0,212.00,21.61,-1.38,-0.23,1500,1700,0.00,4.605,-6.237,116.71,-0.226,-0.422,9.787,0.023,0.038,-0.821,-9.713,-0.670,-0.329,0.814,0.053,-0.019,0.000,0.000,0.000,0.00,15.2,OK
1787113738.677,ROTATING,0,212.00,21.61,-1.38,-0.23,1500,1300,0.00,4.579,-6.222,112.68,-0.226,-0.422,9.787,0.023,0.038,-0.821,-9.821,-0.621,-0.521,0.829,0.050,-0.015,0.000,0.000,0.000,0.00,15.2,OK
1787113738.728,ROTATING,0,212.00,21.61,-1.38,-0.23,1500,1300,0.00,4.579,-6.222,112.68,-0.226,-0.422,9.787,0.023,0.038,-0.821,-9.838,0.010,-0.607,0.768,0.044,-0.026,0.000,0.000,0.000,0.00,15.2,OK
1787113738.777,ROTATING,0,212.00,21.61,-1.38,-0.23,1500,1300,0.00,4.583,-6.240,112.01,-0.226,-0.422,9.787,0.023,0.038,-0.821,-9.866,0.394,-0.538,0.651,0.029,-0.004,0.000,0.000,0.000,0.00,15.2,OK
1787113738.827,ROTATING,0,212.00,21.61,-1.38,-0.23,1500,1300,0.00,4.896,-6.659,125.89,-0.226,-0.422,9.787,0.023,0.038,-0.821,-9.732,0.092,-0.451,0.541,0.021,0.009,0.000,0.000,0.000,0.00,15.2,OK
1787113738.877,ROTATING,0,222.00,21.61,-1.38,-0.23,1500,1300,0.00,4.899,-6.658,125.72,-0.324,-0.412,9.777,0.018,0.007,-0.500,-9.833,0.019,-0.428,0.457,0.009,0.010,0.000,0.000,0.000,0.00,15.0,OK
1787113738.927,ROTATING,0,222.00,21.61,-1.38,-0.23,1500,1300,0.00,4.812,-6.644,119.89,-0.324,-0.412,9.777,0.018,0.007,-0.500,-9.876,-0.096,-0.354,0.390,0.000,0.030,0.000,0.000,0.000,0.00,15.0,OK
1787113738.977,ROTATING,0,222.00,21.61,-1.38,-0.23,1500,1300,0.00,4.812,-6.644,119.89,-0.324,-0.412,9.777,0.018,0.007,-0.500,-9.871,-0.141,-0.351,0.334,-0.012,0.033,0.000,0.000,0.000,0.00,15.0,OK
1787113739.027,ROTATING,0,222.00,21.61,-1.38,-0.23,1500,1300,0.00,4.814,-6.636,119.90,-0.324,-0.412,9.777,0.018,0.007,-0.500,-9.833,-0.057,-0.265,0.281,-0.020,0.028,0.000,0.000,0.000,0.00,15.0,OK
1787113739.077,ROTATING,0,222.00,21.61,-1.38,-0.23,1500,1300,0.00,4.815,-6.636,119.96,-0.324,-0.412,9.777,0.018,0.007,-0.500,-9.847,-0.179,-0.141,0.232,-0.026,0.028,0.000,0.000,0.000,0.00,15.0,OK
1787113739.127,ROTATING,0,227.00,21.61,-1.39,-0.23,1500,1300,0.00,4.815,-6.636,119.96,-0.314,-0.422,9.748,0.034,-0.033,-0.201,-9.833,0.070,-0.196,0.159,-0.030,0.028,0.000,0.000,0.000,0.00,15.0,OK
1787113739.177,ROTATING,0,227.00,21.61,-1.39,-0.23,1500,1300,0.00,4.816,-6.635,120.09,-0.314,-0.422,9.748,0.034,-0.033,-0.201,-9.782,0.235,-0.111,0.084,-0.038,0.019,0.000,0.000,0.000,0.00,15.0,OK
1787113739.228,ROTATING,0,227.00,21.61,-1.39,-0.23,1500,1300,0.00,4.817,-6.635,120.27,-0.314,-0.422,9.748,0.034,-0.033,-0.201,-9.816,0.457,-0.143,-0.028,-0.047,0.026,0.000,0.000,0.000,0.00,15.0,OK
1787113739.278,ROTATING,0,227.00,21.61,-1.39,-0.23,1500,1300,0.00,4.818,-6.635,120.49,-0.314,-0.422,9.748,0.034,-0.033,-0.201,-9.866,0.337,-0.121,-0.136,-0.049,0.033,0.000,0.000,0.000,0.00,15.0,OK
1787113739.327,ROTATING,0,227.00,21.61,-1.39,-0.23,1500,1300,0.00,4.818,-6.635,120.49,-0.314,-0.422,9.748,0.034,-0.033,-0.201,-9.799,0.336,-0.047,-0.235,-0.048,0.015,0.000,0.000,0.000,0.00,15.0,OK
1787113739.377,ROTATING,0,227.00,21.61,-1.39,-0.23,1500,1300,0.00,4.818,-6.635,120.75,-0.206,-0.382,9.738,0.009,-0.050,0.294,-9.830,0.316,-0.030,-0.327,-0.052,0.010,0.000,0.000,0.000,0.00,15.0,OK
1787113739.427,ROTATING,0,227.00,21.61,-1.39,-0.23,1500,1300,0.00,4.828,-6.610,123.85,-0.206,-0.382,9.738,0.009,-0.050,0.294,-9.842,0.108,-0.062,-0.397,-0.056,0.005,0.000,0.000,0.000,0.00,15.0,OK
1787113739.477,ROTATING,0,227.00,21.61,-1.39,-0.23,1500,1300,0.00,4.812,-6.617,123.47,-0.206,-0.382,9.738,0.009,-0.050,0.294,-9.873,0.064,-0.117,-0.456,-0.056,0.012,0.000,0.000,0.000,0.00,15.0,OK
1787113739.527,ROTATING,0,227.00,21.61,-1.39,-0.23,1500,1300,0.00,4.812,-6.617,123.47,-0.206,-0.382,9.738,0.009,-0.050,0.294,-9.759,-0.042,-0.057,-0.509,-0.060,-0.016,0.000,0.000,0.000,0.00,15.0,OK
1787113739.577,ROTATING,0,227.00,21.61,-1.39,-0.23,1500,1300,0.00,4.818,-6.616,123.14,-0.206,-0.382,9.738,0.009,-0.050,0.294,-9.854,-0.081,-0.074,-0.550,-0.067,-0.010,0.000,0.000,0.000,0.00,15.0,OK
1787113739.627,ROTATING,0,220.00,21.61,-1.39,-0.23,1500,1300,0.00,4.816,-6.616,123.45,-0.049,-0.265,9.787,-0.028,-0.058,0.582,-9.790,-0.248,-0.074,-0.576,-0.062,-0.024,0.000,0.000,0.000,0.00,15.0,OK
1787113739.677,ROTATING,0,220.00,21.61,-1.39,-0.23,1500,1300,0.00,4.814,-6.617,123.78,-0.049,-0.265,9.787,-0.028,-0.058,0.582,-9.847,-0.139,-0.042,-0.603,-0.062,-0.010,0.000,0.000,0.000,0.00,15.0,OK
1787113739.727,ROTATING,0,220.00,21.61,-1.39,-0.23,1500,1300,0.00,4.814,-6.617,123.78,-0.049,-0.265,9.787,-0.028,-0.058,0.582,-9.771,-0.147,-0.080,-0.637,-0.058,-0.010,0.000,0.000,0.000,0.00,15.0,OK
1787113739.777,ROTATING,0,220.00,21.61,-1.39,-0.23,1500,1300,0.00,4.932,-6.494,142.70,-0.049,-0.265,9.787,-0.028,-0.058,0.582,-9.768,-0.164,-0.030,-0.668,-0.059,-0.004,0.000,0.000,0.000,0.00,15.0,OK
1787113739.827,ROTATING,0,220.00,21.61,-1.39,-0.23,1500,1300,0.00,4.925,-6.514,141.93,-0.049,-0.265,9.787,-0.028,-0.058,0.582,-9.699,-0.237,-0.044,-0.683,-0.055,-0.034,0.000,0.000,0.000,0.00,15.0,OK
1787113739.878,ROTATING,0,210.00,21.61,-1.39,-0.23,1500,1300,0.00,4.940,-6.507,143.22,-0.088,-0.255,9.816,-0.026,-0.043,0.720,-9.885,-0.273,-0.071,-0.708,-0.046,-0.001,0.000,0.000,0.000,0.00,15.0,OK
1787113739.927,ROTATING,0,210.00,21.61,-1.39,-0.23,1500,1300,0.00,4.940,-6.507,143.22,-0.088,-0.255,9.816,-0.026,-0.043,0.720,-9.763,-0.374,-0.128,-0.732,-0.047,-0.010,0.000,0.000,0.000,0.00,15.0,OK
1787113739.978,ROTATING,0,210.00,21.61,-1.39,-0.23,1500,1300,0.00,4.934,-6.507,144.05,-0.088,-0.255,9.816,-0.026,-0.043,0.720,-9.673,-0.366,-0.056,-0.752,-0.043,0.007,0.000,0.000,0.000,0.00,15.0,OK
1787113740.027,ROTATING,0,210.00,21.61,-1.39,-0.23,1500,1300,0.00,4.926,-6.526,142.76,-0.088,-0.255,9.816,-0.026,-0.043,0.720,-9.849,-0.404,-0.021,-0.761,-0.038,0.021,0.000,0.000,0.000,0.00,15.0,OK
1787113740.077,ROTATING,0,210.00,21.61,-1.39,-0.23,1500,1300,0.00,4.923,-6.524,143.10,-0.088,-0.255,9.816,-0.026,-0.043,0.720,-9.740,-0.374,-0.088,-0.768,-0.039,0.022,0.000,0.000,0.000,0.00,15.0,OK
1787113740.127,ROTATING,0,199.00,21.61,-1.39,-0.23,1500,1300,0.00,4.922,-6.528,144.13,0.029,-0.353,9.797,0.013,-0.025,0.799,-9.835,-0.385,-0.114,-0.781,-0.034,0.031,0.000,0.000,0.000,0.00,15.0,OK
1787113740.177,ROTATING,0,199.00,21.61,-1.39,-0.23,1500,1700,0.00,4.922,-6.528,144.13,0.029,-0.353,9.797,0.013,-0.025,0.799,-9.875,-0.445,-0.078,-0.788,-0.030,0.021,0.000,0.000,0.000,0.00,15.0,OK
1787113740.228,ROTATING,0,199.00,21.61,-1.39,-0.23,1500,1700,0.00,4.923,-6.527,144.02,0.029,-0.353,9.797,0.013,-0.025,0.799,-9.756,-1.066,-0.059,-0.734,-0.019,0.022,0.000,0.000,0.000,0.00,15.0,OK
1787113740.277,ROTATING,0,199.00,21.61,-1.39,-0.23,1500,1700,0.00,4.942,-6.550,145.75,0.029,-0.353,9.797,0.013,-0.025,0.799,-9.735,-1.443,0.065,-0.610,-0.011,0.002,0.000,0.000,0.000,0.00,15.0,OK
1787113740.328,ROTATING,0,199.00,21.61,-1.39,-0.23,1500,1700,0.00,4.942,-6.550,145.75,0.029,-0.353,9.797,0.013,-0.025,0.799,-9.740,-1.221,0.073,-0.482,0.002,-0.011,0.000,0.000,0.000,0.00,15.0,OK
1787113740.377,ROTATING,0,190.00,21.61,-1.39,-0.23,1500,1700,0.00,4.952,-6.555,144.27,-0.020,-0.343,9.787,-0.020,0.010,0.447,-9.739,-1.080,0.104,-0.389,0.010,-0.013,0.000,0.000,0.000,0.00,15.0,OK
1787113740.427,ROTATING,0,190.00,21.61,-1.39,-0.23,1500,1700,0.00,5.013,-6.453,157.94,-0.020,-0.343,9.787,-0.020,0.010,0.447,-9.754,-0.984,0.061,-0.322,0.014,-0.008,0.000,0.000,0.000,0.00,15.0,OK
1787113740.477,ROTATING,0,190.00,21.61,-1.39,-0.23,1500,1700,0.00,5.011,-6.454,157.87,-0.020,-0.343,9.787,-0.020,0.010,0.447,-9.821,-0.904,0.053,-0.270,0.028,-0.001,0.000,0.000,0.000,0.00,15.0,OK
1787113740.527,ROTATING,0,190.00,21.61,-1.39,-0.23,1500,1700,0.00,5.011,-6.454,157.87,-0.020,-0.343,9.787,-0.020,0.010,0.447,-9.778,-0.803,0.041,-0.227,0.029,0.016,0.000,0.000,0.000,0.00,15.0,OK
1787113740.577,ROTATING,0,190.00,21.61,-1.39,-0.23,1500,1700,0.00,5.035,-6.432,161.40,-0.020,-0.343,9.787,-0.020,0.010,0.447,-9.783,-0.764,0.008,-0.193,0.034,0.031,0.000,0.000,0.000,0.00,15.0,OK
1787113740.627,ROTATING,0,186.00,21.61,-1.39,-0.23,1500,1700,0.00,5.032,-6.438,160.44,0.039,-0.422,9.797,0.030,0.037,0.183,-9.785,-0.655,-0.095,-0.156,0.040,0.031,0.000,0.000,0.000,0.00,15.0,OK
1787113740.677,ROTATING,0,186.00,21.61,-1.39,-0.23,1500,1700,0.00,5.018,-6.460,158.99,0.039,-0.422,9.797,0.030,0.037,0.183,-9.780,-0.922,-0.052,-0.108,0.043,0.031,0.000,0.000,0.000,0.00,15.0,OK
1787113740.727,ROTATING,0,186.00,21.61,-1.39,-0.23,1500,1700,0.00,5.018,-6.460,158.99,0.039,-0.422,9.797,0.030,0.037,0.183,-9.823,-0.712,-0.150,-0.060,0.045,0.036,0.000,0.000,0.000,0.00,15.0,OK
1787113740.777,ROTATING,0,186.00,21.61,-1.39,-0.23,1500,1700,0.00,5.022,-6.474,156.51,0.039,-0.422,9.797,0.030,0.037,0.183,-9.682,-1.222,0.037,0.028,0.054,0.025,0.000,0.000,0.000,0.00,15.0,OK
1787113740.827,ROTATING,0,186.00,21.61,-1.39,-0.23,1500,1700,0.00,5.023,-6.476,155.00,0.039,-0.422,9.797,0.030,0.037,0.183,-9.704,-1.141,-0.042,0.121,0.059,0.026,0.000,0.000,0.000,0.00,15.0,OK
1787113740.877,ROTATING,0,185.00,21.61,-1.39,-0.23,1500,1700,0.00,5.016,-6.478,154.73,-0.157,-0.500,9.777,0.037,0.055,-0.166,-9.771,-1.109,0.020,0.220,0.064,0.030,0.000,0.000,0.000,0.00,15.0,OK
1787113740.927,ROTATING,0,185.00,21.61,-1.39,-0.23,1500,1700,0.00,5.016,-6.478,154.73,-0.157,-0.500,9.777,0.037,0.055,-0.166,-9.745,-1.010,-0.040,0.305,0.061,0.011,0.000,0.000,0.000,0.00,14.3,OK
1787113740.977,ROTATING,0,185.00,21.61,-1.39,-0.23,1500,1700,0.00,5.016,-6.476,154.34,-0.157,-0.500,9.777,0.037,0.055,-0.166,-9.773,-0.858,-0.061,0.384,0.060,0.005,0.000,0.000,0.000,0.00,14.3,OK
1787113741.027,ROTATING,0,185.00,21.61,-1.39,-0.23,1500,1700,0.00,5.015,-6.479,154.22,-0.157,-0.500,9.777,0.037,0.055,-0.166,-9.864,-0.907,-0.224,0.460,0.063,0.009,0.000,0.000,0.000,0.00,14.3,OK
1787113741.077,ROTATING,0,185.00,21.61,-1.39,-0.23,1500,1700,0.00,4.992,-6.471,152.44,-0.157,-0.500,9.777,0.037,0.055,-0.166,-9.845,-0.830,-0.253,0.509,0.059,-0.004,0.000,0.000,0.000,0.00,14.3,OK
1787113741.127,ROTATING,0,191.00,21.61,-1.39,-0.23,1500,1700,0.00,4.992,-6.471,152.44,-0.137,-0.333,9.797,0.010,0.055,-0.547,-9.771,-0.786,-0.363,0.566,0.063,-0.002,0.000,0.000,0.000,0.00,14.3,OK
1787113741.177,ROTATING,0,191.00,21.61,-1.39,-0.23,1500,1700,0.00,4.982,-6.469,153.58,-0.137,-0.333,9.797,0.010,0.055,-0.547,-9.709,-0.737,-0.308,0.602,0.064,0.006,0.000,0.000,0.000,0.00,14.3,OK
1787113741.227,ROTATING,0,191.00,21.61,-1.39,-0.23,1500,1700,0.00,4.975,-6.459,152.80,-0.137,-0.333,9.797,0.010,0.055,-0.547,-9.873,-0.627,-0.430,0.639,0.057,0.004,0.000,0.000,0.000,0.00,14.3,OK
1787113741.277,ROTATING,0,191.00,21.61,-1.39,-0.23,1500,1700,0.00,4.971,-6.466,152.96,-0.137,-0.333,9.797,0.010,0.055,-0.547,-9.847,-0.765,-0.447,0.673,0.053,-0.025,0.000,0.000,0.000,0.00,14.3,OK
1787113741.327,ROTATING,0,191.00,21.61,-1.39,-0.23,1500,1700,0.00,4.971,-6.466,152.96,-0.137,-0.333,9.797,0.010,0.055,-0.547,-9.728,-0.785,-0.494,0.699,0.052,-0.016,0.000,0.000,0.000,0.00,14.3,OK
1787113741.377,ROTATING,0,200.00,21.61,-1.37,-0.23,1500,1700,0.00,4.955,-6.448,152.46,-0.353,-0.353,9.767,0.001,0.038,-0.723,-9.756,-0.735,-0.480,0.717,0.051,-0.015,0.000,0.000,0.000,0.00,14.3,OK
1787113741.427,ROTATING,0,200.00,21.61,-1.37,-0.23,1500,1700,0.00,4.952,-6.453,152.72,-0.353,-0.353,9.767,0.001,0.038,-0.723,-9.833,-0.727,-0.485,0.747,0.045,-0.028,0.000,0.000,0.000,0.00,14.3,OK
1787113741.477,ROTATING,0,200.00,21.61,-1.37,-0.23,1500,1700,0.00,4.930,-6.431,152.44,-0.353,-0.353,9.767,0.001,0.038,-0.723,-9.861,-0.777,-0.533,0.765,0.047,-0.024,0.000,0.000,0.000,0.00,14.3,OK
1787113741.527,ROTATING,0,200.00,21.61,-1.37,-0.23,1500,1700,0.00,4.930,-6.431,152.44,-0.353,-0.353,9.767,0.001,0.038,-0.723,-9.800,-0.757,-0.466,0.791,0.050,-0.015,0.000,0.000,0.000,0.00,14.3,OK
1787113741.577,ROTATING,0,200.00,21.61,-1.37,-0.23,1500,1700,0.00,4.928,-6.434,152.54,-0.353,-0.353,9.767,0.001,0.038,-0.723,-9.802,-0.693,-0.406,0.800,0.047,-0.014,0.000,0.000,0.000,0.00,14.3,OK
1787113741.627,ROTATING,0,212.00,21.61,-1.37,-0.23,1500,1700,0.00,4.912,-6.412,152.45,-0.353,-0.461,9.836,0.001,0.037,-0.830,-9.819,-0.774,-0.452,0.821,0.043,-0.012,0.000,0.000,0.000,0.00,14.3,OK
1787113741.677,ROTATING,0,212.00,21.61,-1.37,-0.23,1500,1300,0.00,4.910,-6.414,152.65,-0.353,-0.461,9.836,0.001,0.037,-0.830,-9.744,-0.633,-0.585,0.838,0.041,0.011,0.000,0.000,0.000,0.00,14.3,OK
1787113741.727,ROTATING,0,212.00,21.61,-1.37,-0.23,1500,1300,0.00,4.910,-6.414,152.65,-0.353,-0.461,9.836,0.001,0.037,-0.830,-9.797,0.032,-0.648,0.784,0.031,0.006,0.000,0.000,0.000,0.00,14.3,OK
1787113741.777,ROTATING,0,212.00,21.61,-1.37,-0.23,1500,1300,0.00,4.845,-6.401,149.00,-0.353,-0.461,9.836,0.001,0.037,-0.830,-9.909,0.282,-0.591,0.666,0.025,0.017,0.000,0.000,0.000,0.00,14.3,OK
1787113741.827,ROTATING,0,212.00,21.61,-1.37,-0.23,1500,1300,0.00,4.812,-6.404,145.54,-0.353,-0.461,9.836,0.001,0.037,-0.830,-9.924,0.097,-0.483,0.552,0.010,0.043,0.000,0.000,0.000,0.00,14.3,OK
1787113741.877,ROTATING,0,222.00,21.61,-1.37,-0.23,1500,1300,0.00,4.818,-6.408,144.98,-0.441,-0.559,9.669,0.054,-0.002,-0.511,-9.819,-0.007,-0.456,0.468,0.003,0.053,0.000,0.000,0.000,0.00,14.3,OK
1787113741.927,ROTATING,0,222.00,21.61,-1.37,-0.23,1500,1300,0.00,4.820,-6.407,144.96,-0.441,-0.559,9.669,0.054,-0.002,-0.511,-9.837,-0.127,-0.473,0.391,-0.009,0.063,0.000,0.000,0.000,0.00,16.0,OK
1787113741.977,ROTATING,0,222.00,21.61,-1.37,-0.23,1500,1300,0.00,4.820,-6.407,144.96,-0.441,-0.559,9.669,0.054,-0.002,-0.511,-9.854,-0.117,-0.387,0.341,-0.014,0.057,0.000,0.000,0.000,0.00,16.0,OK
1787113742.027,ROTATING,0,222.00,21.61,-1.37,-0.23,1500,1300,0.00,4.822,-6.407,145.08,-0.441,-0.559,9.669,0.054,-0.002,-0.511,-9.704,-0.180,-0.341,0.299,-0.021,0.047,0.000,0.000,0.000,0.00,16.0,OK
1787113742.077,ROTATING,0,222.00,21.61,-1.37,-0.23,1500,1300,0.00,4.823,-6.406,145.32,-0.441,-0.559,9.669,0.054,-0.002,-0.511,-9.835,-0.091,-0.387,0.252,-0.028,0.044,0.000,0.000,0.000,0.00,16.0,OK
1787113742.127,ROTATING,0,227.00,21.61,-1.38,-0.23,1500,1300,0.00,4.823,-6.406,145.32,-0.422,-0.500,9.758,0.040,-0.036,-0.225,-9.809,-0.038,-0.236,0.194,-0.035,0.034,0.000,0.000,0.000,0.00,16.0,OK
1787113742.177,ROTATING,0,227.00,21.61,-1.38,-0.23,1500,1300,0.00,4.824,-6.406,145.61,-0.422,-0.500,9.758,0.040,-0.036,-0.225,-9.795,0.104,-0.176,0.117,-0.035,0.031,0.000,0.000,0.000,0.00,16.0,OK
1787113742.227,ROTATING,0,227.00,21.61,-1.38,-0.23,1500,1300,0.00,4.825,-6.406,145.91,-0.422,-0.500,9.758,0.040,-0.036,-0.225,-9.764,0.343,-0.181,0.021,-0.044,0.033,0.000,0.000,0.000,0.00,16.0,OK
1787113742.277,ROTATING,0,227.00,21.61,-1.38,-0.23,1500,1300,0.00,4.837,-6.406,146.87,-0.422,-0.500,9.758,0.040,-0.036,-0.225,-9.842,0.505,-0.090,-0.091,-0.049,0.025,0.000,0.000,0.000,0.00,16.0,OK
1787113742.327,ROTATING,0,227.00,21.61,-1.38,-0.23,1500,1300,0.00,4.837,-6.406,146.87,-0.422,-0.500,9.758,0.040,-0.036,-0.225,-9.792,0.290,-0.131,-0.208,-0.052,0.020,0.000,0.000,0.000,0.00,16.0,OK
1787113742.377,ROTATING,0,227.00,21.61,-1.38,-0.23,1500,1300,0.00,4.838,-6.409,147.02,-0.333,-0.392,9.738,0.010,-0.050,0.276,-9.768,0.233,-0.088,-0.307,-0.056,0.000,0.000,0.000,0.000,0.00,16.0,OK
1787113742.427,ROTATING,0,227.00,21.61,-1.38,-0.23,1500,1300,0.00,4.838,-6.413,147.57,-0.333,-0.392,9.738,0.010,-0.050,0.276,-9.849,0.184,-0.054,-0.392,-0.056,-0.016,0.000,0.000,0.000,0.00,16.0,OK
1787113742.477,ROTATING,0,227.00,21.61,-1.38,-0.23,1500,1300,0.00,4.831,-6.413,147.77,-0.333,-0.392,9.738,0.010,-0.050,0.276,-9.763,0.013,-0.078,-0.448,-0.063,-0.009,0.000,0.000,0.000,0.00,16.0,OK
1787113742.527,ROTATING,0,227.00,21.61,-1.38,-0.23,1500,1300,0.00,4.831,-6.413,147.77,-0.333,-0.392,9.738,0.010,-0.050,0.276,-9.847,0.014,-0.088,-0.511,-0.065,-0.004,0.000,0.000,0.000,0.00,16.0,OK
1787113742.577,ROTATING,0,227.00,21.61,-1.38,-0.23,1500,1300,0.00,4.825,-6.409,148.39,-0.333,-0.392,9.738,0.010,-0.050,0.276,-9.768,-0.061,-0.112,-0.547,-0.066,-0.030,0.000,0.000,0.000,0.00,16.0,OK
1787113742.627,ROTATING,0,220.00,21.61,-1.38,-0.23,1500,1300,0.00,4.822,-6.403,149.63,-0.147,-0.294,9.777,-0.034,-0.060,0.580,-9.780,-0.190,-0.085,-0.571,-0.068,-0.029,0.000,0.000,0.000,0.00,16.0,OK
1787113742.677,ROTATING,0,220.00,21.61,-1.38,-0.23,1500,1300,0.00,4.827,-6.411,151.08,-0.147,-0.294,9.777,-0.034,-0.060,0.580,-9.759,-0.207,-0.162,-0.595,-0.063,-0.042,0.000,0.000,0.000,0.00,16.0,OK
1787113742.727,ROTATING,0,220.00,21.61,-1.38,-0.23,1500,1300,0.00,4.827,-6.411,151.08,-0.147,-0.294,9.777,-0.034,-0.060,0.580,-9.821,-0.313,-0.018,-0.623,-0.056,-0.039,0.000,0.000,0.000,0.00,16.0,OK
1787113742.777,ROTATING,0,220.00,21.61,-1.38,-0.23,1500,1300,0.00,4.837,-6.420,151.17,-0.147,-0.294,9.777,-0.034,-0.060,0.580,-9.773,-0.243,-0.100,-0.652,-0.052,-0.029,0.000,0.000,0.000,0.00,16.0,OK
1787113742.827,ROTATING,0,220.00,21.61,-1.38,-0.23,1500,1300,0.00,4.836,-6.424,150.89,-0.147,-0.294,9.777,-0.034,-0.060,0.580,-9.888,-0.405,-0.057,-0.673,-0.046,-0.018,0.000,0.000,0.000,0.00,16.0,OK
1787113742.877,ROTATING,0,211.00,21.61,-1.39,-0.23,1500,1300,0.00,4.834,-6.425,151.18,-0.049,-0.284,9.748,-0.025,-0.038,0.709,-9.654,-0.366,-0.052,-0.698,-0.042,-0.011,0.000,0.000,0.000,0.00,16.0,OK
1787113742.927,ROTATING,0,211.00,21.61,-1.39,-0.23,1500,1300,0.00,4.834,-6.425,151.18,-0.049,-0.284,9.748,-0.025,-0.038,0.709,-9.852,-0.323,-0.172,-0.718,-0.038,0.006,0.000,0.000,0.000,0.00,16.0,OK
1787113742.977,ROTATING,0,211.00,21.61,-1.39,-0.23,1500,1300,0.00,4.739,-6.375,150.39,-0.049,-0.284,9.748,-0.025,-0.038,0.709,-9.747,-0.470,-0.042,-0.733,-0.034,0.016,0.000,0.000,0.000,0.00,14.3,OK
1787113743.027,ROTATING,0,211.00,21.61,-1.39,-0.23,1500,1300,0.00,4.738,-6.376,151.01,-0.049,-0.284,9.748,-0.025,-0.038,0.709,-9.671,-0.431,-0.188,-0.747,-0.029,0.007,0.000,0.000,0.000,0.00,14.3,OK
1787113743.077,ROTATING,0,211.00,21.61,-1.39,-0.23,1500,1300,0.00,4.735,-6.377,151.38,-0.049,-0.284,9.748,-0.025,-0.038,0.709,-9.880,-0.383,-0.153,-0.770,-0.024,0.042,0.000,0.000,0.000,0.00,14.3,OK
1787113743.127,ROTATING,0,200.00,21.61,-1.39,-0.23,1500,1300,0.00,4.735,-6.377,151.38,-0.010,-0.451,9.787,0.018,-0.014,0.800,-9.907,-0.292,-0.141,-0.785,-0.023,0.048,0.000,0.000,0.000,0.00,14.3,OK
1787113743.177,ROTATING,0,200.00,21.61,-1.39,-0.23,1500,1700,0.00,4.732,-6.379,151.73,-0.010,-0.451,9.787,0.018,-0.014,0.800,-9.790,-0.408,-0.229,-0.802,-0.024,0.052,0.000,0.000,0.000,0.00,14.3,OK
1787113743.227,ROTATING,0,200.00,21.61,-1.39,-0.23,1500,1700,0.00,4.730,-6.380,152.03,-0.010,-0.451,9.787,0.018,-0.014,0.800,-9.866,-0.988,-0.050,-0.740,-0.016,0.037,0.000,0.000,0.000,0.00,14.3,OK
1787113743.277,ROTATING,0,200.00,21.61,-1.39,-0.23,1500,1700,0.00,4.727,-6.382,152.31,-0.010,-0.451,9.787,0.018,-0.014,0.800,-9.673,-1.395,-0.052,-0.625,-0.007,0.002,0.000,0.000,0.000,0.00,14.3,OK
1787113743.327,ROTATING,0,200.00,21.61,-1.39,-0.23,1500,1700,0.00,4.727,-6.382,152.31,-0.010,-0.451,9.787,0.018,-0.014,0.800,-9.718,-1.283,-0.025,-0.489,0.005,-0.002,0.000,0.000,0.000,0.00,14.3,OK
1787113743.377,ROTATING,0,190.00,21.61,-1.38,-0.23,1500,1700,0.00,4.724,-6.384,152.50,-0.069,-0.373,9.826,-0.010,0.016,0.450,-9.725,-1.166,-0.056,-0.394,0.016,-0.000,0.000,0.000,0.000,0.00,14.3,OK
1787113743.427,ROTATING,0,190.00,21.61,-1.38,-0.23,1500,1700,0.00,4.740,-6.388,153.87,-0.069,-0.373,9.826,-0.010,0.016,0.450,-9.764,-0.982,0.013,-0.322,0.023,-0.000,0.000,0.000,0.000,0.00,14.3,OK
1787113743.477,ROTATING,0,190.00,21.61,-1.38,-0.23,1500,1700,0.00,4.747,-6.400,153.42,-0.069,-0.373,9.826,-0.010,0.016,0.450,-9.771,-0.908,-0.030,-0.268,0.030,0.020,0.000,0.000,0.000,0.00,14.3,OK
1787113743.527,ROTATING,0,190.00,21.61,-1.38,-0.23,1500,1700,0.00,4.747,-6.400,153.42,-0.069,-0.373,9.826,-0.010,0.016,0.450,-9.811,-0.743,-0.057,-0.220,0.035,0.021,0.000,0.000,0.000,0.00,14.3,OK
1787113743.577,ROTATING,0,190.00,21.61,-1.38,-0.23,1500,1700,0.00,4.761,-6.407,152.74,-0.069,-0.373,9.826,-0.010,0.016,0.450,-9.673,-0.787,-0.099,-0.183,0.038,0.017,0.000,0.000,0.000,0.00,14.3,OK
1787113743.627,ROTATING,0,186.00,21.61,-1.39,-0.23,1500,1700,0.00,4.763,-6.406,152.01,-0.069,-0.431,9.787,0.018,0.040,0.172,-9.776,-0.740,-0.085,-0.152,0.041,0.034,0.000,0.000,0.000,0.00,14.3,OK
1787113743.677,ROTATING,0,186.00,21.61,-1.39,-0.23,1500,1700,0.00,4.763,-6.411,150.37,-0.069,-0.431,9.787,0.018,0.040,0.172,-9.783,-0.920,-0.162,-0.097,0.043,0.029,0.000,0.000,0.000,0.00,14.3,OK
1787113743.727,ROTATING,0,186.00,21.61,-1.39,-0.23,1500,1700,0.00,4.763,-6.411,150.37,-0.069,-0.431,9.787,0.018,0.040,0.172,-9.711,-0.831,-0.155,-0.044,0.047,0.003,0.000,0.000,0.000,0.00,14.3,OK
1787113743.777,ROTATING,0,186.00,21.61,-1.39,-0.23,1500,1700,0.00,4.772,-6.420,150.26,-0.069,-0.431,9.787,0.018,0.040,0.172,-9.754,-1.309,-0.174,0.022,0.051,0.022,0.000,0.000,0.000,0.00,14.3,OK
1787113743.827,ROTATING,0,186.00,21.61,-1.39,-0.23,1500,1700,0.00,4.775,-6.423,149.80,-0.069,-0.431,9.787,0.018,0.040,0.172,-9.783,-1.018,-0.193,0.121,0.057,0.013,0.000,0.000,0.000,0.00,14.3,OK
1787113743.877,ROTATING,0,186.00,21.61,-1.39,-0.23,1500,1700,0.00,4.779,-6.424,149.36,-0.186,-0.412,9.787,0.003,0.058,-0.167,-9.792,-1.257,-0.073,0.207,0.064,0.009,0.000,0.000,0.000,0.00,14.3,OK
1787113743.927,ROTATING,0,186.00,21.61,-1.39,-0.23,1500,1700,0.00,4.779,-6.424,149.36,-0.186,-0.412,9.787,0.003,0.058,-0.167,-9.802,-1.073,-0.167,0.307,0.063,0.000,0.000,0.000,0.000,0.00,14.3,OK
1787113743.977,ROTATING,0,186.00,21.61,-1.39,-0.23,1500,1700,0.00,4.777,-6.426,148.69,-0.186,-0.412,9.787,0.003,0.058,-0.167,-9.713,-1.022,-0.217,0.391,0.064,-0.014,0.000,0.000,0.000,0.00,14.3,OK
1787113744.027,ROTATING,0,186.00,21.61,-1.39,-0.23,1500,1700,0.00,4.774,-6.416,147.86,-0.186,-0.412,9.787,0.003,0.058,-0.167,-9.830,-0.861,-0.327,0.463,0.070,-0.018,0.000,0.000,0.000,0.00,15.2,OK
1787113744.077,ROTATING,0,186.00,21.61,-1.39,-0.23,1500,1700,0.00,4.755,-6.432,144.40,-0.186,-0.412,9.787,0.003,0.058,-0.167,-9.768,-0.769,-0.370,0.512,0.068,-0.026,0.000,0.000,0.000,0.00,15.2,OK
1787113744.127,ROTATING,0,192.00,21.61,-1.38,-0.23,1500,1700,0.00,4.755,-6.432,144.40,-0.245,-0.402,9.758,-0.010,0.060,-0.548,-9.861,-0.832,-0.351,0.562,0.070,-0.004,0.000,0.000,0.000,0.00,15.2,OK
1787113744.177,ROTATING,0,192.00,21.61,-1.38,-0.23,1500,1700,0.00,4.756,-6.439,143.95,-0.245,-0.402,9.758,-0.010,0.060,-0.548,-9.842,-0.804,-0.535,0.601,0.068,-0.011,0.000,0.000,0.000,0.00,15.2,OK
1787113744.227,ROTATING,0,192.00,21.61,-1.38,-0.23,1500,1700,0.00,4.749,-6.373,142.49,-0.245,-0.402,9.758,-0.010,0.060,-0.548,-9.847,-0.861,-0.497,0.632,0.064,-0.004,0.000,0.000,0.000,0.00,15.2,OK
1787113744.277,ROTATING,0,192.00,21.61,-1.38,-0.23,1500,1700,0.00,4.714,-6.373,148.89,-0.245,-0.402,9.758,-0.010,0.060,-0.548,-9.806,-0.755,-0.519,0.662,0.059,-0.001,0.000,0.000,0.000,0.00,15.2,OK
1787113744.327,ROTATING,0,192.00,21.61,-1.38,-0.23,1500,1700,0.00,4.714,-6.373,148.89,-0.245,-0.402,9.758,-0.010,0.060,-0.548,-9.837,-0.758,-0.634,0.694,0.058,0.002,0.000,0.000,0.000,0.00,15.2,OK
1787113744.377,ROTATING,0,201.00,21.61,-1.38,-0.23,1500,1700,0.00,4.688,-6.360,146.38,-0.333,-0.431,9.758,0.025,0.042,-0.718,-9.814,-0.762,-0.686,0.717,0.053,0.013,0.000,0.000,0.000,0.00,15.2,OK
1787113744.427,ROTATING,0,201.00,21.61,-1.38,-0.23,1500,1700,0.00,4.686,-6.365,146.64,-0.333,-0.431,9.758,0.025,0.042,-0.718,-9.869,-0.689,-0.648,0.740,0.049,0.001,0.000,0.000,0.000,0.00,15.2,OK
1787113744.477,ROTATING,0,201.00,21.61,-1.38,-0.23,1500,1700,0.00,4.640,-6.286,140.73,-0.333,-0.431,9.758,0.025,0.042,-0.718,-9.859,-0.856,-0.662,0.766,0.050,-0.012,0.000,0.000,0.000,0.00,15.2,OK
1787113744.527,ROTATING,0,201.00,21.61,-1.38,-0.23,1500,1700,0.00,4.640,-6.286,140.73,-0.333,-0.431,9.758,0.025,0.042,-0.718,-9.883,-0.756,-0.607,0.779,0.042,0.011,0.000,0.000,0.000,0.00,15.2,OK
1787113744.577,ROTATING,0,201.00,21.61,-1.38,-0.23,1500,1700,0.00,4.606,-6.288,149.08,-0.333,-0.431,9.758,0.025,0.042,-0.718,-9.883,-0.809,-0.531,0.792,0.041,0.022,0.000,0.000,0.000,0.00,15.2,OK
1787113744.627,ROTATING,0,212.00,21.61,-1.38,-0.23,1500,1700,0.00,4.609,-6.286,148.45,-0.520,-0.490,9.807,0.022,0.031,-0.821,-9.852,-0.689,-0.576,0.811,0.039,0.004,0.000,0.000,0.000,0.00,15.2,OK
1787113744.677,ROTATING,0,212.00,21.61,-1.38,-0.23,1500,1300,0.00,4.612,-6.285,147.88,-0.520,-0.490,9.807,0.022,0.031,-0.821,-9.732,-0.606,-0.650,0.830,0.037,-0.002,0.000,0.000,0.000,0.00,15.2,OK
1787113744.727,ROTATING,0,212.00,21.61,-1.38,-0.23,1500,1300,0.00,4.612,-6.285,147.88,-0.520,-0.490,9.807,0.022,0.031,-0.821,-9.928,-0.006,-0.732,0.782,0.028,-0.005,0.000,0.000,0.000,0.00,15.2,OK
1787113744.777,ROTATING,0,212.00,21.61,-1.38,-0.23,1500,1300,0.00,4.615,-6.284,147.31,-0.520,-0.490,9.807,0.022,0.031,-0.821,-9.978,0.262,-0.706,0.660,0.014,0.005,0.000,0.000,0.000,0.00,15.2,OK
1787113744.827,ROTATING,0,212.00,21.61,-1.38,-0.23,1500,1300,0.00,4.618,-6.283,146.72,-0.520,-0.490,9.807,0.022,0.031,-0.821,-9.866,0.055,-0.552,0.547,0.001,0.022,0.000,0.000,0.000,0.00,15.2,OK
1787113744.877,ROTATING,0,223.00,21.61,-1.37,-0.23,1500,1300,0.00,4.621,-6.282,146.29,-0.559,-0.559,9.738,0.038,-0.016,-0.499,-9.847,-0.062,-0.600,0.455,-0.016,0.040,0.000,0.000,0.000,0.00,15.2,OK
1787113744.927,ROTATING,0,223.00,21.61,-1.37,-0.23,1500,1300,0.00,4.621,-6.282,146.29,-0.559,-0.559,9.738,0.038,-0.016,-0.499,-9.770,-0.200,-0.499,0.391,-0.024,0.037,0.000,0.000,0.000,0.00,15.2,OK
1787113744.977,ROTATING,0,223.00,21.61,-1.37,-0.23,1500,1300,0.00,4.624,-6.281,146.29,-0.559,-0.559,9.738,0.038,-0.016,-0.499,-9.811,-0.243,-0.466,0.336,-0.032,0.050,0.000,0.000,0.000,0.00,15.2,OK
1787113745.027,ROTATING,0,223.00,21.61,-1.37,-0.23,1500,1300,0.00,4.626,-6.281,146.61,-0.559,-0.559,9.738,0.038,-0.016,-0.499,-9.756,-0.238,-0.399,0.295,-0.037,0.042,0.000,0.000,0.000,0.00,15.0,OK
1787113745.077,ROTATING,0,223.00,21.61,-1.37,-0.23,1500,1300,0.00,4.627,-6.281,147.16,-0.559,-0.559,9.738,0.038,-0.016,-0.499,-9.704,-0.299,-0.413,0.258,-0.039,0.034,0.000,0.000,0.000,0.00,15.0,OK
1787113745.127,ROTATING,0,227.00,21.61,-1.38,-0.23,1500,1300,0.00,4.627,-6.281,147.16,-0.402,-0.588,9.699,0.042,-0.047,-0.228,-9.868,0.143,-0.270,0.193,-0.045,0.041,0.000,0.000,0.000,0.00,15.0,OK
1787113745.178,ROTATING,0,227.00,21.61,-1.38,-0.23,1500,1300,0.00,4.628,-6.281,147.81,-0.402,-0.588,9.699,0.042,-0.047,-0.228,-9.813,-0.043,-0.272,0.123,-0.051,0.042,0.000,0.000,0.000,0.00,15.0,OK
1787113745.227,ROTATING,0,227.00,21.61,-1.38,-0.23,1500,1300,0.00,4.629,-6.281,148.50,-0.402,-0.588,9.699,0.042,-0.047,-0.228,-9.764,0.621,-0.009,0.015,-0.053,0.037,0.000,0.000,0.000,0.00,15.0,OK
1787113745.277,ROTATING,0,227.00,21.61,-1.38,-0.23,1500,1300,0.00,4.630,-6.281,149.29,-0.402,-0.588,9.699,0.042,-0.047,-0.228,-9.907,0.365,-0.213,-0.113,-0.056,0.047,0.000,0.000,0.000,0.00,15.0,OK
1787113745.327,ROTATING,0,227.00,21.61,-1.38,-0.23,1500,1300,0.00,4.630,-6.281,149.29,-0.402,-0.588,9.699,0.042,-0.047,-0.228,-9.833,0.266,-0.088,-0.213,-0.063,0.025,0.000,0.000,0.000,0.00,15.0,OK
1787113745.377,ROTATING,0,227.00,21.61,-1.39,-0.23,1500,1300,0.00,4.630,-6.281,150.16,-0.324,-0.422,9.758,0.014,-0.065,0.283,-9.725,0.224,-0.109,-0.316,-0.066,0.008,0.000,0.000,0.000,0.00,15.0,OK
1787113745.427,ROTATING,0,227.00,21.61,-1.39,-0.23,1500,1300,0.00,4.630,-6.281,151.16,-0.324,-0.422,9.758,0.014,-0.065,0.283,-9.725,0.083,-0.135,-0.388,-0.068,-0.003,0.000,0.000,0.000,0.00,15.0,OK
1787113745.477,ROTATING,0,227.00,21.61,-1.39,-0.23,1500,1300,0.00,4.629,-6.281,152.08,-0.324,-0.422,9.758,0.014,-0.065,0.283,-9.821,-0.035,-0.069,-0.463,-0.068,0.007,0.000,0.000,0.000,0.00,15.0,OK
1787113745.527,ROTATING,0,227.00,21.61,-1.39,-0.23,1500,1300,0.00,4.629,-6.281,152.08,-0.324,-0.422,9.758,0.014,-0.065,0.283,-9.768,-0.104,-0.083,-0.515,-0.067,-0.006,0.000,0.000,0.000,0.00,15.0,OK
1787113745.577,ROTATING,0,227.00,21.61,-1.39,-0.23,1500,1300,0.00,4.627,-6.281,152.87,-0.324,-0.422,9.758,0.014,-0.065,0.283,-9.881,-0.077,-0.086,-0.554,-0.069,-0.008,0.000,0.000,0.000,0.00,15.0,OK
1787113745.628,ROTATING,0,220.00,21.61,-1.40,-0.23,1500,1300,0.00,4.625,-6.281,153.69,-0.078,-0.392,9.777,-0.017,-0.063,0.589,-9.766,-0.157,-0.071,-0.582,-0.066,-0.010,0.000,0.000,0.000,0.00,15.0,OK
1787113745.677,ROTATING,0,220.00,21.61,-1.40,-0.23,1500,1300,0.00,4.623,-6.282,154.50,-0.078,-0.392,9.777,-0.017,-0.063,0.589,-9.778,-0.174,-0.076,-0.608,-0.062,-0.012,0.000,0.000,0.000,0.00,15.0,OK
1787113745.727,ROTATING,0,220.00,21.61,-1.40,-0.23,1500,1300,0.00,4.623,-6.282,154.50,-0.078,-0.392,9.777,-0.017,-0.063,0.589,-9.713,-0.324,-0.052,-0.638,-0.052,-0.012,0.000,0.000,0.000,0.00,15.0,OK
1787113745.777,ROTATING,0,220.00,21.61,-1.40,-0.23,1500,1300,0.00,4.620,-6.282,155.26,-0.078,-0.392,9.777,-0.017,-0.063,0.589,-9.799,-0.289,-0.090,-0.663,-0.050,0.004,0.000,0.000,0.000,0.00,15.0,OK
1787113745.827,ROTATING,0,220.00,21.61,-1.40,-0.23,1500,1300,0.00,4.618,-6.283,155.96,-0.078,-0.392,9.777,-0.017,-0.063,0.589,-9.821,-0.308,-0.109,-0.684,-0.047,0.008,0.000,0.000,0.000,0.00,15.0,OK
1787113745.877,ROTATING,0,211.00,21.61,-1.40,-0.23,1500,1300,0.00,4.615,-6.284,156.62,-0.020,-0.373,9.797,-0.003,-0.036,0.715,-9.716,-0.266,-0.092,-0.709,-0.046,0.007,0.000,0.000,0.000,0.00,15.0,OK
1787113745.927,ROTATING,0,211.00,21.61,-1.40,-0.23,1500,1300,0.00,4.615,-6.284,156.62,-0.020,-0.373,9.797,-0.003,-0.036,0.715,-9.995,-0.289,-0.107,-0.729,-0.046,0.046,0.000,0.000,0.000,0.00,15.0,OK
1787113745.977,ROTATING,0,211.00,21.61,-1.40,-0.23,1500,1300,0.00,4.613,-6.284,157.29,-0.020,-0.373,9.797,-0.003,-0.036,0.715,-9.682,-0.247,-0.143,-0.751,-0.038,0.025,0.000,0.000,0.000,0.00,15.0,OK
1787113746.027,ROTATING,0,211.00,21.61,-1.40,-0.23,1500,1300,0.00,4.610,-6.286,157.99,-0.020,-0.373,9.797,-0.003,-0.036,0.715,-9.811,-0.320,-0.174,-0.774,-0.040,0.039,0.000,0.000,0.000,0.00,15.0,OK
1787113746.077,ROTATING,0,211.00,21.61,-1.40,-0.23,1500,1300,0.00,4.607,-6.287,158.78,-0.020,-0.373,9.797,-0.003,-0.036,0.715,-9.783,-0.389,-0.160,-0.785,-0.039,0.041,0.000,0.000,0.000,0.00,15.2,OK
1787113746.128,ROTATING,0,200.00,21.61,-1.39,-0.23,1500,1300,0.00,4.607,-6.287,158.78,-0.029,-0.382,9.807,0.025,-0.025,0.815,-9.749,-0.334,-0.157,-0.797,-0.031,0.042,0.000,0.000,0.000,0.00,15.2,OK
1787113746.177,ROTATING,0,200.00,21.61,-1.39,-0.23,1500,1700,0.00,4.604,-6.288,159.58,-0.029,-0.382,9.807,0.025,-0.025,0.815,-9.840,-0.337,-0.172,-0.802,-0.030,0.049,0.000,0.000,0.000,0.00,15.2,OK
1787113746.227,ROTATING,0,200.00,21.61,-1.39,-0.23,1500,1700,0.00,4.601,-6.290,160.34,-0.029,-0.382,9.807,0.025,-0.025,0.815,-9.687,-1.144,-0.013,-0.743,-0.020,0.016,0.000,0.000,0.000,0.00,15.2,OK
1787113746.277,ROTATING,0,200.00,21.61,-1.39,-0.23,1500,1700,0.00,4.599,-6.292,160.97,-0.029,-0.382,9.807,0.025,-0.025,0.815,-9.725,-1.460,-0.004,-0.614,-0.005,-0.012,0.000,0.000,0.000,0.00,15.2,OK
1787113746.328,ROTATING,0,200.00,21.61,-1.39,-0.23,1500,1700,0.00,4.599,-6.292,160.97,-0.029,-0.382,9.807,0.025,-0.025,0.815,-9.706,-1.247,0.006,-0.490,0.007,-0.036,0.000,0.000,0.000,0.00,15.2,OK
1787113746.377,ROTATING,0,190.00,21.61,-1.39,-0.23,1500,1700,0.00,4.624,-6.291,164.69,0.029,-0.353,9.758,-0.046,0.014,0.448,-9.725,-1.101,0.054,-0.396,0.015,-0.037,0.000,0.000,0.000,0.00,15.2,OK
1787113746.427,ROTATING,0,190.00,21.61,-1.39,-0.23,1500,1700,0.00,4.622,-6.293,164.76,0.029,-0.353,9.758,-0.046,0.014,0.448,-9.761,-0.924,-0.002,-0.326,0.026,-0.029,0.000,0.000,0.000,0.00,15.2,OK
1787113746.478,ROTATING,0,190.00,21.61,-1.39,-0.23,1500,1700,0.00,4.598,-6.353,161.77,0.029,-0.353,9.758,-0.046,0.014,0.448,-9.806,-0.820,-0.002,-0.271,0.033,-0.012,0.000,0.000,0.000,0.00,15.2,OK
1787113746.527,ROTATING,0,190.00,21.61,-1.39,-0.23,1500,1700,0.00,4.598,-6.353,161.77,0.029,-0.353,9.758,-0.046,0.014,0.448,-9.720,-0.797,-0.033,-0.230,0.038,-0.008,0.000,0.000,0.000,0.00,15.2,OK
1787113746.577,ROTATING,0,190.00,21.61,-1.39,-0.23,1500,1700,0.00,4.608,-6.333,156.77,0.029,-0.353,9.758,-0.046,0.014,0.448,-9.737,-0.754,-0.023,-0.195,0.041,0.002,0.000,0.000,0.000,0.00,15.2,OK
1787113746.627,ROTATING,0,186.00,21.61,-1.39,-0.23,1500,1700,0.00,4.604,-6.334,156.96,-0.059,-0.382,9.787,0.004,0.045,0.189,-9.776,-0.834,-0.064,-0.163,0.048,0.018,0.000,0.000,0.000,0.00,15.2,OK
1787113746.677,ROTATING,0,186.00,21.61,-1.39,-0.23,1500,1700,0.00,4.595,-6.345,151.62,-0.059,-0.382,9.787,0.004,0.045,0.189,-9.759,-0.932,-0.138,-0.121,0.058,0.033,0.000,0.000,0.000,0.00,15.2,OK
1787113746.727,ROTATING,0,186.00,21.61,-1.39,-0.23,1500,1700,0.00,4.595,-6.349,150.28,-0.059,-0.382,9.787,0.004,0.045,0.189,-9.740,-0.895,-0.069,-0.054,0.059,0.039,0.000,0.000,0.000,0.00,15.2,OK
1787113746.777,ROTATING,0,186.00,21.61,-1.39,-0.23,1500,1700,0.00,4.595,-6.349,150.28,-0.059,-0.382,9.787,0.004,0.045,0.189,-9.787,-1.111,-0.157,0.012,0.060,0.032,0.000,0.000,0.000,0.00,15.2,OK
1787113746.827,ROTATING,0,186.00,21.61,-1.39,-0.23,1500,1700,0.00,4.593,-6.350,149.12,-0.059,-0.382,9.787,0.004,0.045,0.189,-9.766,-1.056,-0.147,0.109,0.064,0.022,0.000,0.000,0.000,0.00,15.2,OK
1787113746.877,ROTATING,0,186.00,21.61,-1.39,-0.23,1500,1700,0.00,4.561,-6.362,137.47,-0.147,-0.490,9.787,0.031,0.062,-0.153,-9.759,-1.250,-0.076,0.197,0.067,0.025,0.000,0.000,0.000,0.00,15.2,OK
1787113746.927,ROTATING,0,186.00,21.61,-1.39,-0.23,1500,1700,0.00,4.566,-6.366,133.58,-0.147,-0.490,9.787,0.031,0.062,-0.153,-9.837,-1.050,-0.198,0.294,0.069,0.016,0.000,0.000,0.000,0.00,15.2,OK
1787113746.978,ROTATING,0,186.00,21.61,-1.39,-0.23,1500,1700,0.00,4.566,-6.366,133.58,-0.147,-0.490,9.787,0.031,0.062,-0.153,-9.733,-0.931,-0.293,0.376,0.073,-0.013,0.000,0.000,0.000,0.00,15.2,OK
1787113747.027,ROTATING,0,186.00,21.61,-1.39,-0.23,1500,1700,0.00,4.571,-6.367,135.33,-0.147,-0.490,9.787,0.031,0.062,-0.153,-9.759,-0.932,-0.241,0.441,0.075,-0.022,0.000,0.000,0.000,0.00,15.2,OK
1787113747.077,ROTATING,0,186.00,21.61,-1.39,-0.23,1500,1700,0.00,4.566,-6.359,134.05,-0.147,-0.490,9.787,0.031,0.062,-0.153,-9.828,-0.796,-0.372,0.492,0.075,-0.017,0.000,0.000,0.000,0.00,15.2,OK
1787113747.127,ROTATING,0,191.00,21.61,-1.39,-0.23,1500,1700,0.00,4.566,-6.359,134.05,-0.294,-0.422,9.807,-0.016,0.070,-0.531,-9.880,-0.847,-0.468,0.549,0.078,-0.025,0.000,0.000,0.000,0.00,14.3,OK
1787113747.178,ROTATING,0,191.00,21.61,-1.39,-0.23,1500,1700,0.00,4.564,-6.360,132.60,-0.294,-0.422,9.807,-0.016,0.070,-0.531,-9.875,-0.792,-0.552,0.586,0.075,-0.001,0.000,0.000,0.000,0.00,14.3,OK
1787113747.227,ROTATING,0,191.00,21.61,-1.39,-0.23,1500,1700,0.00,4.557,-6.366,134.54,-0.294,-0.422,9.807,-0.016,0.070,-0.531,-9.832,-0.772,-0.530,0.631,0.078,-0.001,0.000,0.000,0.000,0.00,14.3,OK
1787113747.277,ROTATING,0,191.00,21.61,-1.39,-0.23,1500,1700,0.00,4.436,-6.430,100.04,-0.294,-0.422,9.807,-0.016,0.070,-0.531,-9.701,-0.749,-0.540,0.657,0.077,0.001,0.000,0.000,0.000,0.00,14.3,OK
1787113747.327,ROTATING,0,191.00,21.61,-1.39,-0.23,1500,1700,0.00,4.436,-6.430,100.04,-0.294,-0.422,9.807,-0.016,0.070,-0.531,-9.785,-0.748,-0.597,0.685,0.077,0.014,0.000,0.000,0.000,0.00,14.3,OK
1787113747.377,ROTATING,0,200.00,21.61,-1.38,-0.23,1500,1700,0.00,4.438,-6.428,99.70,-0.422,-0.451,9.758,0.027,0.067,-0.714,-9.802,-0.817,-0.641,0.717,0.075,0.012,0.000,0.000,0.000,0.00,14.3,OK
1787113747.427,ROTATING,0,200.00,21.61,-1.38,-0.23,1500,1700,0.00,4.433,-6.286,122.74,-0.422,-0.451,9.758,0.027,0.067,-0.714,-9.727,-0.831,-0.657,0.737,0.069,0.018,0.000,0.000,0.000,0.00,14.3,OK
1787113747.477,ROTATING,0,200.00,21.61,-1.38,-0.23,1500,1700,0.00,4.349,-6.512,87.33,-0.422,-0.451,9.758,0.027,0.067,-0.714,-9.687,-0.823,-0.664,0.768,0.073,-0.000,0.000,0.000,0.000,0.00,14.3,OK
1787113747.527,ROTATING,0,200.00,21.61,-1.38,-0.23,1500,1700,0.00,4.349,-6.512,87.33,-0.422,-0.451,9.758,0.027,0.067,-0.714,-9.895,-0.814,-0.760,0.788,0.068,0.013,0.000,0.000,0.000,0.00,14.3,OK
1787113747.577,ROTATING,0,200.00,21.61,-1.38,-0.23,1500,1700,0.00,4.359,-6.529,85.80,-0.422,-0.451,9.758,0.027,0.067,-0.714,-9.847,-0.734,-0.746,0.803,0.063,0.008,0.000,0.000,0.000,0.00,14.3,OK
1787113747.627,ROTATING,0,211.00,21.61,-1.37,-0.23,1500,1700,0.00,4.362,-6.527,85.70,-0.490,-0.520,9.738,0.016,0.051,-0.824,-9.814,-0.774,-0.610,0.817,0.062,0.025,0.000,0.000,0.000,0.00,14.3,OK
1787113747.677,ROTATING,0,211.00,21.61,-1.37,-0.23,1500,1300,0.00,4.365,-6.526,85.61,-0.490,-0.520,9.738,0.016,0.051,-0.824,-9.873,-0.577,-0.744,0.824,0.052,0.023,0.000,0.000,0.000,0.00,14.3,OK
1787113747.727,ROTATING,0,211.00,21.61,-1.37,-0.23,1500,1300,0.00,4.365,-6.526,85.61,-0.490,-0.520,9.738,0.016,0.051,-0.824,-9.878,-0.043,-0.813,0.777,0.041,0.018,0.000,0.000,0.000,0.00,14.3,OK
1787113747.777,ROTATING,0,211.00,21.61,-1.37,-0.23,1500,1300,0.00,4.368,-6.525,85.50,-0.490,-0.520,9.738,0.016,0.051,-0.824,-9.809,0.211,-0.844,0.655,0.033,0.015,0.000,0.000,0.000,0.00,14.3,OK
1787113747.827,ROTATING,0,211.00,21.61,-1.37,-0.23,1500,1300,0.00,4.371,-6.524,85.38,-0.490,-0.520,9.738,0.016,0.051,-0.824,-9.931,0.004,-0.758,0.546,0.018,0.027,0.000,0.000,0.000,0.00,14.3,OK
1787113747.877,ROTATING,0,222.00,21.61,-1.37,-0.23,1500,1300,0.00,4.374,-6.523,85.29,-0.510,-0.628,9.797,0.029,0.006,-0.505,-9.835,-0.069,-0.717,0.459,0.003,0.019,0.000,0.000,0.000,0.00,14.3,OK
1787113747.927,ROTATING,0,222.00,21.61,-1.37,-0.23,1500,1300,0.00,4.374,-6.523,85.29,-0.510,-0.628,9.797,0.029,0.006,-0.505,-9.821,-0.165,-0.698,0.391,-0.008,0.030,0.000,0.000,0.000,0.00,14.3,OK
1787113747.978,ROTATING,0,222.00,21.61,-1.37,-0.23,1500,1300,0.00,4.377,-6.522,85.22,-0.510,-0.628,9.797,0.029,0.006,-0.505,-9.790,-0.284,-0.648,0.344,-0.016,0.034,0.000,0.000,0.000,0.00,14.3,OK
1787113748.027,ROTATING,0,222.00,21.61,-1.37,-0.23,1500,1300,0.00,4.379,-6.522,85.23,-0.510,-0.628,9.797,0.029,0.006,-0.505,-9.852,-0.287,-0.586,0.299,-0.027,0.040,0.000,0.000,0.000,0.00,14.3,OK
1787113748.077,ROTATING,0,222.00,21.61,-1.37,-0.23,1500,1300,0.00,4.380,-6.522,85.30,-0.510,-0.628,9.797,0.029,0.006,-0.505,-9.900,-0.252,-0.598,0.262,-0.034,0.035,0.000,0.000,0.000,0.00,14.3,OK
1787113748.128,ROTATING,0,227.00,21.61,-1.38,-0.23,1500,1300,0.00,4.380,-6.522,85.30,-0.657,-0.569,9.728,0.041,-0.045,-0.238,-9.732,-0.030,-0.432,0.202,-0.043,0.026,0.000,0.000,0.000,0.00,15.0,OK
1787113748.177,ROTATING,0,227.00,21.61,-1.38,-0.23,1500,1300,0.00,4.381,-6.521,85.43,-0.657,-0.569,9.728,0.041,-0.045,-0.238,-9.845,-0.055,-0.504,0.136,-0.053,0.036,0.000,0.000,0.000,0.00,15.0,OK
1787113748.227,ROTATING,0,227.00,21.61,-1.38,-0.23,1500,1300,0.00,4.382,-6.521,85.63,-0.657,-0.569,9.728,0.041,-0.045,-0.238,-9.871,0.275,-0.277,0.036,-0.056,0.032,0.000,0.000,0.000,0.00,15.0,OK
1787113748.277,ROTATING,0,227.00,21.61,-1.38,-0.23,1500,1300,0.00,4.383,-6.521,85.91,-0.657,-0.569,9.728,0.041,-0.045,-0.238,-9.842,0.397,-0.219,-0.089,-0.063,0.029,0.000,0.000,0.000,0.00,15.0,OK
1787113748.327,ROTATING,0,227.00,21.61,-1.38,-0.23,1500,1300,0.00,4.383,-6.521,85.91,-0.657,-0.569,9.728,0.041,-0.045,-0.238,-9.802,0.135,-0.322,-0.203,-0.067,0.010,0.000,0.000,0.000,0.00,15.0,OK
1787113748.377,ROTATING,0,227.00,21.61,-1.38,-0.23,1500,1300,0.00,4.383,-6.521,86.23,-0.481,-0.520,9.758,0.010,-0.066,0.268,-9.844,0.182,-0.322,-0.299,-0.070,0.005,0.000,0.000,0.000,0.00,15.0,OK
1787113748.427,ROTATING,0,227.00,21.61,-1.38,-0.23,1500,1300,0.00,4.383,-6.521,86.59,-0.481,-0.520,9.758,0.010,-0.066,0.268,-9.795,0.168,-0.253,-0.383,-0.071,-0.013,0.000,0.000,0.000,0.00,15.0,OK
1787113748.477,ROTATING,0,227.00,21.61,-1.38,-0.23,1500,1300,0.00,4.382,-6.521,87.01,-0.481,-0.520,9.758,0.010,-0.066,0.268,-9.902,0.007,-0.308,-0.460,-0.076,0.003,0.000,0.000,0.000,0.00,15.0,OK
1787113748.527,ROTATING,0,227.00,21.61,-1.38,-0.23,1500,1300,0.00,4.382,-6.521,87.01,-0.481,-0.520,9.758,0.010,-0.066,0.268,-9.840,-0.064,-0.339,-0.510,-0.080,0.004,0.000,0.000,0.000,0.00,15.0,OK
1787113748.578,ROTATING,0,227.00,21.61,-1.38,-0.23,1500,1300,0.00,4.381,-6.521,87.46,-0.481,-0.520,9.758,0.010,-0.066,0.268,-9.742,-0.216,-0.195,-0.549,-0.078,-0.001,0.000,0.000,0.000,0.00,15.0,OK
1787113748.627,ROTATING,0,220.00,21.61,-1.38,-0.23,1500,1300,0.00,4.379,-6.521,87.92,-0.284,-0.412,9.777,-0.024,-0.072,0.588,-9.728,-0.300,-0.284,-0.581,-0.073,-0.021,0.000,0.000,0.000,0.00,15.0,OK
1787113748.677,ROTATING,0,220.00,21.61,-1.38,-0.23,1500,1300,0.00,4.376,-6.522,88.34,-0.284,-0.412,9.777,-0.024,-0.072,0.588,-9.881,-0.321,-0.241,-0.613,-0.076,-0.025,0.000,0.000,0.000,0.00,15.0,OK
1787113748.727,ROTATING,0,220.00,21.61,-1.38,-0.23,1500,1300,0.00,4.376,-6.522,88.34,-0.284,-0.412,9.777,-0.024,-0.072,0.588,-9.692,-0.287,-0.236,-0.640,-0.070,-0.024,0.000,0.000,0.000,0.00,15.0,OK
1787113748.777,ROTATING,0,220.00,21.61,-1.38,-0.23,1500,1300,0.00,4.374,-6.523,88.81,-0.284,-0.412,9.777,-0.024,-0.072,0.588,-9.797,-0.401,-0.229,-0.664,-0.064,-0.012,0.000,0.000,0.000,0.00,15.0,OK
1787113748.828,ROTATING,0,220.00,21.61,-1.38,-0.23,1500,1300,0.00,4.372,-6.523,89.28,-0.284,-0.412,9.777,-0.024,-0.072,0.588,-9.744,-0.448,-0.183,-0.679,-0.062,-0.020,0.000,0.000,0.000,0.00,15.0,OK
1787113748.877,ROTATING,0,211.00,21.61,-1.39,-0.23,1500,1300,0.00,4.369,-6.524,89.65,-0.108,-0.343,9.777,-0.008,-0.055,0.716,-9.947,-0.295,-0.327,-0.704,-0.063,0.025,0.000,0.000,0.000,0.00,15.0,OK
1787113748.927,ROTATING,0,211.00,21.61,-1.39,-0.23,1500,1300,0.00,4.369,-6.524,89.65,-0.108,-0.343,9.777,-0.008,-0.055,0.716,-9.821,-0.294,-0.215,-0.727,-0.059,0.017,0.000,0.000,0.000,0.00,15.0,OK
1787113748.977,ROTATING,0,211.00,21.61,-1.39,-0.23,1500,1300,0.00,4.366,-6.525,89.92,-0.108,-0.343,9.777,-0.008,-0.055,0.716,-9.775,-0.410,-0.224,-0.742,-0.056,0.031,0.000,0.000,0.000,0.00,15.0,OK
1787113749.027,ROTATING,0,211.00,21.61,-1.39,-0.23,1500,1300,0.00,4.364,-6.526,90.00,-0.108,-0.343,9.777,-0.008,-0.055,0.716,-9.840,-0.454,-0.251,-0.762,-0.060,0.036,0.000,0.000,0.000,0.00,15.0,OK
